{"version":27,"hash":{"type":"Buffer","data":"5lzWOIyGePC6b5SiSTwPzVDzxvtbfwDmeiUiT/iv/Cdme+7+W6Kuqq2/h27CtfIJVjK1JgivwlPTAHtvt7hF9cv9ZvgIUkb3SNvZz5mTP4il/tGDdH2yVn1MLaxQWmNvAjB1J/LwW9ahBAjMYobI+B0Osh8XTdNAy+s5B1BqGAY="},"indexValueMap":{"CvWY5WS7ah9f4WvKSdTVR3x9xFUN6wfL8qYWsXZD+7M=":{"valueMac":{"type":"Buffer","data":"pH9x3I44q36aSPsD0AskSWFILsw+12ijKxdB8zBkYyY="}},"FDeFM2L1OV7QcCc1rUWzQKcxMe9AHghydP3TXAZTGBM=":{"valueMac":{"type":"Buffer","data":"fbct6qH+pghno7qklKT9zri7r934jLPDyDQbhFBKmM4="}},"Rm75XIH5Jty7w320zBRNYpybg5cmya/mzZbdyC4DyIE=":{"valueMac":{"type":"Buffer","data":"Y7L3qKs8qb8SM33ziGC7oBrkdLgho1DU/WauA6mBIqM="}},"UUHN9BcqIwvU46IOeaZNQiv9bH+t1VPJZvg6B+uAV8k=":{"valueMac":{"type":"Buffer","data":"xvXxp4F5lOPAje9zpma7fVWo+/gyOrOnkVcVNU/ZEMQ="}},"cnZJ57jU9gTKbVD2TJd2xCyCloyyL6IHk8/jlXXCQBQ=":{"valueMac":{"type":"Buffer","data":"GmU4ufp6DuhtGqk6ss4P3kZJox5T6SCN7XUtGBefqgc="}},"dgMAveoBLM5ArifYit3pWOzd0u3J95OokSLfNjbm/54=":{"valueMac":{"type":"Buffer","data":"6DqRNEa6kR6/SLqd6Z2mBUjxBNIl7eRPyDzy0t0pUGA="}},"mLO03jQ+neAVTDHG1gVwvE2f5WOiDFL+5MEtWnbp0/g=":{"valueMac":{"type":"Buffer","data":"8P9HFHMp+bu118VMSxJ3X7t6fKyJjT/A4eE4E6Q+YIY="}},"m3ySlHtvm+nNnAdmO1Ju6opWCTs8ucKyLjjMCoWf0W0=":{"valueMac":{"type":"Buffer","data":"rWagO+w6GJxsT+28IhQ3PsnuzlTp0SnqODhU2liyyqg="}},"pRp1e4ZKasMMBDSlxxwN4W3FGDZMbfnf8srbDIc4Vrk=":{"valueMac":{"type":"Buffer","data":"kLZ9BqYxYaWJN2So84qi0vrU1Zqp/qmrfOwkVZwCjJg="}},"x8yPI5r/5JYWqgHWIJDjdU6gc2EBFHLViC9NdnKykjo=":{"valueMac":{"type":"Buffer","data":"x/6bn6vACiDrom92fxJP3K6uBhR39xUtT69x4+GOZUQ="}},"69tjJWAcS3EKXicoIhajJc5ZU7IKgkcPFZZAPKxeUtI=":{"valueMac":{"type":"Buffer","data":"koGngpvTC0gy6RRNm7770y1fnzWyaVOITVmvkUE7iT0="}},"fwACgiSPY7NR+pRW/l7RJ/O8ko2WEHjtgXbDB7JloP4=":{"valueMac":{"type":"Buffer","data":"XcfUXifuAYNiJHoC/PXM15ggDkgYuDpI3n5OpF2WVq8="}},"7n1M9EKkh60tnAC98UkeN+tsnvFCAiw57cSDfn+6EKA=":{"valueMac":{"type":"Buffer","data":"YGDf1xIfyVTtXkexSx1Vu73KAt2gGVS64jwvwuHPv2Q="}},"+p8n9kKSgzUZBUIV0zq6PQYqign9tRx0hU26BhKbztU=":{"valueMac":{"type":"Buffer","data":"kPGsQ4sFa08FtdmJI/Lcq05W9hPlmJx2XcakOsUvZA0="}},"mgZKRlAT8QRcZ7XztIpE/eZrAyH6CbN2QLR8cU0evgs=":{"valueMac":{"type":"Buffer","data":"ejpLUqyBok4Nl2mLuUmigztba16R6YGpMwW3zoKsXnw="}},"j6q0IHgTAWbYoBjsFjRe4hYrsuMviX1OMgEuQav2Qc4=":{"valueMac":{"type":"Buffer","data":"ymq3U16zO1j0Egx8sR382/R8oFaJLLHOaT+oBjZ77T8="}},"N572fXzleztchriEvHLX3aJ8ADUn0f+bO0Qx5HyBNNg=":{"valueMac":{"type":"Buffer","data":"s89+m1I4DIihV56A36qFrU5navzC9/lmwe/yo7Pn9qU="}},"3hltSQ46SarsWrV+EkB9jkPcqX7zpX4PJ0oav75Qg3Q=":{"valueMac":{"type":"Buffer","data":"jEEYGBlzQOstxptfabIXhSso3oGQOxMlv1ERCWFN5BI="}},"dy2898LkfCaxAUJskFZXQJlV504jeBYTHkztden9doA=":{"valueMac":{"type":"Buffer","data":"gSLsVRtnjOlJfKiz1u+Q52ldpu7zxQ174arp/ynhwzc="}},"9ZLl8CkiTuE65UL3woLUYRFgJ5giMrgb2DgLzyFepj0=":{"valueMac":{"type":"Buffer","data":"1Uhxse7+5vKSx0ceFmQkrldP81hpImM0XSt2UzyCQBg="}},"1W+T2G/fLuv81M0cjmj1YJRD03I5Rov5E80H01L8IcM=":{"valueMac":{"type":"Buffer","data":"CunxguFlnqaAJxQQ8wkf1ilQcw4pL7AU+mh/X6h6BUI="}},"26uTNeY8EFU1+fT5Rckq7yd58JyHWzCi1PUrPiaKc98=":{"valueMac":{"type":"Buffer","data":"NWdkdnuDDBbnO0BNu1ovN7hGvYQuKD/RGUsdl+7vUaE="}}}}