{"version":429,"hash":{"type":"Buffer","data":"zGZe7qNdl7kvaxiONfmVFz8qGgpcWl59e+ezuYS1AXCnIZelSAPr2VejahvYG9sB320sklb4c3WO6nZ6pxjPEK0/dFHb0LWCr3q9EZ4Wg0y2EOFklj2JkXpPu9ErrDcBakipDLPqdVqxSrgRIrz4UHKAhNvlPmt/b/ShZ/Ft8VQ="},"indexValueMap":{"AItqTr85dUNI/RS72mY3MS03sg8eS6GDtXf1nHXKuFI=":{"valueMac":{"type":"Buffer","data":"YEfskcm0G25vR1sR+b2L0i0UN0/LGBjEug6qf8F1uSM="}},"AkLXhcRoAshjN+c2Ttb2m2UlzqWk9H6WH2IO7eys/xE=":{"valueMac":{"type":"Buffer","data":"wl9934mgllqjN++uiQxVn4PzIwz5PL4kbYZCx1rZiqA="}},"ApH0AWt3impbPIEleCnmaowZqtyRdXF2ihwUIxrh6lk=":{"valueMac":{"type":"Buffer","data":"8/jxXCg5L17Dk/BCE6pH8hWW0bqmtx8SznryCijEND8="}},"Ap2pfEzEuCmcXY4yqVcxTUZW6WFALEulnbXBhhcWa54=":{"valueMac":{"type":"Buffer","data":"iIh60VZh6zgBphUomU3NcMLCY1NqC6YY8+ifqyJJcw4="}},"AtaUsl9IDHMw6dkJ1hxNBdStU+/ftWWaPOWWRa9CsTY=":{"valueMac":{"type":"Buffer","data":"ecFuQ7fgVysSvw0hrecWU/N5Fdl0+yoxZCfFHtti29s="}},"Ayx6qwHMKjIu1ofMPTltdA6wtO6/pHzB1DoQzXXULQ8=":{"valueMac":{"type":"Buffer","data":"I5uL8vKD8lGM46BoE4lBAsOUpQJJUuH0JuutWvqOJ4I="}},"A3hA+x+yZZQVSFqlJ5r/8iKS64ZB9j2LlDfLG51Ow/E=":{"valueMac":{"type":"Buffer","data":"zd1lD931jGdwMkLweB8n/FUv1DaXrGbH40HdEegfPSk="}},"BE8u5XM1Jx+uvQ1iFRS4rKJR/AI04MQvV21AG8qtwHY=":{"valueMac":{"type":"Buffer","data":"3ZAL7848cF4VArd6iWAPnEvB5emTOzy9l3VD3GU2dYc="}},"BZxVjkRb/9O+MsHDkPtL8bpTmkASiDV8cX86u+JRqqI=":{"valueMac":{"type":"Buffer","data":"5AIyrYubrxYkkxx/MBVehP5PbxDRLO4aV2bnHGcl7mo="}},"BjzH1G9d+7w4wUpKG+IZJTW8WEGSlDHkCtDIsZLaIS4=":{"valueMac":{"type":"Buffer","data":"Gz2WnAr60wKhHcHlqWwQfok4RiPZAcOQEcOWecs7Bkw="}},"BkCQDD+7/S6Kl2m/xSkcYI01vomN6jnnZ9XIrGE4bdw=":{"valueMac":{"type":"Buffer","data":"zFgvueC8wC+IMhhx06+QuOOJhwmfJ8aZxL0dKaZrV1o="}},"BnjOUYXzCtN3hUdmYXM7gul+kZGKc2K8mMG0Th5viwY=":{"valueMac":{"type":"Buffer","data":"JaZC8v5kNICf9QTChDXRJMqfIDSBcQqZRHFLkO+vDWM="}},"Bw0aUqKbKA1+maZRMLd3FdFjvmiGKP4ADOWl0NPSu6g=":{"valueMac":{"type":"Buffer","data":"70azKzfx8KgNwz/Kf7evirI0i4jku0paSU+N/6rtKmI="}},"B7cj31kSRpmCVgtBTsQ3qHiNvwWUGxv6a+XpEdP0FU4=":{"valueMac":{"type":"Buffer","data":"m4RrsfNx5zSZ6LiBShMFs8T/rdSIfOaMT9kRWCbQ9kw="}},"COM5Pm1pOq3QnSb51b1PQMNXYNokHKPZOle0Le0GV0A=":{"valueMac":{"type":"Buffer","data":"F4WRJ+PoYKBT14vpAXop4VLWoAaK+uEg3XvKJGL0zQ0="}},"CU1jHz51hYisKv9F4AJ4i+1N7k6pvp9hvjf4l5fQOsQ=":{"valueMac":{"type":"Buffer","data":"8mWrMzWYxnf2aapisLf/mrCTNz+ZLhOm9YQqAOcWRzQ="}},"CcXmbXpKYDLtSr3Ga1jNeYtmCxMRXJzZOXLappOMt9k=":{"valueMac":{"type":"Buffer","data":"gB3O9Hq0gMcTIjsUCBBX595SSzHNgT/Y5inwqximnlQ="}},"CkoUK/0pspr9DMgGKrhj1iu/y4ayVTgCkLGYd8vYORo=":{"valueMac":{"type":"Buffer","data":"+60mNea9jvf0qG5PQZmB1JwAxN0NbnyUtMA4cT/gL9Y="}},"CmdK4x9vbIfOweTGxApJ5bQfx6/j/xLfWTcOFhJ105w=":{"valueMac":{"type":"Buffer","data":"CyaMJkCB8A6Iw3VrtLydVu0v/7x0hNYkNLEfQUWH508="}},"CnLJle0QO25A5X8wuUo1h98ptXeBszuLDJzEAIH1tDo=":{"valueMac":{"type":"Buffer","data":"uuQQ9L6DmhjncTSyoAADcPQANiHu2vufBPORyEYW2pg="}},"CpsZSRov8YLOXoexMQ4d4oavW9j57HzDuapTrpAuWHM=":{"valueMac":{"type":"Buffer","data":"mYeaQG68dureeDcNom+93Ehry9DEcb/lZaiPWu1lUmA="}},"C0IMzm62z5dIDEAOTm3yX1dNnuB2CIz+KYeygAFIKeU=":{"valueMac":{"type":"Buffer","data":"HLL1V8q3846Ek49HySi5B9oifdT3hYTab193zfMaFKQ="}},"C4yN8z3URRhjatqtVnMi+Jlj7ToXzYbpzFAaR1wBw7I=":{"valueMac":{"type":"Buffer","data":"Vauor9H5WKKl6CzmDlYbBTOj5iPJ19ZhLuK/izex3F8="}},"C63E0+V5+gFj5SqU7kEwgZlt5qiEzXfDqK+i/42TJT0=":{"valueMac":{"type":"Buffer","data":"+F8gq1W/LEDOiru0jVl22RVxL9WBEu1LOb8EQ2IBsug="}},"D2AHp9+/U5HOrZ9Zqe8+p2YN/OtdRS1fT5dWJlrEpSg=":{"valueMac":{"type":"Buffer","data":"BodByiiPh56xDQjcTEapWBDdqpMZmCD4cAB7fICIwEg="}},"EDt7jkWZ2nVyFzFfq4jglHAQ7KVtGVwrFTq3KXuehjc=":{"valueMac":{"type":"Buffer","data":"B31U6pK0o3Ps2qkZV0gc0UHjiBVkmUTLAq4BKW21wQE="}},"Eztoung4fgMlpzTKWpupz9IvnPAjpyJh7CMgFbmlmYA=":{"valueMac":{"type":"Buffer","data":"LbQHdLHx0cNLiBbOAPPs3ku+RBt7LKJR80znNehAXck="}},"E54lILvpJluM/3PYY3OEBBsgMduO2YAZNUiePl40wKw=":{"valueMac":{"type":"Buffer","data":"ym6hI8HPq6iXp1HYCmQ9S3XNlrg/VN6jrMBDLxcYyq4="}},"E7fVfu/krEuGRQqSL5Bu+cwBhRZ2lzmU+HOwApv8iII=":{"valueMac":{"type":"Buffer","data":"Ozr4Hy7vPrQ/r/FKc1g2B1aebdFbM3rRZoZ3jGsZqnI="}},"FRy4lzzKKiTjGDkGrq1xr95rtolR8/Jmxsuojpc5Mhc=":{"valueMac":{"type":"Buffer","data":"zmq32FeQgS3L6ZUET9hkqylW7ljA44Zr5x4m2h0SYqg="}},"FWaLEmYEx0gCKM29+k0VCbzU7DZCJwoUYayFpEBqlYE=":{"valueMac":{"type":"Buffer","data":"O2Yh8h5TTV33lyIGNLP+p5b2JwrX7KMaIocotIClMAU="}},"FhktgZuIeq/fHwEZuq8tqe7Uq/3ZWqY1fnAljJV+Pd8=":{"valueMac":{"type":"Buffer","data":"jMxUioiBNskELCHUGCc72RLa67Lvtf04xGxaCi+LwRk="}},"Fhx9X2cD4LIsDgL2kVeztG3PKo134c7hzGpm4h7LbXQ=":{"valueMac":{"type":"Buffer","data":"lepBLh6Ti1KoOmACannj2IjJnE8/CNX3WXr686u56fk="}},"Fh1X226tDLcz+i3Ne6AQhkvJhGzqzuHlv1qgYdZ+71w=":{"valueMac":{"type":"Buffer","data":"A/sb28ugQCMDgunhBv8OhgLmpd9Iqvns1xD683oI5qY="}},"Fistgaz7A9KAvbLIv19vb0e7X39R20YCaAE7fVDbLp8=":{"valueMac":{"type":"Buffer","data":"2XKU0TTFSIr8pkW+rtzlbjdrASRMVH7iuUaCPkBVdDk="}},"FrtggvXMRa8raPNixLIlsHCYKmOuifa6O85xBceetJU=":{"valueMac":{"type":"Buffer","data":"WFSRBIu/6QprFkoyG2jFkXCjQWebjUrz6qWlcfE5qEs="}},"F5pu/GumyqDLdA2S4N0vInHKbUjqDjRz3WOu78vCeeI=":{"valueMac":{"type":"Buffer","data":"XTuv0yHvIlSS2va/E/DOGaGHUn7AeN+nct3DkKiLcWk="}},"GEzEm+CVo65lunX/JVhzYPQc0yaRXccE4F+P5zbo2qY=":{"valueMac":{"type":"Buffer","data":"ao7LVwnDFulEmbcQaY9y3YX35GFiOBS50INLypoKNRg="}},"GJ6AIqX6Hc/yu6/wBlq/sswwFYqXuFb2M3QBdgdzUAc=":{"valueMac":{"type":"Buffer","data":"A3SSKzwEqAbFJ88/pq4dLpjZgKv2qke3Xr0L/6Pfonk="}},"GKBf9ZysmflNv8GChXc3IitcBAOOzqTD1UWJgGpCymM=":{"valueMac":{"type":"Buffer","data":"m0oB/vYQlvJqyidV+Z6cOoNI57SbLavBLZ//bMm93xw="}},"GL/n9JYkaz+FbVqtXvsOqkBNZOd3Krs9r7XRPvmmBuo=":{"valueMac":{"type":"Buffer","data":"mCFoq261fjvSS0EdFReNiYGGqvM/2/Zgphd/u0pfY24="}},"GUXwuhDe/465UzTIQ5XqKN2n8jOVZg+6TIq1vFjAET0=":{"valueMac":{"type":"Buffer","data":"4L1yZ+8kU3T/Bk9bcvio1VJ7tF2M1ELg2MQ2BIOtK/A="}},"GWE3J6AK+m8HBdolcwQ4np/vIu1Lkdm17VyMgG+BPhk=":{"valueMac":{"type":"Buffer","data":"wDQuNs5y406ZDBNdHeoOd1xVP33xMKRY6i9flfr6K18="}},"GjFLmfj5/VuB55i5O4B69L+11INGH8Hca+6QDRNQkWA=":{"valueMac":{"type":"Buffer","data":"KELMIwQfAc3kotSflv/LuA6off1NAH7v15OfmbsRoPI="}},"Gn7m0iA7/wVfv51iHdZQb2DtMSQ2u3uImu1jiNb3Yjo=":{"valueMac":{"type":"Buffer","data":"qS/afy7/DlpSAhXGgr381ZqKNYCC0F7z32oPjo8AAfo="}},"GrVHWKKXOkDIaXIJNxQlBaSDZl8qxoPRn015aDIivMQ=":{"valueMac":{"type":"Buffer","data":"ZEDzfLneE3FZ23BZQwLffmuVu+xuwEcbyk32A3KESY0="}},"G06SieY6PfTd0ZaTD2zQ20rb6LnAmpEZATU9zP3ReYk=":{"valueMac":{"type":"Buffer","data":"rzo4Wgk6bRh5PaJe5eZZEnER+3/V2Tj6xhuYsfouXyo="}},"G13L5MQAByXiiaOisKzSW7Rsz3RPCEQ1L4Xd0aQPXBo=":{"valueMac":{"type":"Buffer","data":"F1iGSsEhiBN2qggNDpLumXnt5TAP2QfkG1RGxkwsyDM="}},"HMjzqxtUZ0qgEwsG8w8kzbJp7CalYzJAuxgbyIIdFtM=":{"valueMac":{"type":"Buffer","data":"y09UkKZ++CmiSgJIBXCc62BhQ165GPRXpc0DfonWkqs="}},"HvxtDCrxFNhOhmU+8H66EGDwwjwhwb+ToHEaZUrIjfc=":{"valueMac":{"type":"Buffer","data":"h22WCpedT8o1DvS91+362zOj9D1eAGpg1JX1OBlXq30="}},"H7sPKe28C7OcSVEXs0ND5HWSl/Yyd0LxskVRRkqn0Wc=":{"valueMac":{"type":"Buffer","data":"aAVVtQas2jHfNqjeohURZ/kmyUdzT7oFMGj/KjKyHlU="}},"ICiXk52ikDHh5ML1lAZ6nw4Fnsi8HzjQHIZGcQnKnCI=":{"valueMac":{"type":"Buffer","data":"CoC5/UrgFdiDWwU7W96kvdMPoU8pOWWLBRRWCWV34Bo="}},"IQPHPzKR3f0G9XehObWa4HaqaiKIWznbfhCaxubPVsg=":{"valueMac":{"type":"Buffer","data":"SkAG8Q1uXqpwQ639RPEHQhDP0tEplmKNUuiFrYqF3BY="}},"IpvsV7zMHTxDxelaCxL23TFFLEdvGBdRKWXqZ53zl5k=":{"valueMac":{"type":"Buffer","data":"of7JmtnEOIblA+tZoy7vx2uDLnpyoSDBUb2yW1sjAK0="}},"ItyxkGG4EZvFS8l9u9fU2CvPTKXFrJyXUCvAm6NT6Do=":{"valueMac":{"type":"Buffer","data":"O0192GExB4DzpcWW9hMxThDvGmQhbXfqdy8lzCLHPkY="}},"Ivsqt0rbx3CQUHSHWzzNQL4soN5r3Oj0/n1tyW4XGJY=":{"valueMac":{"type":"Buffer","data":"uf6ICrJVd8Fg0Vey25l/WnDieWPyVF4UrlgT8DAvgWw="}},"I8ESPxgVGEOgef0tw/yWct8XzX6pm2HQTn2mqeRKPOc=":{"valueMac":{"type":"Buffer","data":"gB8m55n3M+e42ShHO7Y6kCYFDtOUMv7jwBQSPfvIWek="}},"I+D0cYdBVhNCgCpKigCmGmyLEesPp4Lu4O5RfzDe8F4=":{"valueMac":{"type":"Buffer","data":"hOKzwY8DnrPGP5s1A2ABpTULcMO2zQgoVXOenDZn9BI="}},"JA+u4KOCfPoN/k/MiXYwz+aAAhoeOCvj0ywLOkUuuyU=":{"valueMac":{"type":"Buffer","data":"16p7PYwoHCEXs/fdQanj2e2zCAz4Zm/vwHJ+R0V7Mdo="}},"JL9okxho7NCBSp7fNRq2DxkFhhQpap4VPiXTY7KH1Gw=":{"valueMac":{"type":"Buffer","data":"beNEaBi09hbwyN44UmP9A5DxFLuXD/RrNODiwELwoRM="}},"JSIWrHSpX3JmOMsBcDux2UVejHvN65+QKbE1+9aVhbI=":{"valueMac":{"type":"Buffer","data":"mj11w+iW9epSunT//JZR4zGTJBRv7lkLXKDKGjiupCM="}},"JX2BeH21oUTKaBxtT/fAiKZMuVir8s+vWPiTZaxSDCk=":{"valueMac":{"type":"Buffer","data":"CGWI1FvgqE0P1idbL9STA0ti0Q0EI+3HiamONVFcfYE="}},"JYKHtASwu5Lf6J/2NTfv4GxawQh1xqUgoQOOoJck97I=":{"valueMac":{"type":"Buffer","data":"Ox7LN1hCxHap8UO9Sad/9YB+A2dMQAEuTxOo5wlRdZs="}},"Jbf2M4hP+9Bee7hVpYhMLBOwEFoEuCs8jxpa/klb2og=":{"valueMac":{"type":"Buffer","data":"mMsevtLd4vcUAADzK2XCEEeqZlIsV7wvwjCGv0IH+7s="}},"J0u8IUJFtQEWigzN+laSPpfSbNZhzANFP8YTIrhUe3Y=":{"valueMac":{"type":"Buffer","data":"D7HMXzmUYma3hB6hGfvY5x7s2rRTiaC1ujgWz1Co0Eg="}},"KAqJkjgQKWaz3qK9WMRzw8md3oogMPouJl+ctwG7dnA=":{"valueMac":{"type":"Buffer","data":"6h1U3pDPI1vGvIVOTpY+vwUJPofqzOwK3vXKkmaf2Kk="}},"KZT0LXlF0WxxZ9+ecBpivZY1v2LLt7ASu7AaWXhQtsY=":{"valueMac":{"type":"Buffer","data":"E665QM6m/gsKtw1eTXBEyneglPLSSIZ/QXcbURzZMqY="}},"KoAFUv0kJBpoGbiAteljyDTC6x/D4C1ZYRvc98et1ng=":{"valueMac":{"type":"Buffer","data":"1PnGAjHKiZw7V3fONW5x+y1xuZhPqp5mDjjppKq2Yks="}},"K50mZ2Htet4uccgP01uloPVzYHG7xmTB5c06X9l7gkQ=":{"valueMac":{"type":"Buffer","data":"iY4a28NoD8VqKWR3HSkVMYY/7Nt8JFv+pNj2AwtHXDo="}},"K+qwqX2htWuuhE/DLiJ0r9ZIkUEquppiffNobWqHHYw=":{"valueMac":{"type":"Buffer","data":"sLQ9V2XqphP4URNVW5ZeNHxXZ+RK/rauo0/ghCSXTP0="}},"LASL7lWBj98AELWfB+jpxAQ6Vq2FgSucwL+XIoSo1UY=":{"valueMac":{"type":"Buffer","data":"JcOC5f7e9vCG3XfG989tzzcGEznBwLbH2/WEEthN9w0="}},"LJKxQbhGe87n7i/PGDRS+vyPEd3VupgELX6hlJGUsYk=":{"valueMac":{"type":"Buffer","data":"SiBpHnimBnNLTtgSK7fk51xCE9vvMpoGOB1KaPOfYhA="}},"LPn0LBSS7wJLtaWgBRBb/vYF38prNgj9Mrqof/pZWIk=":{"valueMac":{"type":"Buffer","data":"et+7i0QQ8daQMzwJ1EZ0bQ3skqga7AjSO8n83OQuUrw="}},"LZGPVsrrEWOme/XKbGthwl1IT4LiA4hkeEFgDVBwMSg=":{"valueMac":{"type":"Buffer","data":"ciDRaEw7R/1HlbeuCY7mBR3vRFQ9NaOdMBJbs+Rte9Q="}},"LcwBfNWKCHd5PVSi7AGflqeVHHmiBBzV/mo6AfFaIxc=":{"valueMac":{"type":"Buffer","data":"SskwYmCaj5yo5vwT+NQY05KeE+nU5WnbsqJXHTNcNdA="}},"LeorxnU8BeqPzVygm1roiXCbH6u1Re0ehDe3A4+k8Jc=":{"valueMac":{"type":"Buffer","data":"WvwRz1eDimALiQ+bfXNKmRgXpnNTShe25/Occ7a/8nk="}},"LyhhBvbjbbvqm+nE5FRWyH9VdkcCWjQbqWRI0dxde2g=":{"valueMac":{"type":"Buffer","data":"ot9t7TXIPz1qu6iMMUJo/bvDTUcDGftbE0+rxp4xQfE="}},"MFbH6gUGITvYKrqMhl/u3R8EJA0EzmcXbFgoZq4pPWU=":{"valueMac":{"type":"Buffer","data":"ra+5Cq9SJebfsJL0F2K9jjxVKOMORMicYNBcW9RSWrI="}},"MVZe23cnsSp0bt8T7Cqy+EmJt/w2voBhlVyl5fpobX4=":{"valueMac":{"type":"Buffer","data":"O3R9xHedQmEjxXfeVGqHuXvkv6YM1IZHESqhAGxtKw0="}},"MVkkvZ5YcRc1Q2qrWrFmcL7ydj5Tg6VemrB/NsDVoSI=":{"valueMac":{"type":"Buffer","data":"y1V2UgGxeSkS8wXNeeXjtPmuvgDl0MvqFkaWunhPevc="}},"Mb19pBcjD56kYq7wdvVP6LX83lPiT4mCoC/7LrXO37A=":{"valueMac":{"type":"Buffer","data":"oRfhJZWqQ1j+6e6bKya77guVgiclQfp4/Z1IP3CwoKY="}},"Ms7gnEydlCaHEYRMXDSrV6tWeGSyWlqraNWurG8DaFY=":{"valueMac":{"type":"Buffer","data":"2ENz+InVITI3OvnzFNT6vubWF/kuGisbJGyfHRkG2mE="}},"Mt6YHE2mdSZtq1SkudJQd0FNFfq+Zv2dLhtk5Lu51pk=":{"valueMac":{"type":"Buffer","data":"dx0A3oowjOo2Y24M/DY2cK6jaYyjBhBpFo2ZnJjTaZo="}},"Ni8w82sdX28vHahVqK1lRyhwaOsiwmqUY62tYRw+kuo=":{"valueMac":{"type":"Buffer","data":"0tasNObHTxJjzY/JtwXVbS/7pdcgnSIqKh3C2D0te8I="}},"NtCph8bw0VZnSWqASv7ErUoPtQow6OwtnbMRzLvfzTM=":{"valueMac":{"type":"Buffer","data":"vsk5ueX7MYYmmr5GrrOUY21+MG4zPD9BuDIUiOmD1m4="}},"N3bS5Hpm1xQctD3156+cu4b0762LoUUFLmhHQa5HaYg=":{"valueMac":{"type":"Buffer","data":"CGe2PO7mGfJ9pvHGs1zgLuBSpgefeSCy9+wClC8pS6o="}},"OLFalVyLkm1qaL4R7M6PHw/sIrvOQaLSf78JG0jzybU=":{"valueMac":{"type":"Buffer","data":"s239lxFmn7F4l/wmsF5ucyo6cAv/BpCoQANdTt+Yj0Y="}},"OYu7PAaKg7yZKF14/7i4DzWhIKzhkTp1EBAmb6lPrIg=":{"valueMac":{"type":"Buffer","data":"gzEZ16SzuRoTooZQJUHpAyeIe1NByiREsvk1KEv4X0U="}},"Ox/HFvqNslKsqszMS4ch2xsMnF/BnWbOiSX2FLolcIo=":{"valueMac":{"type":"Buffer","data":"qF5drqgTYKqatSRxTJM5LRQdfmW65P4eK0CFBR3izug="}},"PATaONis+6FwHZqQsFD63NdqcxfIUF61qgygjAvZZZA=":{"valueMac":{"type":"Buffer","data":"ACb/4/v0BR8q0C9zRgEKGIXxppj/nhzR2HSiSzR0eHI="}},"PBPPODmE5dwCtJVXUzL3VYPCtf58/Z3FhIbhq4PbCV4=":{"valueMac":{"type":"Buffer","data":"0XnOZwjOgkqrDCL9Rn8ayTQHtjoowZ/Fzi7E1adRMOs="}},"PEeIbjMdV5gdWbk2V5gfBKeYSVW3uuw9uuqYbwikPV0=":{"valueMac":{"type":"Buffer","data":"+pvUioBHt8kq671u3k44ezvq9faDcmXypqpbYGmWNso="}},"PdcC0ZDsTZPy6u2p/SgeYfSpo/+2SfV3Xfx5oPC4j6w=":{"valueMac":{"type":"Buffer","data":"PT+j6EsX2fHa5CbKbVEeXHdcGMum7eHmonyEdXJJ+zc="}},"Pfzxvx6RSHFS1RxinqQL91XMc9HVuVprbNM+3iplOmY=":{"valueMac":{"type":"Buffer","data":"G2iGGsC8srkbXKvCgGeGOIFPgezob/f8YzBlxllfEXk="}},"PpKJ6olTIOTr0ABYgVeOlql9DwlsqC17pOHSF2UPIRk=":{"valueMac":{"type":"Buffer","data":"mOE2EKN2DyxPf29W3RAhqgroI2yCsC5AqcDMb7R/iCc="}},"PtNhrfsjklPqO+nVWntx5pVvC/ENtgsao5OyO0n1aGA=":{"valueMac":{"type":"Buffer","data":"IarHw0CGnOcsEEWNN9jrtU13VjR8UIyYJkRvb4NHFTQ="}},"PvnNl4Lh2WNpfaTTDnjkkNM4Wd7WcwcCnZ5p9uEooBY=":{"valueMac":{"type":"Buffer","data":"vp31GoSRLM+r1bdzHkYW+f6KqPON6oxRpMsZ+sItjvA="}},"P9iD0txikrJp6QvYOSNMtxQm33kYASJdENVQPYaRkQw=":{"valueMac":{"type":"Buffer","data":"5HvFTVJT7gbqlbpVv7n1FCI2iHe8KCAcg2Uo9p7UsCQ="}},"QBqeS556+5nDwUJ6fPPU5QJpYmTUctSXwEecxz6bRPY=":{"valueMac":{"type":"Buffer","data":"9OksZcYJo1LdzQVZDY/tsHB+ZNFZ0n9H8M8JMPDujdY="}},"QrTeglwYgw4qx2YCzQOEm5orexInEOmxvacQROZ6NdA=":{"valueMac":{"type":"Buffer","data":"NycG8J9+1CrgglguQwU64P9ZkH2Lh4upcM4Yi/WOV1I="}},"RJZ5UVWGErfi6l1BzzxpGo/9sOEHrF6tqLGz5P1PmVc=":{"valueMac":{"type":"Buffer","data":"EPLX9rMU8E03Ep0Iay7DeJwutV2oOhdr1YZrA7AuMu8="}},"RQvwEk0Sm47YD2eLG7FWMRCNIuNUDn6KRBWdQihp9gI=":{"valueMac":{"type":"Buffer","data":"msDrBwaaKngCKJRoNZ9ja36vYBPvZzKgcdBP1kYwsIc="}},"SCjM1YTqPp/uewCEeElZycVBiTXDZT+RmvU853YKwSE=":{"valueMac":{"type":"Buffer","data":"oR5E9erEQ5+yULdHSbyuxfgT/IsFdSwCqCCHz6CuipY="}},"SQklLc0LoQf0K2s68wvnkffr+wjfJP4xwgOL9SGFdMU=":{"valueMac":{"type":"Buffer","data":"n0MTOvsMCfN5/Xzyn0w9jSGLbcZ/tnvnhJpkO9tBSRo="}},"SXR+2mIf+gvB8YwOnbqAtPHkaTn9T/iafQXtFd2ohb0=":{"valueMac":{"type":"Buffer","data":"63C7ba3xSiu8qVtRWbEpxgjW4S0Oc4KXWNtOz+OlYmo="}},"SgKKVvL7i6hpw3mlZxVwpXFNpo1CPAfYwqevLnH1bC8=":{"valueMac":{"type":"Buffer","data":"6UIj45LuTyk2NGOnFy2FpFFN9jE+aDUNkfX3as8wuhM="}},"Snj4q078bwv+TcanZI11wdvWYIlZQLz9ywWA/yYJM+w=":{"valueMac":{"type":"Buffer","data":"Lwy2zljyZkM2udBFQyaAhvmdAbi/hOg42DFojciTT8M="}},"SobrK37eeWRCCoZh0hdru101wO+AFbb36XGZc8/nxvg=":{"valueMac":{"type":"Buffer","data":"ooWtqXMT0U2dpiEcUKgfu+O240oTDTx5L5EGYbXfg5o="}},"SpGwKcOXidSM6w78akPA5geJoVmVaWzolfZAUYi1s9w=":{"valueMac":{"type":"Buffer","data":"MDQd0XI3fkcpx7lgq3ZRlUutvcwMV7fY2cvS5urLMrY="}},"S1JcdvyE9p0dB4xJ/MMpqKryku5zyFwtzyQRpeR0Y9s=":{"valueMac":{"type":"Buffer","data":"P6yhnvKjDy6clgwKczyx3uYxYcgAuM0rLhGcFcRKkrU="}},"S44qdHIOp7nO8QnGL89a7R/tRTU5V1QagSk96g2qXBU=":{"valueMac":{"type":"Buffer","data":"rzViS6EGQN7CmFHY8OnmvUUmBZssfqy2h/5GoaG2K5I="}},"S9CMIZrprBVBMh6Z8czyEcNqNSxm0x1H4uz4BDQqcaI=":{"valueMac":{"type":"Buffer","data":"iLvF3iGDIbM4wtlKdeViPWFNiAanqmSLWJSgQeaq0y0="}},"TNrve7nyimk/VupCjr6mG5iqA1eL38GW+BQqo8Hl+wo=":{"valueMac":{"type":"Buffer","data":"bTK8AHv4ruUzSqgmfoW/OrX3k3SA/wArT9IhzaSJ5XI="}},"TOVhK7d5i1nC+L/5usVRBckwcNH330lcclUky2tpvB0=":{"valueMac":{"type":"Buffer","data":"jEbV1A9T8tiQnkz9tCmXvXHsU95stTQt6C9+I1uoBDY="}},"TX6yMHjfC04ModW2zuroyuIWdtZ+p+BYR7qYUsbkaec=":{"valueMac":{"type":"Buffer","data":"DQIH3rPtwmrYf6m3VeN3aEVHgl0CCvC32jl8ZFllp+0="}},"TclTt1UJl301TZ2P+AygupFylNN29WMmJCem9gyTI5o=":{"valueMac":{"type":"Buffer","data":"/OxtZh5z4sH0/WmoB8HB9rG4io01Yyjg0faHO3mivTM="}},"TdwNWUnvxWPbaJwsIZmISjFcmCrIBChihS0oYoJYFKo=":{"valueMac":{"type":"Buffer","data":"FWtNKFq5hTNxN7YXbXVK8jjF6zotLFhzqsM5jZ/rGgo="}},"TwXrJaIZ+1wJRN2yFpr67xL9NwOg1HKlsgrcF8XFdnU=":{"valueMac":{"type":"Buffer","data":"bHRlm+/weu66JhzaaW+1B2BjD5bkklYCI79sFRmHBMQ="}},"T6bZ2bBUVBT7NMM6NzGAjQzFdcE+GE0mtera5RoHDjI=":{"valueMac":{"type":"Buffer","data":"2bJADeAaHKJOx7k377ZA+ls+tEh9Xg/WFzku2hgJxhE="}},"UONrqraKx0rn46G0eCRkwGBfgkRo36F+40FPazr5wpc=":{"valueMac":{"type":"Buffer","data":"0oPcj2avwtOWV7KDKyKAMOrxz74kha3TjcbQG2lnWSA="}},"UOZtIiOSNU3VlQg1QkSBoZRtGscKWnhyav0pLS/3tas=":{"valueMac":{"type":"Buffer","data":"P7OqpJpmM1z4QI9N7oFH+ElS/s6qSXoKKn9ogZpwj8g="}},"VPXphU93pJWYM7BRIHYp0ihx6a1nXlC4sKucSf7J1+0=":{"valueMac":{"type":"Buffer","data":"6IBvvgenD7mXIF2h+ltplgnFwq8yu3r/80O/J6us6D8="}},"VVS3PUZQ6HRC79IguGe5S2vRAlO0BM2jwtYyNVmeV/I=":{"valueMac":{"type":"Buffer","data":"Lq8QsyXkxzu5U0xCsR3rfeVoX8mpmXuwWjY4JxvMlqc="}},"VhfXjGZtxFkMHe8MmgmbQamgjv3Ltwllo/2oziCIrWU=":{"valueMac":{"type":"Buffer","data":"P4d+c6p95Cnm+lsQA436UXHNGf+rBNq80RmOEw655XI="}},"Vw7b84I/43khSQLQidQOPwXrAMqj2RcaJE+Gu9Xz9XI=":{"valueMac":{"type":"Buffer","data":"7aYKOuwa55HMIaWSGUhyv+HcRMvmSO5s/tsByY3a9lY="}},"V+ZjpqJrha1aCgTgeNlBNkvvz4n04kRRpXRLm21JJCk=":{"valueMac":{"type":"Buffer","data":"SY5yu79xozhL9MXz98OuGR0RoHRoOKivElNV9SPIiu8="}},"WG2GjOMA5ybrV6hfqKGD3zE+KuuB9w0rflnoIeR7XJI=":{"valueMac":{"type":"Buffer","data":"+VTI6IjCJIcnULh1UYkz1ov66hBH2pHFmFJB3eP7FCM="}},"WNmOLWCjlnPKPvyp/H9LTHYGI7WUdkiqVD8MeOfa5S4=":{"valueMac":{"type":"Buffer","data":"vIOteF8kt2gHaxga1e789w6krzzS9g5t3EigaU/f6iA="}},"WPARWjjXgxS9/RTdqiltcH/DN01U0THGR7//KZyzKPw=":{"valueMac":{"type":"Buffer","data":"ull4kPYthnRDkOfptOegT66Q/BopXXmQ29GnDtqriIU="}},"WTKWrgCRF6esxRc9Ofk1xN6VcR2j7YomKmnCBnhJk00=":{"valueMac":{"type":"Buffer","data":"8XAh5bL65iwRdKMioPgSv8lV8PYKPQOsWqGrtIDF6OY="}},"WZWcKE8WBssUJvkgd56Sm9AbfCwkySam6LBUUXJfoEE=":{"valueMac":{"type":"Buffer","data":"GE46OGeNB3Elg4nred9Toi9R/x5/dQu5C77IMHb4z3E="}},"WZbWlKW6QuK09oJbJjpBOSCffxa6qD1L3djEV/eKzaE=":{"valueMac":{"type":"Buffer","data":"/Nn2Vi2pY6PYXSxrB84q//7BzOxstNZ+Egiepif67vE="}},"Wicy5c1ov0u6WUtLPxiPIbnCVfzeaj/pN2pdfw40RzE=":{"valueMac":{"type":"Buffer","data":"CGnaJdGZQopRVr162vDLSLhLeTLovnVk5OEIEQu3v2c="}},"WjlJaIfLKzCpz1/H2O8KoFQA9GivLt4nUIx6EcSSByQ=":{"valueMac":{"type":"Buffer","data":"YuKnLRIcip0PtTy/NRNNvJamoeRZ0/gX9we5z1yRGuo="}},"WwcNquzWJjjd9UfkGEJ+tCIF1XV7uXKjNyH1SKEUunY=":{"valueMac":{"type":"Buffer","data":"YHmBB/pH4pLXpSuDsoiLeo/mRLfXeHR9ffJ+z/ouj9s="}},"XEesBxMz5VAm8FFH+4JBv7Q+m74L9kTwSHannxGDlGg=":{"valueMac":{"type":"Buffer","data":"8CmWQKUTqCQiOyk5qAiiEEbTad2UUO3kVVcKGET5jHQ="}},"XHLqN36w6WZx+bQwgqiFNOe5rYCL74WUlAM45yUSDjo=":{"valueMac":{"type":"Buffer","data":"YT+xAh5CBLF6pP2g82Pok2Fzv5Ppw9W9WoQscAFHRh8="}},"XI1xP8anY76UYC65rdfeRK/OeCDpGCCnUnn6o/IFo0U=":{"valueMac":{"type":"Buffer","data":"zKTUDkXSBvN4Glxm/15cLxY8sRT9x+bU6BLkVp6J2BU="}},"XYz7xHBluFKg2WpmctN/ndOfL1KbZuLVzIa95EQOPmQ=":{"valueMac":{"type":"Buffer","data":"gSJzEiv5TbZeeqajSjvEMubFnxzW8lI1nAOtVTb0Yw8="}},"Xae9hxWF5ArZgDEWJsA92e7WLg0012zodbZ0lj5SIYU=":{"valueMac":{"type":"Buffer","data":"neVBH6jvCcMP45JyHAMIczhiN+R0GTs29auJDDAkR0o="}},"X1871ZSpU0Pe/2EdHCygIrK1HRTOoiBLMB2xwmsTwHQ=":{"valueMac":{"type":"Buffer","data":"BTMP81BPluINrE03fbcfCfZQ+TuTjeqffQzZb03uzOM="}},"YKQbIP9qGbzM0A8hVgf1dBaTC1CCFbVNxoW5I8x/8EA=":{"valueMac":{"type":"Buffer","data":"mM02ARK7yHkyBu0sppZChKxfuJ69roxEgyHUiQo+1qA="}},"YREYkwJD5HQI3pDCbBLLV/893qAE9jOqDMC+2OgCcn4=":{"valueMac":{"type":"Buffer","data":"0QPnFNQQWH51xpR7GzqNv0aga0Yzjj1V8LuyQ1G3PRs="}},"YUqEYX8dEdQkiQV81Tu/v4WBJ/oyZNjhcR486UCks8o=":{"valueMac":{"type":"Buffer","data":"ls7Ycq9lzbmbjneOkD4b/Rdt8C/ZeryE6RBS9G/RL6Y="}},"YXoBP6CQHPjR1AaA9cs5ssKTF5Iqg86smWAUewqqmpY=":{"valueMac":{"type":"Buffer","data":"OyS+2H0Z6nZBeXO2Ri1ULuPZSbp1QWuId37DUVDn8QQ="}},"YZX2ski+sRAzjpt7LBexkCthGDl6WF6hGZIGVOpFJIw=":{"valueMac":{"type":"Buffer","data":"+1f8qHQppGAPYy0iksDtfKuEPrrlla6cI0brLoJmFAQ="}},"YZm1i2illwtJ8zTcdTzoZ5ZKe6ee929CTUbMe6KUhWI=":{"valueMac":{"type":"Buffer","data":"o/5XmDE64bDMZe7B5kHHYl0G5XsAQ29Ol9ic9lAYXqk="}},"YcuMwBDg8NyrMLalKIgxfWUhFZ4rNeNHls0BpPFxGV8=":{"valueMac":{"type":"Buffer","data":"ZbfJbYG7PopPG0YQRUIgI6gpHuVt2BeqspeurHWcfAM="}},"Ygi8JWLA7NlqpWfC+fJ7SoHdAZB9CCbutuSPZ48eUPY=":{"valueMac":{"type":"Buffer","data":"qIWxvJcR15AdXRWjOZDBTSFCBw5VwTsUpyso346mvws="}},"YkJmDlzyBL32Xvt6kQp5o6+bW4zpcOjYti4IyrS2Lt0=":{"valueMac":{"type":"Buffer","data":"iKZ1JhqWNuaAjHw4AQoIIZJSP8tAn0/r1WXajoOUbAE="}},"Ys8p1JuTvH/an9wT4RkqOPMzMAZgiH7O6tLAgNT7F8k=":{"valueMac":{"type":"Buffer","data":"wV2+AJI6dsYCbuEF6KFlEh0tDdJGEkNxB6Z4cAdgjmw="}},"ZBdHg3nAOGUcxkOGzyAwFqx8sPNtOpTgbKi5PX6j5Yw=":{"valueMac":{"type":"Buffer","data":"XM+Ic9ot2LQoRAYJoKBYKi3IsNzoMRG+j/k8W+BHPJA="}},"ZMZnmya7jGXOM6JJUKAFu4RApulqmFK3tVulIHA/Kkg=":{"valueMac":{"type":"Buffer","data":"CDSbFI0a2KPojDo9f5lYyk73zaX8UfgulkC1VRKj0Y8="}},"ZR1s4LMylGmhm2HNkwe5o7oRebhMk/W3WKLAaZDnNFs=":{"valueMac":{"type":"Buffer","data":"BYUDd1IbJuM/i/kerPxWsLfJzzrCaKzUldo7H4Knt6o="}},"ZR5VBOKIN3GzWWe+NlpinDrkRFJ0k22ve29XBMtBJIw=":{"valueMac":{"type":"Buffer","data":"gWSxIu1JOuihiLEau0xIF9/DVggH7aOX8ddpgLDxkuQ="}},"aEwMod2+fmxsPoOHDtCotGk0agRQ4QSAa0cQyhspSNc=":{"valueMac":{"type":"Buffer","data":"MHohkZ4d8tac+HpcUpXCQYCaWQTsKvxlhV+Pu8Dwxjk="}},"aEyBjs/E3gVOprEt6x5gIEkf46kuTFLFGcE0wKx/9co=":{"valueMac":{"type":"Buffer","data":"j99bVtX/iSmh6Cc3g4v4JEyaOkbM919DNNsI0KzexvE="}},"aNZGtYzDisuP5DkTwGFgPbZqG5H31pW3YQSQz+GLjek=":{"valueMac":{"type":"Buffer","data":"Sa4LKS3B1ZM9KWf63/9kRk/QDO5OlH3fUOniGUbVNTA="}},"aQ8HB7inkJluXZLieGm3nj9M42OhQ90gQ40hREUUVnA=":{"valueMac":{"type":"Buffer","data":"Z+8BkHjXHaNRxCMs/v87r5ZVFNh/zAD1xI8HWr4vNzo="}},"aXoA89gYokmI+kZiG/qwFiJQQLC6URMjhtsZwnXU9kk=":{"valueMac":{"type":"Buffer","data":"tMclNwMNOyum/aFyiVmwXjZYB06Qg8MvUUfQ9l3jJXg="}},"aYAJORUDqdeQG/qeSQyAgIjEpYOk8F6NbC3ERypc1k0=":{"valueMac":{"type":"Buffer","data":"k7D4028X4PknELgjKvSIq9bF2pvkyCCbMpTALytJ+dI="}},"adKcWTBFxrsGBQ9qFwrBTyIzeIt1DnBMCTh9uB8MF8g=":{"valueMac":{"type":"Buffer","data":"qvAKZ4wSyoGo7TQ06OuQag8Li2gvMKhLV44G9UeLFFg="}},"aeYtGU+FLMtet7vlG9p5tuZrPjbtXXiR2UAKpIM1dwQ=":{"valueMac":{"type":"Buffer","data":"7NemEavgPc9JySRPAD8UC/cbGK2BI75GnRsJurC9zvU="}},"arIAhJn0FT0oHE1krN9nEspo2B10MGi4OfjGWmJjf28=":{"valueMac":{"type":"Buffer","data":"cITtYvoyb/TwEBA+Ft7RyntixV8lwQ21Psvoht5aqPk="}},"az72yM0ibpR9X1CP1i/MGXVzSUzJ2VWy7vfPtcsF574=":{"valueMac":{"type":"Buffer","data":"afM1W6KEXUpVCsw83wGZZp5788O+efGSz1a2Kt3i8Cs="}},"a5fo1FLy5oGE/fhVM+nbgWa1j/YoSe3dUSgYJIbkVHY=":{"valueMac":{"type":"Buffer","data":"b7YOsyeLLS31WkZQWJ8e1JTznqXq7cEXt5dOuFGziIo="}},"a6jozibXYDYQhhJzw7LniWdPghPbwwpeUFSGdQTPTGM=":{"valueMac":{"type":"Buffer","data":"anwUSdEGVJXH7/Fp58vgwwEJyw7v62yE7nDN+3LbWV0="}},"bG0NXUntZ13oEFvONHKeqqltjJXIhHrJdnF0I03ELoM=":{"valueMac":{"type":"Buffer","data":"uGq97LdVAa2TK8c5/trKydR1kA/6fsdLBKeBXmmPCws="}},"bSXG2r2xGa1luacelimquw0n3hiobgS8sbkJdBkLMa4=":{"valueMac":{"type":"Buffer","data":"R+EuKVAaRLilxWAuxN6irSrK2uq9iLOxZwfGBySCfi4="}},"bVewW0yPK38j6XQuZghcurCXbZdtnxz7tMPdvshXJzM=":{"valueMac":{"type":"Buffer","data":"ChvHDgbR2/2aBI5mz40Uk9BCzvXa2IQLZRbv8/Z1Qk0="}},"bdX18U7gg9GNvs8edPoXbvNhx1od6N6GQnEhoepjetQ=":{"valueMac":{"type":"Buffer","data":"2FGm4x8vZvlRT4gNjM4dSfumoKuv1EXZRyjsOQldAJA="}},"bmz8PCwvB86B7uVXBJEzHN2tGBRDkJoyDP4hqi7Ba8I=":{"valueMac":{"type":"Buffer","data":"v7lMThmanEgeP4XTB9/mWA79HVhafPU+ZcSq2F0vXQU="}},"buJCwJgUnUP7DoiWKAdjLmX0SGAoY/MZDLL/MrVUUqM=":{"valueMac":{"type":"Buffer","data":"7zt5p4w7diwEIpPWuZq64pOd0fM64Nv9nk1ZGRBwvBI="}},"bxDaASQPHvRlUpFpiUU+5DWQ8Jz0JItynuwcjXVzwy8=":{"valueMac":{"type":"Buffer","data":"zHogSJcpq/0z5MF+oTYOKaWplKQWEkTYVkteXHTvEUo="}},"b2v6ZvCdZX1wg5XVdMsLk80RPpzlqxBkcIkfP7kjOPA=":{"valueMac":{"type":"Buffer","data":"Y4HN6fa7ktG3V3tVk3OeBcQpFqyYzzjyI+XnVvMtqAE="}},"b4Ku1UwjyAwJzP3A+pzdw2osCIuVrGsA1neoWM9JAZs=":{"valueMac":{"type":"Buffer","data":"4T+nMm3IQBNeHk3vG7ClZvBB9tqqYHA7PXZ6St7pffE="}},"cDmyHLt9Lc3GieUFhpYV15fbn4F9ELNaLVk/3GL4kNE=":{"valueMac":{"type":"Buffer","data":"J2Zx+HU5c3tAEoRL8ctDw4i99rwT/2IjyjXVus6o/Ug="}},"ccNAv4yrTyUUL1fxVTYrvQdaDOuPL0X/bCGjTgPCOf0=":{"valueMac":{"type":"Buffer","data":"zk4D5TVfPHh9BkNFJXj133VQ2XkkTgS8KubtvDJNkxU="}},"cjB7tk5Zrvw2f5H+FU8Vuok4idZHnnwMBXiTald3mkA=":{"valueMac":{"type":"Buffer","data":"qxrHF7/DUxQtux5ETNWYhY+iCNMtuVZURoewUH0yqAI="}},"c/pXIDQFVjIdX6RwIkZZ5y7UzvFCvLQosHW96JL4u34=":{"valueMac":{"type":"Buffer","data":"ry5s6sVpAO+eT5xYeTNj49XDhM1+wu9SyUC9CGJH/sU="}},"dEYGbgSjlDWf0pI+2MANslVy8YyxPH1sR/YAfmdmgiM=":{"valueMac":{"type":"Buffer","data":"aMaYUtIIamvGmQvNh3oIMyg9N4vs3t8OVE6YO/Y7cQo="}},"dIfvwq2MZdmEXUS4u2Uqwwf9M0mvHWwxove0P2iDzNk=":{"valueMac":{"type":"Buffer","data":"/d2kcIlyddp9V4rKcVCWpGHA4CA2hG8M/8Y/SUoKFWE="}},"dzDgTlyjX4edRgXlTyguygUUTu8qL+HZodiwWnUkBys=":{"valueMac":{"type":"Buffer","data":"jvclrDFzdWXyLedNOq99tXEql9xgKiafspvizYUhPd4="}},"eSDHAfDMktJ/vjkvmoHsryc1X4p0hws6kKiL8amMhP8=":{"valueMac":{"type":"Buffer","data":"tThrTWOR0uNraabGLpZB7Y6++pjn4zXDkLyoyzepBFA="}},"eXA+SsU07rn6X/uMTq7qK8BcBzmjU2/xWCBbXmN14jE=":{"valueMac":{"type":"Buffer","data":"xY2Hxo9qdimfbWlU1xcHaD1+mcpy5mx7pvr68MCOltw="}},"ebLunHbnwGE4v1bAMEByHHHRhYpJVC32IsZ7JoU1k64=":{"valueMac":{"type":"Buffer","data":"+67mTEXHNl2BAXzJBp0QXK+bNir2iUW6FbwdAD8XE3I="}},"enGRbrbjsEJjv9vRwaILnO9cuVRVppcpOFNMzIabWz0=":{"valueMac":{"type":"Buffer","data":"GVQRdwESZ4MvB914tiFTZFKPBP6idUq7U4OcfK7IJ/Q="}},"enh61zEF3/qL+vYcMltLZW0i39vRrc7TX3rYx8MtinU=":{"valueMac":{"type":"Buffer","data":"7rkXeyAATQp2mPfufmg3jh+f/wAYzYnfMNgdO0sUj90="}},"e02BHupRsZ7T63GYX/k5AYZ3MCjJaKX7onK5qdcHoxE=":{"valueMac":{"type":"Buffer","data":"UaIMErbInyLb75ZQSHDCD8bxnuNjavyAeQrCkaqXvSU="}},"e1im2FnqtY8Lk488tA9M7aB2WLcfXPX1xYvGTXKrdMQ=":{"valueMac":{"type":"Buffer","data":"u/GA452tK1q/nToBEjeFOeA96XPTukqPuCLP6qRCdz8="}},"fEG7wbNnn7UZib6FUPqeHrlMrmdLY5Iyt13cwHu40to=":{"valueMac":{"type":"Buffer","data":"/30Zuncecsf6zxrdilMHuI90uPfgMAEpvvq5Gar0bBM="}},"fKWBUftZ7mQBLrwMf8XYBytxyOt9Ai4ieDThdLkL5Mw=":{"valueMac":{"type":"Buffer","data":"XF77DpxVGnEMjJUKBMydL+ino835xY+Ckb36MHQzAbo="}},"fOP+w2mpoNpKDT8N7L7La2AojaKDaSmKCIrX05l/0Rg=":{"valueMac":{"type":"Buffer","data":"zF5cQaXeG94mXRF65LBUSUSRoElGJBBGbUV3ayZ7UGc="}},"fQnsYovAEEbetZNGrK1+/vIyND1r+cGlfYOMz1zd8b0=":{"valueMac":{"type":"Buffer","data":"IOCirLtxGFHkaSkmcnbMbqDIb1dmCVHkaH2blBs0WbU="}},"fYN1h+5eds0JsMyPeq0cSueRvjMcvK8OAH7to2i+w4I=":{"valueMac":{"type":"Buffer","data":"UllJaiV5oqIBibVynHXSJ9TpRx/TtrvQmVIUsCruQBQ="}},"fcNysOujd6BBYTQXIGaA19hiyc5eUQzIZb4N6FIu9g0=":{"valueMac":{"type":"Buffer","data":"ceo4Mt0prA5+6RRoNIXOTXbdMQaVlzLSKiYB+KLJL2s="}},"f1RwZ41xsBPOukCh9Rsazzsw+4ORTfTvziA9pjcLSyI=":{"valueMac":{"type":"Buffer","data":"vJEuk2mY49AWh2+QmdFpPOJ1N/617N4ZIYcvJbp24SY="}},"gG96Y7EevSeHiKQLD5P1gX0SsVWu7/jUBiIhd+orOps=":{"valueMac":{"type":"Buffer","data":"aN828BFCqAiQYE7Cpq1k2JkP2RREFNfAqwBVL+7ZeZA="}},"gH98UZS4zRwHEAI85M7UgjXi73U+Ndk3SGKPcfrGpk4=":{"valueMac":{"type":"Buffer","data":"MNGl8WzxY07RWGCQJckFTvXSCxTgQLxXpmBobnHc2qM="}},"gOV2w4wnVKCLZ/FFuNGZhar3wTnikIkl8UZaylolCRQ=":{"valueMac":{"type":"Buffer","data":"vmXnCOscVsQvBWZY2IrN6DsyXxVxQ5tuHst57wl78zs="}},"gVbeHJYjm9rKGckMEfe5JId5reNiwcW02ezXRyX6Xos=":{"valueMac":{"type":"Buffer","data":"e7Vj/dN0DpVgoUnXBONW6/6moFiCF5BwPbn9OsT8B4I="}},"gXX8iXeVlnVoQPMOXNZ0XMpvd6DhgYANUz4/jKTpYro=":{"valueMac":{"type":"Buffer","data":"Hra1YJmQ/Vyu3DxdKUhGP4D7pSK/WXUPHMifA5d9dB8="}},"gYqdqlzkVnUltEaQKjM4LJ2wIZkkaLIgf4ts8QvyVKA=":{"valueMac":{"type":"Buffer","data":"PvyM0sgg4Zaqs1jlcZdo+RlYnHoHnfjBLvs2ejyEwNA="}},"gbIyBF8hhMls/qW+OtS8R14LDMWN1mR2+JvQs9hZI/I=":{"valueMac":{"type":"Buffer","data":"hK44Qj0fUL3G5SBJg3X5pY/o2FFZWlUWbH5QafoFA1Q="}},"gs28dgAISmiVP8ZD6tJbq3ka18li32gdxizQ3Ar4q6Q=":{"valueMac":{"type":"Buffer","data":"QA0iMQrL0hzI+nL9pTiUc2cVFY9q/pbML+6m6Guul7U="}},"gyHLMm1N/OHxeHCxrGcLNEhIvOYfDzjHBmdjpinGQrY=":{"valueMac":{"type":"Buffer","data":"m/vd8mhBj/lL+lmjxh5v73HEF9uCTHAwIqERIDo9JMU="}},"hAKZZMtI2R4el3PxAW07XQJYrYLrsvOMBhQfTAzA/BQ=":{"valueMac":{"type":"Buffer","data":"TvL7AHIRDi0ugwy7iXJXF+rTIVyO0vk3yNKgC4wWTOM="}},"hAipMRLdNbLnCJ+MxpUzQDc6qWSkOS1swp4lwP5qoLk=":{"valueMac":{"type":"Buffer","data":"x0t8tkyvGOWIpvH4zZOJsTSm1G5BZpeBkbzw5FrSUTk="}},"hFmkWIL0RH8uOCqJsxtat+C81P5CEdkaOpTRK67LWoQ=":{"valueMac":{"type":"Buffer","data":"uwBOLh1PWKW9igaNKz+UYPSluLdk0mK7jFSNelfL8kU="}},"hJ0RpTo4mEHGGaidGrDYAFiaslxkPxrDFM7MlS5NGgA=":{"valueMac":{"type":"Buffer","data":"H1+GUFXJz0fOvCdthzX19ZwJ9NkX5ebQ/DAzQjOfyHM="}},"hPe1ftAAt/vHSELUd3wulzq2dnxC78Z7TAOszHlkupA=":{"valueMac":{"type":"Buffer","data":"XxsSelF8yE3/flDgSajWxi5m/l9WZGMOa3VNg/F0N0I="}},"hQ5GlgpKbi29KiewXlLxSoAaGXotvpqez8AvmQbtLv4=":{"valueMac":{"type":"Buffer","data":"0qp440zHKh5ddI3Pfu+782iH1QLyCPxXBs9nKVkTFls="}},"hXRYbMHgLayDT0SaCJTgLqMHn5enAj7mQO+e8LHUC5I=":{"valueMac":{"type":"Buffer","data":"sNSVlku6YQVOvmdRfYgOwduiqTx6Xf+yu8TBnNlLjcI="}},"heIaG6aTtbJCZaq6KtFJc7zN/GHjQzivVcKy5Q85SuI=":{"valueMac":{"type":"Buffer","data":"qmt9Nk9i+Umt6nW7AavLfZF3QE3vawFsBfJgqsjagTQ="}},"h0ZjYlAlY3j+C1Bcwe1/uPYmyRYoTYMWFoEnHPTe0CU=":{"valueMac":{"type":"Buffer","data":"I7snczXhkJ593kV6XqrdKMfrfwcgI9OJ/pLAjyZBQrg="}},"iDI1yNHpVw1Xu0E7W1VkJEx+opaYMAkUMG99cnVcvvA=":{"valueMac":{"type":"Buffer","data":"FwGvJmQkAdR/O94z+23hIm7WoHco0GQXDPju+uOwSCs="}},"iL+uxBZqWzGcHXMVdM4As6Vx3Qd/mLxQG6PbB8HjQQc=":{"valueMac":{"type":"Buffer","data":"89+2wxIf9nRrSDOQs7kclOTI1vJRKSWuWWSxM/2/wDA="}},"iTqd8SjxLQR6UsXybD2ucWezwED4BF3xJoM+9OLoovc=":{"valueMac":{"type":"Buffer","data":"VWRkfBfo1bP4oRJnWoHWxCZUzWyZoAaC5sqoSPTvOXw="}},"iW6BOAukjihSg94A9gFnQ0rkPFzWuU89Bp7d2Bwp2TY=":{"valueMac":{"type":"Buffer","data":"s+DqJSV3ng+9Ty+Z7FP3iFWtC/VzigJ68S8InRVywzU="}},"iXB8wxapPiqot/1HJfF/KaZnkumnTDKcIQ8Yoay2WWw=":{"valueMac":{"type":"Buffer","data":"vRugzF2yX+jaBwSYVNnnpWtZSjJ5GH/BB2eQ+Oqv83E="}},"if5MZoLZ2uE5MzlMvkFHm7LIgbLTcUTPv5UWwXavVXk=":{"valueMac":{"type":"Buffer","data":"Z+jzryGXjhAFFLMxLNLS8SzpvolaT98DwEfBA30uuPg="}},"itTZwZDLfLfleUDvhrNFBOEGL8oQf5gIerXWKYM/PLM=":{"valueMac":{"type":"Buffer","data":"1I5EontPmkeDdhuX7IRp9EL/RetIMhM9uI+yCGqHgTg="}},"iubXSVCfwKzqiR0DQ7Ee8qt8L1LCCRhPPAE4ZrqGpIk=":{"valueMac":{"type":"Buffer","data":"2c1PeOrZpn+vniMjQb3JZHm1eRSTMiyEiulE0XRtsJo="}},"i5Pbc5Ns3uC2gG+WyPUSsFlyUIYBMtIF5Qjl7vH1Pt8=":{"valueMac":{"type":"Buffer","data":"krEuZqeY4i3Wnz/Vtw5X4t/19VvGx1FFowMukh/M0E4="}},"i85g4HmswOkAlZxJiscQUrbH9eeNYo7WlpWwME5lDF8=":{"valueMac":{"type":"Buffer","data":"eInv4ApLZgIhqF+KSZ1BxShWStOBoNJe1HVxvzpr9VM="}},"i/rPnq8anJ5Qjws8E4+sjXJxxY1tnhT416rdx1DC3Ac=":{"valueMac":{"type":"Buffer","data":"pooX+pmnVN+xG2By8+RMEebhVAGTGJTVVw2Vom+VAnQ="}},"jC7krOElFUm3oB1t9YKsU5dP2uS+T8c5QcZPsbLSpYM=":{"valueMac":{"type":"Buffer","data":"KdrQ9L8B87kTSkId38qGv3JNca4pg9BuRL63n6RGNAA="}},"jGS/R70XhDHFhKm/BhWrW2Vmz/6U3K1ACdT0zlh0OQk=":{"valueMac":{"type":"Buffer","data":"Z2nYxsaoUdxAe88jCkfjVwko+yKet8NYAnKNrE2OdTM="}},"jLU4NGa0t6dKNedmBZ6v90c4lY2H2AtmyL4c7+mrEdg=":{"valueMac":{"type":"Buffer","data":"ump7AzUlIz/zvNm3HfTSs9J+19PWzWy9BePNJnRXhck="}},"jXifSIQPxgDb+QfkML+IlfO8HYlQIqywwdZ7ww4uVCI=":{"valueMac":{"type":"Buffer","data":"np4TATXXUijcbc+7MzigV/fZbeEC0r9cuxNajiZYjqw="}},"jhh5FLjmvrrhL4arz7U2hszpzLjNmkH+7egL1t9jG0o=":{"valueMac":{"type":"Buffer","data":"l1J0y/Ra511rUAkPtjF+9E7XryHlz07kNG3hv9LM/8w="}},"jpcQ4xNBjzZWq0day0ipSjkUzgOjaV0stvgaRJUdhro=":{"valueMac":{"type":"Buffer","data":"xfw3tzB8Zjc/rsrJsivNkUqEuX8TXx1dNbDfn7j9rfo="}},"jrzBUMqQUZrN184RUX8qGDIHsKJQodL4Kgm6vr4lTro=":{"valueMac":{"type":"Buffer","data":"Iq9FVYCP0OeKZYC46qP/bgKCBGvM1f7qpo/e+KSCzaA="}},"j2/g8vY9YTEaWcHVWc1N023YOPGIiQdlaieBmMwNNUQ=":{"valueMac":{"type":"Buffer","data":"K3FcjkSdLTEAoMMmQlNG/PLaKmqMZs+677ok0kqm2o4="}},"j7zBu94Wap/9w5mBCG9f34vVmCWxwQCuGqyrOBtrtJE=":{"valueMac":{"type":"Buffer","data":"/kwUSaitc9LsYQnNt1yWjALoJI2lFAFarMNNL/3DzVY="}},"kWf/aLQnpt6q3TTO7AGmu5rWAAFrcKRojxyyG7bPCdw=":{"valueMac":{"type":"Buffer","data":"XzuN7kgtZBywS0SaeycpjsDiF5hmBZ5wqKck/KCmChI="}},"kZKSUBEzXZ38hN/ESBkdC1EOBLGZ7Du6ZN+9ovl2u+M=":{"valueMac":{"type":"Buffer","data":"sy+rRa8378hJD+4UGFYe8EGopu0+VQmW1z6fc9zhGtk="}},"kdaz6kR2m/Iyaces63SgqUPMeEatV+ozGeIpJEYldA8=":{"valueMac":{"type":"Buffer","data":"zyENiIZNng8p82aiNp3q+7eD+WycM+gYoIGXAshzKTg="}},"kjBhylPoLrSxZJPP/FydwDm6jox+GoR2uq3avAIhJVY=":{"valueMac":{"type":"Buffer","data":"fl8rBRxbeLz5zuz2T6aI+dnkCL8Yi1vc8BpT+W6Xx7A="}},"koicOHJGS9QmB1jjHpd8oQQOw7EUOdtJTqTXmF5MmH0=":{"valueMac":{"type":"Buffer","data":"Q1E5PX68kuqgpuPQXa28/vrgI3E5HspHKy4zFWD+Xn8="}},"ktPGAbL4K5oyYkDyr8+egqqh5dpBP2OTYgQl1dLO5eA=":{"valueMac":{"type":"Buffer","data":"cTm9Hc46bzZVBj2cznHZ4Dat+17tqiS+V8853KTkBP8="}},"k3KMX245/J33D6dtYvd0YACmImz/NJ7GfWncm2kOyLU=":{"valueMac":{"type":"Buffer","data":"9n2UwERtDrpgR/wky8ZIfsXZDj/bGRs/CZe2e5RuTU4="}},"k30HU2xk/mevAYOIqZlA/hT4/ptgRFjF4qJKpRPhcWE=":{"valueMac":{"type":"Buffer","data":"bup54qHPpRgoFiSVYvHwSxPZYpSRqxTQDe8yaSX3wZ0="}},"lOu+KcaYHwyhuz6co/7ZAsKjY6uatBwgVX7PQ1FHAKI=":{"valueMac":{"type":"Buffer","data":"yLJZjohpEFjhkD/xO38RlH//tuNpwPTryIwiQEMhjKU="}},"lT9NLIoHOC6FNLo3lCjT4+ZOGZyPqVyDImZ92cZbKFU=":{"valueMac":{"type":"Buffer","data":"vYmxfiQcO6/i4tzI4Z2ZNPv/6YBWFTAmVTbjQRN84bM="}},"lxzAgvZ4RkwkGbyZlBqC16xvbPseh9JlG00Ik+LxMeU=":{"valueMac":{"type":"Buffer","data":"v0HM71ddBh/8YhTtoLCYQ8pZKflQ7yiln5js7MEr3i4="}},"l7Ka+dg8EwQ8Ke+oiDeqwYwrSaFgB5UgGMNvbv4t0Xk=":{"valueMac":{"type":"Buffer","data":"XFBwnoiPsP3xxABsCEnkjjCmHdzUAzCGn1uMzzqvurI="}},"mSHzeHuUXGE2Suaz/9VMnUYXOLN8RxrvoW2wUFvQIjI=":{"valueMac":{"type":"Buffer","data":"6hfRd14f9iUKjH88mOzoLCAaeEn56zwlFLwNizHkcRQ="}},"mXOaaNAvDy8gL/EVCzEJGmwfEnVXWD+bI2YhiN6dwP4=":{"valueMac":{"type":"Buffer","data":"8/C9boksAGAgmUD0yfwMOLH1VBgpPpuTf7cBlcavs2U="}},"mpmlgRBNWZjLa2KyXTZGNN2CbX0EZ52mXnA5vTvPXp8=":{"valueMac":{"type":"Buffer","data":"XhWAytzeztjW2hR6y9RVz/gYpSWWsvXg2u7tvp2mZRc="}},"mqgpW4Jv8jiaO9LL5VgbNF/Qy6Ctqiw5QzpaNWiS/4A=":{"valueMac":{"type":"Buffer","data":"ERVgdaf9eDEQ9Fay9LkUbk5vC8SbKNGicwTdK6uYHbI="}},"mvBwez8FfcUHuqEivp6C78JrV47a+LB7XVYmWvG22o0=":{"valueMac":{"type":"Buffer","data":"wf8fAAnInvOMzQco0P0CwG3ZqIISghGrXomGo1RGdIk="}},"mv2ix42PBob8K/3vgB2SJ36tL0qWszLd7bRxdpYpavQ=":{"valueMac":{"type":"Buffer","data":"QX+GmAYlFd5OvXndGru5szT3fPB+VvLXOOl3qlL+O8E="}},"mv7kq0MzMpASlk1oILqCJGQwBn9xN4KFFYaTVKpiEwE=":{"valueMac":{"type":"Buffer","data":"ygGcijj+n4USXxWJuae5JqTYvpCAKHv963uqHhefgPk="}},"m275GKqdkzfgUoO7oJDxeEPGJ0W5UEbijjGPYv6F3Tc=":{"valueMac":{"type":"Buffer","data":"1+oGQbMumcFi0jhfwiT2wU7IstkwvMpQRvIi/vMAP4U="}},"nFogTi2hFWN8ujqnwww42CE2YbFwlI0c3RQQCl5ZZRY=":{"valueMac":{"type":"Buffer","data":"wZ22EcyFmO5FGHhuvdGQv/Oh33WoL+33wvymL+pUKB0="}},"nK8dRuLBsNhxkgxFWb4jAA0FPqHn5d7XNW0b4umsBXw=":{"valueMac":{"type":"Buffer","data":"dGa6dQgZ56Pnd82fFET27h94p42MmGIhP/W2CneMlkk="}},"nMa4xwdJPenTM8g8Mx7U9F6hV2jn4C2Bm1KztbHf9fU=":{"valueMac":{"type":"Buffer","data":"xeXMISJ9dEdSqLbbaeyKPSAFuhVfNFzrR0Cp+jDWlvI="}},"nM5XaPadXeluR6B//IHYc8RUZoUlUSXedLwnrkvMKy4=":{"valueMac":{"type":"Buffer","data":"qc7OqKSMGuBXVtQFe0Y2zem0hYYPsqKWh+ryQmLHDK8="}},"nk00bFcugdbYz35wOIeeFSblBOMHFTaRliwmCCaYLlo=":{"valueMac":{"type":"Buffer","data":"2Rg1+91f/lyU4cmo8SWuZH0WwezD3fnweaaQPBYQ5Gk="}},"nsgHs8ueGVtTM2yfRKBKD42urEUR/NhUm+h+DGqts+w=":{"valueMac":{"type":"Buffer","data":"YSfXnTdCMtZf5ehCEQrmH2tJUWqh8KhkSlwld+KrSLc="}},"n07h54mAhgvqFfUZ+j387OBERk+NrKzxKHeWtwfz3FQ=":{"valueMac":{"type":"Buffer","data":"nLssyfCILeYe5u4ahWORxb2ASs7u0Wj2Xk++aFmAkfE="}},"n1C+M/ciCcmWAodyzNz4otMQePIojdp8tqqsFxP07Uk=":{"valueMac":{"type":"Buffer","data":"xrPm29fHK/lbN2Z/hvsFdP/4zMXeucrgrH71jR7BLvM="}},"n1KA2TzzElFi/GIyrqnDPjCWfNtR8rQEuDczEF7Ke9E=":{"valueMac":{"type":"Buffer","data":"Lt9UU5l3QWQfIOjVbbts76MrPb3gVR6EPc5GZEFcvv0="}},"n46WGFUZeCrq4FIJFCnI5YaxeRkYiXN+YiIg1/LZ/UQ=":{"valueMac":{"type":"Buffer","data":"wGWdqtfMdTXvJFKOBG8q6cMRCgISoUw4wMm232wNiPM="}},"n9/DSatvHGIggZKCGFDJ4+h5tuPuly8VHXGSSWSXMbM=":{"valueMac":{"type":"Buffer","data":"IO9k0OFfbDV2xICD+cS4DbM1SF9G/B2q1Zdupedfii8="}},"oDUHh+k0XLrsjL6IgUCwfyhSOGstyZOGc579EAjMjog=":{"valueMac":{"type":"Buffer","data":"lz1SW7EKPhASKMs316BnD9172BT4iQw/ExNpMhIN824="}},"oPJHNy9LwPzVbJhXq/1m0qBVsfWsp3aisBZK41NUIPg=":{"valueMac":{"type":"Buffer","data":"ssTa/hgAjYMugc9pLubn+9Y5ZJacoEKiHMdbWvBhlQc="}},"oXsPVP3YkM40c59DqJN/IIhIVIBQrb9Ptv6mX1kllIw=":{"valueMac":{"type":"Buffer","data":"h1KURbDCjMujymFGfB8bF23qXBRFYLWk47n0b0HHCu4="}},"oYaV4PbWT2e/20MUHat1YUe8Yl92Lk3Sjd/oRu7Dqzk=":{"valueMac":{"type":"Buffer","data":"aRplzCMQDQ3K3xViwp8Ekpp6q6gaXAblq4+hR7kXkfw="}},"oeSJIInMGJe3STVmVo4EDWil8iMr+kVgQ9TmPvP3aic=":{"valueMac":{"type":"Buffer","data":"5TF3lvjLjhX/SCtVnkESroJPWX/4E3yJRYSian+QsEU="}},"ofAMuOL2OglJtkJVFrQ1MhIYfmwAI8HgTyvQS66ncN0=":{"valueMac":{"type":"Buffer","data":"iKLyHfpZxGdUmbAVK6QVPqNLZw1afS5Cw+IMLDrBZCo="}},"ogu7YVq2xkmS00UT00x6NVlzC6dBYbDmYMJn3pTFxzM=":{"valueMac":{"type":"Buffer","data":"SQ4Iqdy/ecngXflL+PO918NAIFGbHXcmuK2+tnAj/nw="}},"o2WnUQTwCj0z7TF00tWW2Zvx3Lv86V+x9Kte7WZWnXk=":{"valueMac":{"type":"Buffer","data":"ZetvmAi+fn35BYQ75PEOc2MvXaqhfoa5nw7u90t3/nA="}},"pVZQeq7K3SWCkS0yOLw4hPAJ8lLyyRaTsz+4f6+q1I4=":{"valueMac":{"type":"Buffer","data":"C/6CUg8Jj12mlVkYOg+VphNL6S3LAAfbOOjMvtlsmE0="}},"psUMQhQKRFHdYbyZgH+sCBLRUc+pBDMD5/woT26P0sc=":{"valueMac":{"type":"Buffer","data":"7NDye8NcGPx1dbN2x8lNfe832hfrG/SItar1VHT1CcA="}},"px91/0EiJs1dWZEW+hBulayJ7jJTGtAS2cdthdK3/xI=":{"valueMac":{"type":"Buffer","data":"IyHsR5ob/BBChHYgQmfGflmmYepCQ2o4LtafzAIQ/Lk="}},"pzQmynv0fk0hC0EdXZuds40vfGPv2LvFEwWNWx6Fysk=":{"valueMac":{"type":"Buffer","data":"ZYyvdoe2R1N/xM7TjOCfK39BNQJDms/D3dzFHgkBI4I="}},"p27cpC/qSrkYz0zarMh8KvFSrG0/oDAcOmirH7/x7Jc=":{"valueMac":{"type":"Buffer","data":"l76AR+oadM8kB58g1dEErGjnPUL1xQqfeSm/JydBA4g="}},"p3a3pJl1LZxhWWQlreofEb5PWQPy7tNnNkg0jSC+dHY=":{"valueMac":{"type":"Buffer","data":"5RfKANCp9O8kN/EJ/+0q0Rg3rg8ua1fxQ4pf4YmS+Bk="}},"qAiOKxdM4oex41TWJTVv1aNip9tNJ+F0XI7fhIabZpM=":{"valueMac":{"type":"Buffer","data":"55r2fErQmrLB5uJ3xwRk3Ypj8ERfn1393BaPyveSLEA="}},"qEJTU1owp6Cc8ZsfDLZJjnRLEjrptThGm2D5y+HO33w=":{"valueMac":{"type":"Buffer","data":"xRByJhfy+mrBwu1LUzzGtKe5yidkrvSEQgfmYcRmkfk="}},"qFNcj1ilhQx72BnYO+HXUKBjWcOC27T+/Oi3wIh4UhU=":{"valueMac":{"type":"Buffer","data":"YUGLtdid4waIrQW7NQP0wIhTzpPqrVHTlYrqtCd1uWs="}},"qJ0EfLoQ0RtWns4HtGnk3sZtS7ik0XyS5JN+kB1yg4A=":{"valueMac":{"type":"Buffer","data":"WhWn1Ofmz5JrK7hsTZAA9s/5UmswLwOsg8nQHlHD9kY="}},"qagkbRppKTksumTyX/5RzMegmkLzj856oMre2wqpw8I=":{"valueMac":{"type":"Buffer","data":"/ViK4mNJJ15dn1FWZQFR7r5ThixDft5Umw6PWsbmB18="}},"qmddaVtagrHGQanpmCyD2flHH2t5So0wpsmzfCPZNr0=":{"valueMac":{"type":"Buffer","data":"kGJkarcfJxeG8TvlAIuDSyxh7GVoR7WGH7q0LRp7Yp0="}},"q7NsNM4NvkFrm5mxWgbBvP+WfdkikCy/SWwM3Ru8jsE=":{"valueMac":{"type":"Buffer","data":"lGOHfc5kBW1r58j8nquyESmbd6CPr1hWR8REQo5fEGw="}},"rHPmp+uO1BIu1NPtglvhDZE0Jnf2Rfnsp7YqffrrrVU=":{"valueMac":{"type":"Buffer","data":"byBW8JGcD8+Rhn5MGQYI49qEQlAx1XzDxHL+vYY4Dt0="}},"rQ9F/v1UzspU4gGflUMmo2TJaolTIN6oudl0BzPppXY=":{"valueMac":{"type":"Buffer","data":"9j5o9BAow/WyR3uWWOPzzrjTaRJyf0081xMvl5BmDgQ="}},"rW4NhKw6Wa6RUhRQbd4qSl1c8m8OHpJaFH/eWIKAJEk=":{"valueMac":{"type":"Buffer","data":"vTwn3qaZGj5ypiqLpt+pIs7XCJx4ET4stmIJ4xY9Gzw="}},"rcdhZfRhArB2GRwq5WZUrX0yC2gmFotPn6J7wpozsUM=":{"valueMac":{"type":"Buffer","data":"PqOK/x1/dzKTzN9iIcibbCmSnSB7daT/iLYa2yBtXcU="}},"rkvRx5P5W6xxM1CEBwA6CSj+1m9WI5OIaWjBwODtEs8=":{"valueMac":{"type":"Buffer","data":"95Ek1sPy21S4SSyi6h+o5S52EoKmn/pkQ6aztPW5SNU="}},"sM+diR9Fyl/NBIBwM/SxjRLya7DHl3ZeY1hHNxN//wc=":{"valueMac":{"type":"Buffer","data":"M2Gdqd/KQ9N85prWh1MG4rBGAQIuy/yc6+KtRBCNKKM="}},"sVvL5Ke9vZcSl5OEhZHBKedLyVMz3aMPSO42vxpiFrA=":{"valueMac":{"type":"Buffer","data":"e450occ64/p3saj5dc+F8ylha7tJyQW46sAWKWoSSMQ="}},"sgCeBtV0s5Mjw86FiM5PEV6l5qE9oyNQPDvD6p2aA7E=":{"valueMac":{"type":"Buffer","data":"FDJBeWalgTzpRcL9ege5cCGjwvjK+lQSUFcMYtfs6wU="}},"siyzcgboSRewxYbEAzPJ3DU+fUhPt39GpMNm5sDZGCI=":{"valueMac":{"type":"Buffer","data":"sAANDjKh970puOBdRCpeJQphP5plZpMEC4FStNghmLY="}},"ssMzgSYgH0glKX2vHoMtwtEKrVI/S372HcN0AzVsfFQ=":{"valueMac":{"type":"Buffer","data":"4rWBdsGh7CojhhXDAE10K5bkp8e1b9vFNOLuQT551G0="}},"s7WoSYW3BgRRHEolDE8CzMbKkVm+9ZmOZztnNsNUIZ8=":{"valueMac":{"type":"Buffer","data":"/Aj/6qANEpJopL734qzIOGsLmvys4nhD/ff4qIhgp9E="}},"tC84FJ3VnySOjNjFS6xYg6cUQf8NvnPkjmuiY9prvDc=":{"valueMac":{"type":"Buffer","data":"4rSX4xxE9WHIkcdf0PDVNNsrWNbo43PZK1EE3THeFcU="}},"tLGsMhxrEfxvg1uhH8mKdhr9AGZdrAadwGhRV3b4zJU=":{"valueMac":{"type":"Buffer","data":"84iR04E0W0l2fRM/HoSyLAjwSzn2Mn87EyJDSNtophM="}},"tZD8dsUQMbPLBOlXTAn9313BuszaMwk5aImArYeZqOE=":{"valueMac":{"type":"Buffer","data":"2kchB4hj798DDzdH6VG5NuQFQ0HZp0LBjDgrbPehMp4="}},"tvDQkJUeF4qjyH+C1/qEdJwqUKn0MvTxYnCdQrczjSQ=":{"valueMac":{"type":"Buffer","data":"5FeAayOt+ZNesZMid6+o4OKja9UOwdffJ/B1soDYbuE="}},"uIPB6dtvNZiDIpaDS+U0u9MNwypjY54JTvHNrpJEw4Y=":{"valueMac":{"type":"Buffer","data":"YebeEzm5PFX+yDjd5LiRoOJtyelmV5WY5Wudv+Lk1aQ="}},"ubm/+4AtKq42ArOvc6KvaCrq1g05XamgaTiQuqMHqjk=":{"valueMac":{"type":"Buffer","data":"gwuRie6spxayY77IEwq6eCbD+QBKhYJnJZS9yPIYr+0="}},"ulEzJXXFmxcXQB/4RvS36BjHacc9s5t5E7GrWpRw1kI=":{"valueMac":{"type":"Buffer","data":"eL+SwjRHmjS3WjJ1zSjU0/wZtMPp7u5dub8dD051/4U="}},"uw8WG07OP0RsWRCMxW59xNOq8SIPQPUM1h98lqjgLKo=":{"valueMac":{"type":"Buffer","data":"zLiZ24pwiuBKmW4wl1vZCJ101OicfrJJ9bUlgcBQUjo="}},"u9FWGRK6wWvTzgJNJlv/6Ja8w3QefZ+nQPzMrpxVqbE=":{"valueMac":{"type":"Buffer","data":"wCEsFwlNA5nPmY0T4JqgVBwmPIm8vHKUYaPvPrKS0DY="}},"viV5P+9k1+TNu0MbU04WMYcnvDAi+hFTePfKOXGSBUs=":{"valueMac":{"type":"Buffer","data":"e7jgUiNTlJx8C456ZJmtDcRuBvEWLNuuK4Z4NVUT7zU="}},"vjgOunPQgPllgYASr0R8wShPFpUPCZElcumtqyCTkyk=":{"valueMac":{"type":"Buffer","data":"5+2jZRD2SeheH3TYHS1sT9m4R0FqGUQjm0UhIoX2cA0="}},"vpwh7dskdpP3L+zVSOm/HT+CoMulO+y5N5swzuTOcl8=":{"valueMac":{"type":"Buffer","data":"eHaAzX4T4JfkyqelU1Qzf/NIKt8LDT7/14Jg289CJuc="}},"whlcE2Oq6+INW4Xwq5oQ1jole4NnrK1FOkYF5Pti8+A=":{"valueMac":{"type":"Buffer","data":"LK25GjWPR5n5ov+JeSVpWhuXrBjPY+IuSjbltzaEhIQ="}},"w7zHznSSMll3giIh2ivq9X8OatRkD+9wquk2KRf3QWU=":{"valueMac":{"type":"Buffer","data":"tqXYmKElfSQ03jTP1yCxxd0CGLy9SqZz4DZXbwttOtw="}},"xZZAWppSGINTVv4beJ03fqcA+EMHjkYxz5zwIuFc6vc=":{"valueMac":{"type":"Buffer","data":"vUjnZSCxVgvQYhgE5bMyW01YCf+DDMjbeQjl/mHfOOg="}},"xpOCAO9oTWs02HNJUZZ/6OHuAQ+bTKPWoS5feckn1Bg=":{"valueMac":{"type":"Buffer","data":"49pi5WfbsBbMbNjnWPm/8G1gaTPCjN3SXpAbKIuhlrA="}},"yCbVu6qv+Phnhap+qzz5vv6l1bhAg9hkm81mb67+RlQ=":{"valueMac":{"type":"Buffer","data":"NDhbS3WPTeHfrCHF4V96fMI4WgvzSaiFZOS0MrgSvXM="}},"yM4aePvq23rJEKfykbHZ2qEgAF27W29VJJp36E6YJp0=":{"valueMac":{"type":"Buffer","data":"eEVfJVFLe7Ax/OJHqNBVRd5n3PIHAV4k9qjnY6iGESI="}},"yWw09H+eclHVQP2WHn5pDw5dSbCwXJy4jcM0OXEWwvI=":{"valueMac":{"type":"Buffer","data":"TUCsL+vZ7m86R6LAZPXyeY1gZ/1E9SO/ocRvjtQUhxA="}},"ycC/+Qb1tccy/sb9VTSAW2wv95Vigw87EQmbDvwUYb0=":{"valueMac":{"type":"Buffer","data":"3lJAPRApU3h/k6xGoJnmEWrQYhNFUW4rKB5N5pc02Wo="}},"yfLeWfIVqPMbayRrfrqmKR5ih/umk55ZqtDOhyZ0yPA=":{"valueMac":{"type":"Buffer","data":"zpKEZC6uVYq+5BCOMuIT8n2g+76iUORlNL+0iwTPDT4="}},"yfuREJ53EwUkatkJ8s6jjI5LC/U0KIjynA1OHEDVQyU=":{"valueMac":{"type":"Buffer","data":"oVV1ako0RM+Ezl+ZzvdUERXnffj0A11njop+VTg6WP0="}},"ymrrYeQlUoxt6K9Ilaa51DVIdtqwWn5V0V1VP6YAgyk=":{"valueMac":{"type":"Buffer","data":"CKBK2oLk5P9KEYlVXAq3Qgp634VdxvwxwndUrJByT5Q="}},"yzoUNo7hnsKGnELALweFYvCXnZfgxSBGoYu6G+oEIzY=":{"valueMac":{"type":"Buffer","data":"tpoE4BxEism3oZICrFf6xwrMWDiAORAM3u9wWWUGIsI="}},"y5t0CuIrXhEV3/8LeDG0qPyi4Yz4jslBmpKSeMfS4Jo=":{"valueMac":{"type":"Buffer","data":"O62KkEwAy1VssVR5l/gTfxnylJThrwa7D2SY7Y2uGeY="}},"y+23U1xMkqmDS9FNBjCorPyPw9h4sHQwfhmgtxhPpzs=":{"valueMac":{"type":"Buffer","data":"swzblKLPBHyyilgM4wk7z67mahxXbS5Eo1PlGQEcK0M="}},"zEx7F9Dncz1d5+cek3CrVV0Q2CUme7wAKPYZmaESPgM=":{"valueMac":{"type":"Buffer","data":"1ev8yPYLd2rJ9RxVEBn2k/YrUMpffsBmECEN2DVi/ds="}},"zPhJhcQR8U1t+NiQ1aNZ1ndErN3ik0Hj7raS50BrMQ0=":{"valueMac":{"type":"Buffer","data":"OpSKmxo6jQb0sgUBiWT0/sOlCgRiT5z7YzBJseHN52U="}},"zS1BzgYQOKtgproB1NrAzSEFD8753zrKEMoRXTLjrg8=":{"valueMac":{"type":"Buffer","data":"pnyM3xrvFQY0G/7n4Zf/8AM6QDodSHWz7Sm1ImYiWaU="}},"zUv8TmLsuV18O1hGJHHSeHIa1h+N9KOZVBz6Z9dpXSU=":{"valueMac":{"type":"Buffer","data":"nMUeTtMWUP1bKojzleg/oMiljUdpZ8fKlFxeDTD+m0g="}},"zZyFb9A6O3Mow3i8Ep7Yn5zriD902dtUvPkscXuRvko=":{"valueMac":{"type":"Buffer","data":"VL6RcS8Nfwqfgrb3cO6grVnRkfQgc8i8dxXw3EhHTnQ="}},"zhezRB4mfNqUo6nGsdHNV83Gog7SM5+YyZRITEH+oh0=":{"valueMac":{"type":"Buffer","data":"gQJXd0dnm5gAUXsNaLzhsYYswauTqm1EU53/O/RAHbw="}},"zq0z8Y7Vk3fykmZSn4e9FvjQQdEKes4Ry7ErGzp2DFw=":{"valueMac":{"type":"Buffer","data":"lUmFAoSXKcTuSruUuSnRhhaIpqyUGg0zzs2uFoGJYus="}},"z77yOoFD9JhtqyGhUFmiTzQQtuR1mtc1etJaeShI//c=":{"valueMac":{"type":"Buffer","data":"UGrFjQELw4oashm+OYBHaMEjJ0KmfzhFeP0u6ihz0Pk="}},"z+dlEMV1jshvCLkOMUvuc/o8d0ex2cE6sGqlOKIIc58=":{"valueMac":{"type":"Buffer","data":"NAbIsfRBV2QlDXN/raK5k583Zyx9ZPtG8Co0dpfLDBo="}},"0LTEMq95j3V8pv0Pizum01eNvnYfu8zxWfMOd6Ao/bQ=":{"valueMac":{"type":"Buffer","data":"Uoqk58Kd72wIUeeV7erFUbK/LGs34tjP+HTdLjcLF58="}},"0Lxm5Vgk+nKlNt4180hm1mofRTj759lj58b+IvfmWqg=":{"valueMac":{"type":"Buffer","data":"iQxbMMa07OoOFoYNpnXeVYgn6WTbdxQEN7q+2WQAhVc="}},"0Q01Zqj+lN2Fbrv+krx/3bjCTSUjvAYbuGiu3tsoiIE=":{"valueMac":{"type":"Buffer","data":"U/S0k5hxZ96G4VXzfKsTxJsQddT55/TIGFEyvjv4GmM="}},"0fSxfgOBioHUvW+ivJA5jV+apHtgT0M3tWBmyAj+omE=":{"valueMac":{"type":"Buffer","data":"xr1rlc3GWU8gPU/1n3LfQlfVliAksiUk75Ya9kt+fAI="}},"0kwUxUPGIL2eVdVXeWTmkmacpGvSBjDVQtr2paIGvps=":{"valueMac":{"type":"Buffer","data":"gxuX5kgO7oRQoKMKZ6+BCH4BZHoGiYY1OfldnN9YeXs="}},"0uLW8RIW4BIm0dmyf4KTER2OOBblKpDJAy6LfQnfjfU=":{"valueMac":{"type":"Buffer","data":"wMbMTiZNb/1Plbz3eX9xJSKMH+MOrOivWUz1QDwAzFg="}},"0v+EMG6zK5kB8nXa8ZKOF0I+E8TE6k4isSEOkAqqGvY=":{"valueMac":{"type":"Buffer","data":"c/5wAKsJKc95GlZO9o1MxleGJ7YO8kohISetYYnia1M="}},"0xTqXjDQxhL2Y+vMdiO+7J3AgFA6LYRRIKa+aCEJXkI=":{"valueMac":{"type":"Buffer","data":"oUCctAE5H4Xy/wS2/0niV6l2FNpeu8EpAT+U7ygL6rM="}},"063abdqEFjM9lvHC27UPU4U5VQE8wy9ZC9oGnRSt2sE=":{"valueMac":{"type":"Buffer","data":"kc5mQ5J7u4K0g/8HLbZs79V+itMpOGfKwwYoNRQReN0="}},"0+hHaOgPxJ8k0nQgrMcV2BszbVF00Wq0YSIUZKL217I=":{"valueMac":{"type":"Buffer","data":"Mim0V2HHm8ooUnFikHSSrdmI9gsuChkUCsuDMhR3CFE="}},"0/o3lSzcS/MAYKWI9XQrNdUlEgzg/4+qkyKF8DscxVk=":{"valueMac":{"type":"Buffer","data":"uOCGonQ1YvGPBN1ZO4m/PqYDhIXrt2dtY0i/LJH+McE="}},"1GcSdoyjSdfoPMbEaHruvDYw7zy+CbTzVtqGrCH+itc=":{"valueMac":{"type":"Buffer","data":"CRGrjpDqBOcN63TMB5JboZXPgzx8yIAV90HpxMUsQTQ="}},"1agtwCQq7NO7rIWMvKdQ8i9q3Aj0RUlbJW4rBHVc4dw=":{"valueMac":{"type":"Buffer","data":"iiPb/daOxoN2yE66Y87pUtyqZ+b4TJhybefxwL18+Po="}},"1lJsqt+HRhcEs8JgpWxxrQ7XuqJcD7VMWSB10PYycvQ=":{"valueMac":{"type":"Buffer","data":"EGydv/o/lIqMPNlDpPjIfM5lTay6YLAiHklzSa/4QSQ="}},"1sHC9A2Ohp3eqDmKNNJzkKm911QpAgjOqdzWFoN/x54=":{"valueMac":{"type":"Buffer","data":"G0xm/XnxqWgGeXYzlZTtXAHOPivnYDOYzi/T2jmhrkg="}},"1yYx4ly22sxzHKe25y4DURD6nCOaGS5ixaqSEIpW/Rw=":{"valueMac":{"type":"Buffer","data":"Phmp5KIq4sApPQcnUx2ZoLgAkwaS6+uTh1d3HSRO8v4="}},"13TW93EJ7wOOZUqx4UfiTndC+9c9fL7PuDGddNSp3M0=":{"valueMac":{"type":"Buffer","data":"Miu4N/5WQgc/iVmO4Mzi4Z3aAcqBuyxWcf+pe8j6Fhg="}},"1/ff8g2V1das8iknhm96sT7YVe+3TzioH2f4TDvFAH0=":{"valueMac":{"type":"Buffer","data":"jkDhBnQY0b0Bbqrm022CUBXDLidrIP6mXrJCV1EOFVo="}},"2DKiY23QLlrqfQ+24pdv9Sfn52Be9rm6Ke+0r+sTmSI=":{"valueMac":{"type":"Buffer","data":"JTrbtAnr1Yb19EwP2Z1la8D8UWe1XQFRQGb8m7JdpFg="}},"2NRTq8zLQMcEq24TxD5vUgHX+QCU6PA2D0mUtOJw5tc=":{"valueMac":{"type":"Buffer","data":"+0xKYiq+/iA21cRqS+EOqTnGk+/6XeFHsChv5gTxYMQ="}},"2QFbbdHF7vyuSApkwN9EKyqLdXZb8t9nQabbdOG6ylY=":{"valueMac":{"type":"Buffer","data":"BkNkMsvH5y6rhTcUNsFVNGIKa/aG8Fe6MMUqiR7gvCE="}},"2RJB2GIYXnP6x69zEuA8G59btNZ+KKn/mxZ/zTJMR5A=":{"valueMac":{"type":"Buffer","data":"YRo5KxyTWpyhJJynhJx58+VavyzLxYjgFzpdmUCMM0s="}},"2d2dKsW+GvC0A7OW0SEactDEP8P3eftk5vxRzN0Qmks=":{"valueMac":{"type":"Buffer","data":"j/yUYbxBU1WytEUsAnt3hRHU2IKbvRC6PtcKVd46WwI="}},"2mAlCg8TrI+jpFDV4ZrOHMAzt3dm7sc9vB2kh3R+h04=":{"valueMac":{"type":"Buffer","data":"GfQx6LXxHKx22tnmWTf28VeHyuno01L1dYckXW2QYVI="}},"2mv5k4RU2VPv99olRvYHGPa2az1QRHRnjEdauPmDmf8=":{"valueMac":{"type":"Buffer","data":"QpuFWmG8im/cP+Ud0gmLap2qwYyFPbdwa1J70tH0B8E="}},"2ohcv4/u3zp5ZH2rWaVo6NBvYoLwlXHM5jngNJJefQE=":{"valueMac":{"type":"Buffer","data":"1Yc/1QIHIaQXgm0apiF7nJPxWkJ7d10EH6OwKa1J6Yo="}},"2uwyIh4IGym81FDV/STEtwEN4INf1kl9O+DCqwqXG5s=":{"valueMac":{"type":"Buffer","data":"xpJ+0tYMPW66ICUHiUE4xerOtd89A2vlo/aq/iyQOww="}},"2z4XZJIUPu43tNmcxK7XPvPYzjEFQDbeE5On9FUptCw=":{"valueMac":{"type":"Buffer","data":"bJTnhiAgqr2Oemo76RIsdAs7skJkwf7xI26RM3vUr+I="}},"3BA212PBzopQqPZDnYFy0dLYiyiqPgoZCnbY0/gBYJ8=":{"valueMac":{"type":"Buffer","data":"ROb8zADj8bjtylkwCigtpw7AlfcEnk51bIMmNgujAuo="}},"3HoCAoxZdH2O+8Nw3Ed3DTtuETyo48Xc85rpSIsMt/Y=":{"valueMac":{"type":"Buffer","data":"tvJsieEhCQKf8oG4+Lq85bB5RMwRoZzokWnmi6QmLHc="}},"3JXaT7vKHmp8O+r5+3D4+76pg3HWhvO6QkczIGqMrlA=":{"valueMac":{"type":"Buffer","data":"EqH9j4UENCTNkVcNxTjA2fyR+8zmBj2sXl1WgSKR1k8="}},"3de1luL5bipfUxsUFgmmHLjYPTxCK0aSxN1dJ/Sf2mo=":{"valueMac":{"type":"Buffer","data":"9oR+7hSAnCQ3c2SPmEpoEgLSHItxcXwRvTX4tk4v0gI="}},"3ga+UI9T8LgFivf1vMMS7GG1+FKof3P2Yj6y/epHB68=":{"valueMac":{"type":"Buffer","data":"A9P3WhrJLs9DHOBgrJXCI6vMclefArNCmVZAVFAQ3tA="}},"3hQqXtUIDfdPp/DAw4OBfGOjwkK399woWGV3HY83tn0=":{"valueMac":{"type":"Buffer","data":"rl6tq5V15BBdIgjTkr0DMN+bECqurkMIXPHCPjfslxo="}},"3zffTK3Qu9a+Ur/3rPmN5jzb7eawf/iRCPXghPYAOZ8=":{"valueMac":{"type":"Buffer","data":"djRSc91509pG9QZQQFnuBQ0Ui/kkUCZUa+PYhnGiLp8="}},"34nqkA9MQpvjxWbwdRFweSLx/HJvbq9jUPHWN7BNdF4=":{"valueMac":{"type":"Buffer","data":"j60D0Pd/ErEwcZ+RYmq8a23k5IX683i5KdyCiISBFyM="}},"4RM9Sjm8vkTPnr3tfEISMf7gr80AD1LRmIpY8KUkRS0=":{"valueMac":{"type":"Buffer","data":"1GvfObrKbJ3hDZZC5bSOgWWgTXlbrp16V4gSqc5ZBW0="}},"4TJ45L0OaaFti/gXCZjpKLSiJb6x2DqtMWfzsJReDmc=":{"valueMac":{"type":"Buffer","data":"4f1P1fRF6m1YdlsxuvQWn3bI6Bw2cq6iQfegHfbUquE="}},"4mi2g7prXk6r5g9TH7v/Y6qSCScT0EZAYDJtyLwpJTs=":{"valueMac":{"type":"Buffer","data":"l8+r10tAKbC8Eyg9+M+HXzsFtuUuCnqBArGDUge/vM4="}},"4t+cAqiM/Ka+CcwgwgLqjp9oAdcYrrNjMyBf8zefBsg=":{"valueMac":{"type":"Buffer","data":"KJCiHkYGiejkYkqnXuUDOxqX76JTHIJ1YTJEJ3TcRu8="}},"4ud4X9lh/0xAGlkXEXB5FfbC8bckjjY32XPtCM+j1QM=":{"valueMac":{"type":"Buffer","data":"y+QTpJIi1+rSysG/mAPhke4ly7BsmyGazuCxsuU6mnE="}},"4xNHnGYBSIqXmhJ0D822zjutuPmrUuX+bYWk6B6ukYc=":{"valueMac":{"type":"Buffer","data":"33X9ufrzSoPJIwVlowL+/7NduLOx1fntTwtIgWx++d8="}},"49B/7Y0wdEkcw5eZVkFHnrfT3KGQXPml2oqb2hIAqao=":{"valueMac":{"type":"Buffer","data":"ImOZy/FRkP85JENF5tkqetopKqStWANxfA5+5btqMKY="}},"5HfQmm92jUDa0o2d9OdD8ND+SfoaVYwBa37tmEFM9C8=":{"valueMac":{"type":"Buffer","data":"iSJsMChkzASuEHHgXX0KY8KqnetjhueQM1XYJMzi2MA="}},"5O2DJ1f9Eoj1YY5op51nbv0FTRnP89pcP5mPcfxexlU=":{"valueMac":{"type":"Buffer","data":"L1Nu6G2WdeeY9NbQqy4q2/yvJ/yqohx9f/wpCQQ7X3g="}},"5218OyeYCPm3C+Qx4YoIAvoANfad6nhfV3X2qj416GA=":{"valueMac":{"type":"Buffer","data":"L1TEsGZtCzHnt0ZYyQLwGEefFPMJnZoJEO/5jyIZexI="}},"54cjsW0+Ryqd+oNAk5v1Nqg8giPTm3nDJtI2NOmOtTY=":{"valueMac":{"type":"Buffer","data":"S6AhhMnXyCPCVBOJYvWNjnSEEY2aXerSefg9dCqTw5s="}},"544S4OGoniHS0e0SvGUt2xPiAjzSoN8AfU8Ur164FoQ=":{"valueMac":{"type":"Buffer","data":"MrLHSQlcXupBSFq+nfBQy5N4eb7jDth2pErIwASvwiY="}},"6IKhdlXy9Hr6bapbskhan3OpnnR3sgz4uOVInAKklW8=":{"valueMac":{"type":"Buffer","data":"YwwpcG3vUOMxHkKXpCVLuRI0Xp3dBqQfsDal3X+g9yk="}},"6IOs8v3D06Mtbe/FbvBygOSDcqGOUqaHq1Bzu+yMkio=":{"valueMac":{"type":"Buffer","data":"m3dRsvhDccztJIPKpYWCPs59zCijJEpt6L9SvqtPOCk="}},"6XjpBd/MZ2Vms4p9anuig+6oyVNA0t5olOdgMP6P2FU=":{"valueMac":{"type":"Buffer","data":"ESvM//XnbcYffDi/FgWcT6xRtEoGgltKznmA40Je2NM="}},"6tMyyGZ2lvFTcEZJFDlfNaTYhlvmbGHwdm2FZS4eF6k=":{"valueMac":{"type":"Buffer","data":"pF/ZDpqF2bqmfNewqotNi5JJUtw/onHZXA23ei19kgo="}},"7Ai4qG9PxbT7mLUHrexAV0HdfrbqvnhG20aJdOq8Gm4=":{"valueMac":{"type":"Buffer","data":"bObCs0EdNZ38AUkZiS24Ze4ZbMuLw2kHaZLpQoGne7E="}},"7Lj4GPc03H5dS6Vo4Hqf5VfraC8Z7pcbBNunLlgq86s=":{"valueMac":{"type":"Buffer","data":"ri76kwgtffgmbAOskugakXK0XfMP5s2kaKu73xhQE68="}},"7M88Tg0vxk1FVXw63rW8X3tYIFSnqt+JsNisqN0efP0=":{"valueMac":{"type":"Buffer","data":"v9gcwW0/3PJ6GREXKErn36XypdZgi0OwiFjdXWjg85A="}},"7UI5I6isVDUtYuNA67G0O+O6rAIRNAh6hVYJtkw+xuY=":{"valueMac":{"type":"Buffer","data":"cS6cyTD3uaBqiTIBYaQ5rSU+W4HBcnIeOZBuBEAD2e8="}},"7cCoee1aDCyu9gX6QiK1J7APdNx/ogR5S0nfGYwt5VQ=":{"valueMac":{"type":"Buffer","data":"WPrmdSnKH4gtQkAXXlDgWn+FxdMsSJkIwUM9B7iXT3s="}},"7mkDs1nFkN4CY8lleWKHLo3qQc4+7TNNWFygx7UIG8k=":{"valueMac":{"type":"Buffer","data":"cYdi8ReQdSNVdMK6a+j90GL1O96tYRsyZmZqKUN/Tqo="}},"7pUK9yFyll9mZ6B52ze/wpTBJrXorGiBODu2ykHaOUE=":{"valueMac":{"type":"Buffer","data":"FPmplIT+wk652lc+kJ9dFoxzRo1WWwg5n9tTmr5faOI="}},"72QkpCmAUXqMo4TrTRVNE4gHh9/2VXFri8bJTZ96HO8=":{"valueMac":{"type":"Buffer","data":"T2UK9Yuh90sJHEeJBUKhQGv2vYPwwOgGW8oC/CoNUJ4="}},"7+vRTJbN/xBOviHxer4lz3IEPO9n2dmjbqs0ZjctsgQ=":{"valueMac":{"type":"Buffer","data":"C5Nig7xj4blBeuMkoN9Vm0/tnmlJasoDtqjm0QmaORs="}},"8Snqt3Ne5S8rfidBnaFUU35CgDeD+dv6t68N2Eb+AMU=":{"valueMac":{"type":"Buffer","data":"R2aRAQJFpcpWHpO7S5i7V50tiTmCHcBsZ87RlyeQrGE="}},"8ZjI4jke7cfK4uQECyjIPfSYmqaMZ/5vWcgYcwCqFKI=":{"valueMac":{"type":"Buffer","data":"cO1GcgQlHt9/IimnnrUOV64Q+/E8VsF5RbvLGla9Z14="}},"8dFtyBL+cAcWeN0OyilvkzKtwdNBsb97b/J+nI6vzaw=":{"valueMac":{"type":"Buffer","data":"wbGIAh3CYjLWX1No3V91IIB04fG4k4qViGYs5uDXCiU="}},"8mJPhWmsBni7VSgnpCrKd1gOCZOOpAqG1iiDLODzBuM=":{"valueMac":{"type":"Buffer","data":"PpFqApnMIl5B7INn0iEm4Q382ZgEsK4HCDlPStpGFGU="}},"8nr/F2+MzuS3MdRxfHFLAUHiI/I+mfpnzHKa8GXFMNY=":{"valueMac":{"type":"Buffer","data":"Sd5Qu7QxoPCAWnyUvLBfWgJ+c9YoH6Bjaom0YMWBSxg="}},"8vDIDQHKEE9/0c1niXTd2slqAMQZy/30EoMz7cE1jNY=":{"valueMac":{"type":"Buffer","data":"bZUgdOCH1j0tyOHNkE2hq3FXvBV5xiIn48+dCVrUGkA="}},"882DeINGuPu6NkqQTgkoqOukkpxy7K4mxss+561AXEg=":{"valueMac":{"type":"Buffer","data":"ki2BmmYjUHFUwB6A9+AnxXD1eKvzwV8mcURxlCP0NM8="}},"89Q45jM5MdRxit4SErlzP37/RNjwWRjBCqK6H/yQrzU=":{"valueMac":{"type":"Buffer","data":"zvTED9sXdCXetXIaZDXwi7MM9jlQEMs/GVG68lz25JU="}},"89VuJGMBeKzlMX0sVc0bENhkJrB9UVgy/DjPLXj+/P8=":{"valueMac":{"type":"Buffer","data":"5AOtJV/WsfjYui7OXtL9v/r1YoNCbIsXXi7SNWYBaNU="}},"9bOYUoP2kW4WLj3I2UO4JbaLhzMS3PEZFnWDuQUxtIM=":{"valueMac":{"type":"Buffer","data":"DS8cY/1Y4cp99AWKEzzhqLXjygxcLNKrNuQp1Kl2U0w="}},"9c92m3UuISqTDTtveLoF5uU5mnByWlLAQG/bTUvmyTc=":{"valueMac":{"type":"Buffer","data":"oAPGuom+btsuuZ98klFBA7BiSHiOThGdimjHxkObXUE="}},"9osaaSQBwgKPEY8XbeqcIs8FV0npZg+yN/SVbIvmEoM=":{"valueMac":{"type":"Buffer","data":"YKmyKDbuOkvlTmZrbSKOLk8ddS0AAkdSedQEPwhCC7E="}},"96JyXMZb9LH1XL/KqlEi9+n0WmyweKT2Fr7gY/NsdBU=":{"valueMac":{"type":"Buffer","data":"obT5aP2+Lq5i8em69Thw8D+978MF2Qw0evr4Vqu7NSg="}},"+ANW1R3FyhbNEWqidPojWJM1fTLlYqrXfFyWZuyZY2k=":{"valueMac":{"type":"Buffer","data":"RiVPUsl2wYv3rpgGmfR9uxBOzIQ7NgfZttVeZgl7C6E="}},"+BNTeD6HAwOWDmMSiGarf+e4kplW10y4EDTof8x0/Ns=":{"valueMac":{"type":"Buffer","data":"s3XLqlR3Nvvp44K9s1w9TfDKuZ3OM3oSVCAiJhXHXwI="}},"+VnLK6c+N3M/QTwHeKtQ7OZKMIGzWfteekpJpeuDr0Y=":{"valueMac":{"type":"Buffer","data":"LAucrhA9usvdx02k/gOkUdY+rpjhinTb58F1rET+ypU="}},"+xCHe79Zy8VyLTkwZHpgo7QZv6VNgrMlsUwfkqK09H4=":{"valueMac":{"type":"Buffer","data":"YWeYPdu7txMIz2lb4AsmWli/ScUTuTw6MN1cizZqLaY="}},"+8ICmTTqKyRVQJShBVJKX7ILGEaKFJr0SMBunXLnILk=":{"valueMac":{"type":"Buffer","data":"nZJMMzoZPG0G2qppR18ZHZdGVz6vK9kJUiY+95DNxmw="}},"/Gr3KUXFaJYTpajdmuqCl7BpYrAXd40URtnL8T7y2Jo=":{"valueMac":{"type":"Buffer","data":"d/B/2/eo+a0zow/KMILqqEflvbcpn/DJhTkpg7GJy6k="}},"/uL9LlQ/FkgUmebJtvOjUG76o2vmoCt7SboYZzC/ZVk=":{"valueMac":{"type":"Buffer","data":"S5ouD/TDtRmFqq1K57rLBMNw0a+rl5eAPmIB+ce00u4="}},"/zjC5BKOj9VpWw1qB1jGKpTWuNthcUGdn5b84Dedxd4=":{"valueMac":{"type":"Buffer","data":"MJos4U0jYTlamKoVuMF+chNJny/OqevOWhQHIIHFcws="}},"//XkdGGjAuIWVFZoQ9RQ5g+SXW8jtauIi+Lw1NuekNA=":{"valueMac":{"type":"Buffer","data":"fmeybqGCY5bvLQb/vwxQutYuOpmy6qPeXEsIzpEm0RE="}},"6d9I/rU2JKyTz3JafELV7+nl/muajNTuOP8EpbBR5CA=":{"valueMac":{"type":"Buffer","data":"6XFO9KMGN5NJHXm/aHHHlpvEvXtS8qEIsZxcfC180MA="}},"y4UB9yV54+3kJ5WfjqxN7J8fmb19GfCNbXKnkv19WVU=":{"valueMac":{"type":"Buffer","data":"FwL9SPjgkkZ01JnFpQ27NP+K9pj/CrxC07egDAFW/aA="}},"23PpqYnvPD5KnMb+mMIj3SrOvW9BJOz20j3j/YrPZJg=":{"valueMac":{"type":"Buffer","data":"8VwL3+IFPUvCWs/HruJoNhZB+M9Ph8ThIrnFXRM5kqs="}},"17M3QyxcNNjjv3xLOAqo+FfHAGN67PLPGvGz75twTw8=":{"valueMac":{"type":"Buffer","data":"ZrY85LAosKRRqGOPvh0IqVQPUuf60axbQ2P+cqP3eDo="}},"tI1N1qoIeDdfc8lxe9B8T2/10PQniKI6pX/RAlwoRAU=":{"valueMac":{"type":"Buffer","data":"WoZAeVkvR4UU4tJ2Frj8F+W9oTZNrlXT3vqqF6aMxCo="}},"ACgFQBViKKd4MwrfwL7iuKaae7u2pWdNoCEPb88hsYs=":{"valueMac":{"type":"Buffer","data":"4VPAgFFqETAvCBL9xDslMh7eBQJ/tdsozTw5TrvC8xs="}},"mkN4ohOpKrLYrqEC6EEPctQjVM0GPO6uJR1+HZ5eOtA=":{"valueMac":{"type":"Buffer","data":"lRCn3VqCLU7CnQSb5jYftj6WnDXJjSoLePc6NpV1pHo="}},"+VlCQMSySE1CMGEwcrpPLwGdRyQJkC8pRtGe55cmWtw=":{"valueMac":{"type":"Buffer","data":"mpj3/gREIbWYIBKgl5pcklK65tgtSZDQ5ieZbOotXik="}},"MewpDLzRveQ1KsqMwK5oPyTObPwHbjbJW3D1DVfVj5Y=":{"valueMac":{"type":"Buffer","data":"+XQUL+Jxsf29BDvVfi5SnfolJ+H4sFpYQKumYw1lg4M="}},"0TwcfaVsZPLMVj6L4lo7thXSIqUAyrbcfnaCL3iLtXE=":{"valueMac":{"type":"Buffer","data":"j+0iGOnTWqVEO8bpUS5UumupzxLCr1WUzXpZDZNSWNM="}}}}