{"noiseKey":{"private":{"type":"Buffer","data":"QBBzksBX5nV5pP2+jN1v5bY0FKe+NvgZ1zARqmeJuFU="},"public":{"type":"Buffer","data":"WFNNat33Iu8+P0G+csVBoo0IgcpABIBYvWWxpXabmD0="}},"signedIdentityKey":{"private":{"type":"Buffer","data":"mOZVclgXZTvhoghwUEFeVcRWRI/axAyRvLLvU+vjyXg="},"public":{"type":"Buffer","data":"D2Hx1iaakKZosz3FBZwg1utqYKYVgW1KF12cZhwDDGk="}},"signedPreKey":{"keyPair":{"private":{"type":"Buffer","data":"CDD/A/OBSkAg+oG5asDzQlHrYtL4w5jeTN7Id4ZT2nk="},"public":{"type":"Buffer","data":"iIuBnDP1r/y/cLO3r/CsB5UYshIN5g39sYm4mustxQM="}},"signature":{"type":"Buffer","data":"Sy7uOFLZoXAOFsTNonC0hjIfncg7UCSZzWhHdWlyMsvN/XA/mpQmYS2WbBYUG6AztIMfOHiJW4Gqc2S2Kz1JBg=="},"keyId":1},"registrationId":238,"advSecretKey":"aKmNgqRFLMfZl6q0iAkNWBxNGaykPSG+2G70UtqIU6w=","processedHistoryMessages":[{"key":{"remoteJid":"6283141949142@s.whatsapp.net","fromMe":true,"id":"BD4D0A70D299A845256B0A8ECC4E1205"},"messageTimestamp":1691325899},{"key":{"remoteJid":"6283141949142@s.whatsapp.net","fromMe":true,"id":"2D2613FCD841EEEDA94CCD46BB22AAF6"},"messageTimestamp":1691325900},{"key":{"remoteJid":"6283141949142@s.whatsapp.net","fromMe":true,"id":"EBACBE1B8FB913A3EC0BB585E2836EAC"},"messageTimestamp":1691325916},{"key":{"remoteJid":"6283141949142@s.whatsapp.net","fromMe":true,"id":"15D9C22256771EEAC8EF5819396CEF98"},"messageTimestamp":1691325916}],"nextPreKeyId":32,"firstUnuploadedPreKeyId":32,"accountSyncCounter":1,"accountSettings":{"unarchiveChats":false},"account":{"details":"COGo7+UHEMGrvqYGGAE=","accountSignatureKey":"GEfHSHw+ft+BJwpaqmEXqBZ5ZcxTmoW7sKsHVyEjziM=","accountSignature":"AmDe9a3vip+kOqCkfSLRIffaClzKdkN+dT7CVIr3iiuA8g8f65LCAFE3BETahdit/qxhUnnn67SRdKrrBnypDQ==","deviceSignature":"7512EEzE4Q4Ki8nUVnvRs836vfIoJ2whANu9UhDDBqRDEeWR4bbPRA1ooqvMTWijfe8dCm9JMn85SzHOaTXoDA=="},"me":{"id":"6283141949142:30@s.whatsapp.net","name":"DX BOTT","jid":"6283141949142@s.whatsapp.net"},"signalIdentities":[{"identifier":{"name":"6283141949142:30@s.whatsapp.net","deviceId":0},"identifierKey":{"type":"Buffer","data":"BRhHx0h8Pn7fgScKWqphF6gWeWXMU5qFu7CrB1chI84j"}}],"platform":"smba","lastAccountSyncTimestamp":1691326033,"myAppStateKeyId":"AAAAALtF"}