{"_sessions":{"BXdYl0yz11X2ZoxfvZuMqrdegVGZu1ABDr8RNd4vY6Bp":{"registrationId":1027702540,"currentRatchet":{"ephemeralKeyPair":{"pubKey":"BdJU7jMeH6Vx8NXTl0vUsn4P467zgzQCnLbDGg8C9KhM","privKey":"KMlGcVdHp1tmodm5eFQH0r7Q5VcDgehL2sU5FrKdjnw="},"lastRemoteEphemeralKey":"BRZDvGvThEwa7Uuy/IwylEC9I7SfetttothXbzSp2LYl","previousCounter":0,"rootKey":"/9ynL4NWuwukVZ/vUAOC+YA8s24VbM7ClWYTgd14qzc="},"indexInfo":{"baseKey":"BXdYl0yz11X2ZoxfvZuMqrdegVGZu1ABDr8RNd4vY6Bp","baseKeyType":1,"closed":-1,"used":1691326023862,"created":1691326023862,"remoteIdentityKey":"BSfV5Uuxcj0EjJwylwI/OonturGt2KAk+f4QigNDvppt"},"_chains":{"BdJU7jMeH6Vx8NXTl0vUsn4P467zgzQCnLbDGg8C9KhM":{"chainKey":{"counter":0,"key":"ZsCKhpP6SNKmVSn6jKjs99Y3tfkoNtpo4vCqEUM+8E8="},"chainType":1,"messageKeys":{}}},"pendingPreKey":{"signedKeyId":1,"baseKey":"BXdYl0yz11X2ZoxfvZuMqrdegVGZu1ABDr8RNd4vY6Bp"}}},"version":"v1"}