{"_sessions":{"BVoTGXljwlvnUaEeOH2MZhfnU96lKKLPAk5L7KwFRz86":{"registrationId":893035488,"currentRatchet":{"ephemeralKeyPair":{"pubKey":"BVNcJvGnX385G+3dbsZvWrECymed/3HfSOcCkAVqeq1/","privKey":"YPuG+aA/v5WCe+h50cgxiq1mxe/VjFJmNX34HyiKu0U="},"lastRemoteEphemeralKey":"BZt5i9ikA1OQlglP0mBDjcDKoh3pvsdRoYIzFn4hvBQq","previousCounter":0,"rootKey":"d4jNCsfaXTG0vTok/QingDE89J7rFBt3UeSrvg2lggA="},"indexInfo":{"baseKey":"BVoTGXljwlvnUaEeOH2MZhfnU96lKKLPAk5L7KwFRz86","baseKeyType":1,"closed":-1,"used":1691325928861,"created":1691325928861,"remoteIdentityKey":"BVQD6ug/vFzrNoATZ3nOvXqdn3Pv5PCs0Pkg6dXRSS80"},"_chains":{"BVNcJvGnX385G+3dbsZvWrECymed/3HfSOcCkAVqeq1/":{"chainKey":{"counter":1,"key":"PXRsNA4i1JIp2oME97QTvBVX7+IxACzy/7OVCpegRug="},"chainType":1,"messageKeys":{}}},"pendingPreKey":{"signedKeyId":8,"baseKey":"BVoTGXljwlvnUaEeOH2MZhfnU96lKKLPAk5L7KwFRz86"}}},"version":"v1"}