{"_sessions":{"BfCzdtQz8R81tsbjPZbmYBnAm5WO/8lBWlclsSRDwVhD":{"registrationId":190054074,"currentRatchet":{"ephemeralKeyPair":{"pubKey":"BTR+ZkstJowRanFMz9ydYBDRMRkUjjhwqPcaYSmMQuA/","privKey":"QJDpd0LP11EnikQZiQIbgkSm7snFFOUhZn+azyVp00c="},"lastRemoteEphemeralKey":"BUdlUs8sKgGvR99+19CWCswbbLbKWFi4tknWGAFLoa5B","previousCounter":0,"rootKey":"BNDW0M8fg3oYu02AVX0AfvuyYEpTyWb0/3bSaPq9vHk="},"indexInfo":{"baseKey":"BfCzdtQz8R81tsbjPZbmYBnAm5WO/8lBWlclsSRDwVhD","baseKeyType":1,"closed":-1,"used":1691326025660,"created":1691326025660,"remoteIdentityKey":"BRg+AiD5aEKBPrSVrhh7Ns3c5dOmjg+CL/tBA1w/nehD"},"_chains":{"BTR+ZkstJowRanFMz9ydYBDRMRkUjjhwqPcaYSmMQuA/":{"chainKey":{"counter":0,"key":"NNCVgYni7y8rxVq3g0W9627NZoXdtPgJNuCteQW6ibc="},"chainType":1,"messageKeys":{}}},"pendingPreKey":{"signedKeyId":1,"baseKey":"BfCzdtQz8R81tsbjPZbmYBnAm5WO/8lBWlclsSRDwVhD","preKeyId":5357099}}},"version":"v1"}