{"_sessions":{"BfT87nRC6+O+NpJ6hrIc2+NEQ0bjkVrZPcWUgA+cjak5":{"registrationId":214471125,"currentRatchet":{"ephemeralKeyPair":{"pubKey":"BTDk74QurndvoqIoirCUHvj2Q0nFF0eKLJP75J15kEMX","privKey":"kEMKkWHDAuxA9/K2rtLpzKJmxhcPSSnD/Vti4iTMa3E="},"lastRemoteEphemeralKey":"BX2UdtVk19ZOVYCi3lDQULmMnIy4mHxlWe40eslpPoNP","previousCounter":0,"rootKey":"7DWfedTwP7hEL6eVdU6s6rL8oa18EGWP+S9fdbHLUaI="},"indexInfo":{"baseKey":"BfT87nRC6+O+NpJ6hrIc2+NEQ0bjkVrZPcWUgA+cjak5","baseKeyType":1,"closed":-1,"used":1691326020869,"created":1691326020869,"remoteIdentityKey":"BY6KL/NC7teKAqXhHzsClf0GY4O8rC4er6A/C65gxPpy"},"_chains":{"BTDk74QurndvoqIoirCUHvj2Q0nFF0eKLJP75J15kEMX":{"chainKey":{"counter":0,"key":"ZU0VzFiIeMLCT5kDGaZjrHwft4LtWgubgW2ZBq5uqf8="},"chainType":1,"messageKeys":{}}},"pendingPreKey":{"signedKeyId":2,"baseKey":"BfT87nRC6+O+NpJ6hrIc2+NEQ0bjkVrZPcWUgA+cjak5","preKeyId":16671911}}},"version":"v1"}