{"_sessions":{"BW+TSVR0KXpsilxDG/YP4cnDOmAmiYxD9OKd7bom1r0w":{"registrationId":420182836,"currentRatchet":{"ephemeralKeyPair":{"pubKey":"BZGazs0j0n6dVY02ZiUbw/1EIWYuR4TEHJ4RyAlMoooA","privKey":"EFnAJ7//0W6q7KiozBUbN7c8ReRRFsjbf9w9B+m6U3k="},"lastRemoteEphemeralKey":"BUduu71m7k7CauH2VzbriAX6m5anIqevuNrh0va9lUk+","previousCounter":0,"rootKey":"rXNwHZlNbrLVW/keV+9kWLXRFNbLuUWJ5wy9QwKlnqk="},"indexInfo":{"baseKey":"BW+TSVR0KXpsilxDG/YP4cnDOmAmiYxD9OKd7bom1r0w","baseKeyType":1,"closed":-1,"used":1691326024870,"created":1691326024870,"remoteIdentityKey":"BbVNKc3zPXkMjkDrIfQINQFV0uHnA40PQejgEQqVmtRk"},"_chains":{"BZGazs0j0n6dVY02ZiUbw/1EIWYuR4TEHJ4RyAlMoooA":{"chainKey":{"counter":0,"key":"LVrn5bVIC2/SBA97oaruUt7MbL8CQjV6daYzge9lYKI="},"chainType":1,"messageKeys":{}}},"pendingPreKey":{"signedKeyId":0,"baseKey":"BW+TSVR0KXpsilxDG/YP4cnDOmAmiYxD9OKd7bom1r0w","preKeyId":9608089}}},"version":"v1"}