{"_sessions":{"BeuOHnCEF6IOfP66cc8vhECB1glz2vrIlz4EoWeMBxxv":{"registrationId":1972193883,"currentRatchet":{"ephemeralKeyPair":{"pubKey":"Bbe0gQg25U3QdZWCCVWhqxzsUo6G1AHBBdHD7AEW+8MC","privKey":"8EqGmqyr4D5rgA3KWwFkNthmvbb/sj6SoA/Lkrlv5FM="},"lastRemoteEphemeralKey":"BSX/R1B3ZOlUUeww5hyESpH6M/q4z7RVClCGaHey75Yd","previousCounter":0,"rootKey":"k7bnUEshLRy7xFXJ8fMWEP1JnmSCAsz5S/bzpadMPWU="},"indexInfo":{"baseKey":"BeuOHnCEF6IOfP66cc8vhECB1glz2vrIlz4EoWeMBxxv","baseKeyType":1,"closed":-1,"used":1691325928833,"created":1691325928833,"remoteIdentityKey":"BbKcRWjUO12IVaBFBidiZhpXt+B8LcMKgCr0g8cIAilV"},"_chains":{"Bbe0gQg25U3QdZWCCVWhqxzsUo6G1AHBBdHD7AEW+8MC":{"chainKey":{"counter":1,"key":"+DVmrv+KUPR4M6Rar+qyu/gVHjoJ2QK++8kkur0aqaY="},"chainType":1,"messageKeys":{}}},"pendingPreKey":{"signedKeyId":1,"baseKey":"BeuOHnCEF6IOfP66cc8vhECB1glz2vrIlz4EoWeMBxxv","preKeyId":7295296}}},"version":"v1"}