{"_sessions":{"BWuNugo4C2X+CsTMHVV+BWC0t4UYxFui3+7+vY+mwQdB":{"registrationId":755129192,"currentRatchet":{"ephemeralKeyPair":{"pubKey":"BZE5wz9h2suo7ENnqX5DIBEx7lmWRzBq+i2wqz0bcrIU","privKey":"cPBUp4Mjtd6OdwQjYffXJI7zOLFKdf0AtjiuRy5kXWo="},"lastRemoteEphemeralKey":"BQUWdyxmRaaqALSoI9j2PwNtFQDaAHYKyS5SMXTFe09a","previousCounter":0,"rootKey":"qXbeAoey8fI4V9oWWd1paCErbS8sz1o0t4z1e9J/Udg="},"indexInfo":{"baseKey":"BWuNugo4C2X+CsTMHVV+BWC0t4UYxFui3+7+vY+mwQdB","baseKeyType":1,"closed":-1,"used":1691326021155,"created":1691326021155,"remoteIdentityKey":"BcLFhk4GJDFJL6zo4FToDNmxeoL4sDXUg2S6umaX+U01"},"_chains":{"BZE5wz9h2suo7ENnqX5DIBEx7lmWRzBq+i2wqz0bcrIU":{"chainKey":{"counter":0,"key":"VYlp3RRkOYWMnlO8g/vLeTVR/RxoMzwpy1WHrbZ9XnU="},"chainType":1,"messageKeys":{}}},"pendingPreKey":{"signedKeyId":3,"baseKey":"BWuNugo4C2X+CsTMHVV+BWC0t4UYxFui3+7+vY+mwQdB"}}},"version":"v1"}