{"_sessions":{"BWExpi3ZGKdHDN4oBGIjTYgsNGR+PsmCjJ6JVSnRnkww":{"registrationId":1068718054,"currentRatchet":{"ephemeralKeyPair":{"pubKey":"BTfztbKsAgvEHI+mmNd3gowrwSQj5KoxeBYihcA2nE9L","privKey":"0OX7xfXykybWzJjT61nyuXfQWtRFXC5yXok1PafkAXw="},"lastRemoteEphemeralKey":"BbRFDfB/iDyodW5NwCpP89cPE7MOCDlUjkweINa29j5M","previousCounter":0,"rootKey":"1NJbPUZHMuGt6cWGtA+m8RqQZZvc6WCrl+/omJMKicA="},"indexInfo":{"baseKey":"BWExpi3ZGKdHDN4oBGIjTYgsNGR+PsmCjJ6JVSnRnkww","baseKeyType":1,"closed":-1,"used":1691326019748,"created":1691326019748,"remoteIdentityKey":"BWWeQMyJp6BwT/y2ZzukO7+a87kgmP3Zt++gbDEWzWss"},"_chains":{"BTfztbKsAgvEHI+mmNd3gowrwSQj5KoxeBYihcA2nE9L":{"chainKey":{"counter":0,"key":"S5fKhI8YoJj8W6IzlUyW+gwzRBgH4GBQypkON9aB2u4="},"chainType":1,"messageKeys":{}}},"pendingPreKey":{"signedKeyId":1,"baseKey":"BWExpi3ZGKdHDN4oBGIjTYgsNGR+PsmCjJ6JVSnRnkww","preKeyId":11619566}}},"version":"v1"}