{"_sessions":{"BYC8DFp+81Weq6V7AmFBrhoQxEieMkTIZyY7HmsYg4pz":{"registrationId":1741941330,"currentRatchet":{"ephemeralKeyPair":{"pubKey":"BU3g/3b+55bdTDjjYWcUweARkJ76dX0og8UjPFCeOCo9","privKey":"gNy9pdJ/v+BjkpNFW5DLyZl3Tu0dEiSnCnLcrE6zSEw="},"lastRemoteEphemeralKey":"BSgCJ+vB7WXkZZztPj5u0FN7JltxsESpRtCGqlZ7oLZk","previousCounter":0,"rootKey":"6HWcr6jvt7t4PghQqQGR6f8ko3VEeIv9ulPhPUYSIf4="},"indexInfo":{"baseKey":"BYC8DFp+81Weq6V7AmFBrhoQxEieMkTIZyY7HmsYg4pz","baseKeyType":1,"closed":-1,"used":1691326019545,"created":1691326019545,"remoteIdentityKey":"BWrMbsh+29/XEuALSWVRW8uYXDlnaGdibT4PevHukFs0"},"_chains":{"BU3g/3b+55bdTDjjYWcUweARkJ76dX0og8UjPFCeOCo9":{"chainKey":{"counter":0,"key":"SqOGUvsN+WTTLSvOlOgEVnzwFsWX8e1zJj0Q/droYvk="},"chainType":1,"messageKeys":{}}},"pendingPreKey":{"signedKeyId":0,"baseKey":"BYC8DFp+81Weq6V7AmFBrhoQxEieMkTIZyY7HmsYg4pz"}}},"version":"v1"}