{"_sessions":{"BRHr3HJ+aKk8bdMWLL3hj6G+OIjkOiExTmgwOKX+Gh4m":{"registrationId":1965152812,"currentRatchet":{"ephemeralKeyPair":{"pubKey":"BeYHqd3v9/DjsGXoY2Q8L5KhiKtcvadDMi6D3Q7AguA6","privKey":"8BYjrgFoC3fPVHU8JHliGmnQlTSB538v/5MlruCAIGE="},"lastRemoteEphemeralKey":"Bf1ZH+scxVIooSaaXEdl0UcjnAse9xVk9GiNu6jlU956","previousCounter":0,"rootKey":"BZF4+Q+SRbBguMB+W+OHFWpoEsWxyGbtYFOTAGO8k5Q="},"indexInfo":{"baseKey":"BRHr3HJ+aKk8bdMWLL3hj6G+OIjkOiExTmgwOKX+Gh4m","baseKeyType":1,"closed":-1,"used":1691325929365,"created":1691325929365,"remoteIdentityKey":"BX8qYOe3WjD0+EeVl5fhdUIbRPuLDAdooicHI3bX9oQ7"},"_chains":{"BeYHqd3v9/DjsGXoY2Q8L5KhiKtcvadDMi6D3Q7AguA6":{"chainKey":{"counter":1,"key":"33HBVs4sgRnINCmGoVXGSM/1MgIZV0A9I1L+Lu8luNA="},"chainType":1,"messageKeys":{}}},"pendingPreKey":{"signedKeyId":5,"baseKey":"BRHr3HJ+aKk8bdMWLL3hj6G+OIjkOiExTmgwOKX+Gh4m","preKeyId":7864000}}},"version":"v1"}