{"_sessions":{"BUJNd0sN/0dgEzSHsu31aBnI9yKLJocVDYW0+Weqhmc/":{"registrationId":147,"currentRatchet":{"ephemeralKeyPair":{"pubKey":"BZczF4Vy4pmOARjw8YmLIkverScrL1wXcEvcl6whxGko","privKey":"OF/wGX7ijrNPyLsRxzmn74JskM+cBDZfCtskM6ZGFUc="},"lastRemoteEphemeralKey":"BXkXxOZzYEjOm96ryo8mLi+VbsYlRUx5WaRlunaSLN0H","previousCounter":0,"rootKey":"geuZBqlvoCeAnGsyJqS+bU3R+nfRPNYqCSi9h6LTGKI="},"indexInfo":{"baseKey":"BUJNd0sN/0dgEzSHsu31aBnI9yKLJocVDYW0+Weqhmc/","baseKeyType":1,"closed":-1,"used":1691325928371,"created":1691325928371,"remoteIdentityKey":"BZa6JC38RUMSH2wmPX1ZBsC8x2rSDkxW/yp1l6ogll0e"},"_chains":{"BZczF4Vy4pmOARjw8YmLIkverScrL1wXcEvcl6whxGko":{"chainKey":{"counter":1,"key":"GS+Fp7snt7aGT/7WN7myPbCUjyGSzKcLWKAOGz+Fyk4="},"chainType":1,"messageKeys":{}}},"pendingPreKey":{"signedKeyId":1,"baseKey":"BUJNd0sN/0dgEzSHsu31aBnI9yKLJocVDYW0+Weqhmc/"}}},"version":"v1"}