{"_sessions":{"BTG8zaKH8B0A5UXS4zBZ1SJUqWoyuDOkLKl2X/2n/+ti":{"registrationId":116856069,"currentRatchet":{"ephemeralKeyPair":{"pubKey":"BUhygXu0Q1atQ0BP3s1bvbf8Mc3yONT5OM0Sf5KpB7Vt","privKey":"KKAP7F4yL2pFmM28OY2FG1cy/Ei6ksoNpQyvunyDEng="},"lastRemoteEphemeralKey":"BR69s7l6dZA1pnI9yoIJwixCyFveadhEvPt0JlhcW61M","previousCounter":0,"rootKey":"4VP7CnkBZPj+fi/xy+IlG4JJIUQVMhjImkthzjI3X3g="},"indexInfo":{"baseKey":"BTG8zaKH8B0A5UXS4zBZ1SJUqWoyuDOkLKl2X/2n/+ti","baseKeyType":1,"closed":-1,"used":1691325929475,"created":1691325929475,"remoteIdentityKey":"BXQ7Kdor50VGImw8lr+OlpBG0/VO1ycHuUuqBAn+CVAe"},"_chains":{"BUhygXu0Q1atQ0BP3s1bvbf8Mc3yONT5OM0Sf5KpB7Vt":{"chainKey":{"counter":1,"key":"cwuhkygiCQggduJTXvkZ1QHw0mNwiKQesZuc2FfqGqQ="},"chainType":1,"messageKeys":{}}},"pendingPreKey":{"signedKeyId":6,"baseKey":"BTG8zaKH8B0A5UXS4zBZ1SJUqWoyuDOkLKl2X/2n/+ti","preKeyId":8580299}}},"version":"v1"}