{"_sessions":{"BXNJEMTs3VPEFVL5PFPUmMd78WUDMfao+pouNuvTN3AB":{"registrationId":2029980876,"currentRatchet":{"ephemeralKeyPair":{"pubKey":"BZFh8K1qiY6O+wAmOs74puOm+sIRbjzKkvHT+asiUaQo","privKey":"QPvY3lYxrnad1EHoE4o+6jq/7tiwosoZBVPxGkvh/GM="},"lastRemoteEphemeralKey":"BQSm3waD3rEAH1K2CpU9Uju/Oww2HQYxk2ZWkgMrneg5","previousCounter":0,"rootKey":"l37a9r3ALVlxaYjYG3TbTLJ9fmQzY9LNM8YSReRY46I="},"indexInfo":{"baseKey":"BXNJEMTs3VPEFVL5PFPUmMd78WUDMfao+pouNuvTN3AB","baseKeyType":1,"closed":-1,"used":1691325929359,"created":1691325929359,"remoteIdentityKey":"BQ7k3kLzcTonbGz9ihYl9pyYxFYajsVX+0dVfPMPkCNC"},"_chains":{"BZFh8K1qiY6O+wAmOs74puOm+sIRbjzKkvHT+asiUaQo":{"chainKey":{"counter":1,"key":"1C19iSwRYZBbpeVUn7+V0a64WJBr8qLPvaSgcbDO9Rc="},"chainType":1,"messageKeys":{}}},"pendingPreKey":{"signedKeyId":2,"baseKey":"BXNJEMTs3VPEFVL5PFPUmMd78WUDMfao+pouNuvTN3AB","preKeyId":12993553}}},"version":"v1"}