{"_sessions":{"BQcq4oRdI7/t+TC3969QJYlDzHX/PyMyXdgyfQ67Kn1m":{"registrationId":1715877799,"currentRatchet":{"ephemeralKeyPair":{"pubKey":"BSws35Mc7ywVhalEhBNsD5W28SsW3+dpSWq4zQRTFiF+","privKey":"wNAA2quLsvV4wpvlACPQjwY6bkyyU1MuuoDWFzBafXE="},"lastRemoteEphemeralKey":"BSJ0ymbrqjSkADFCWo6L6WedfzxNYj/vlalVaMZfMtRv","previousCounter":0,"rootKey":"Nidp0of5jg7A7JUE6dN6QoLvPJ8J4Vrg1buXZAK3+1g="},"indexInfo":{"baseKey":"BQcq4oRdI7/t+TC3969QJYlDzHX/PyMyXdgyfQ67Kn1m","baseKeyType":1,"closed":-1,"used":1691326021055,"created":1691326021055,"remoteIdentityKey":"BV6JhF2ymT/S5bVmLoPzrADbsHTt9Lc7UPr2kGZdW68x"},"_chains":{"BSws35Mc7ywVhalEhBNsD5W28SsW3+dpSWq4zQRTFiF+":{"chainKey":{"counter":0,"key":"y32CV/x0Kj8/Do6FzsoxYRQk+npfoupY7ZBMv8CaTVM="},"chainType":1,"messageKeys":{}}},"pendingPreKey":{"signedKeyId":6,"baseKey":"BQcq4oRdI7/t+TC3969QJYlDzHX/PyMyXdgyfQ67Kn1m","preKeyId":7535283}}},"version":"v1"}