{"_sessions":{"BflMeh5xYyULPSEdCqHlp43o66/qTu4nDrcgVcv7rUZ1":{"registrationId":2069580776,"currentRatchet":{"ephemeralKeyPair":{"pubKey":"BaIjt7HI28B0aRZc9gWsrHgxobsFBOOH6+ZB02H0fyNP","privKey":"EObl4/QfYGhz7IfMpNY5mZSO0lyQirkkQhzCujFtJWk="},"lastRemoteEphemeralKey":"BQ7Bh/KYeIfj3vNiZEsB8o2+1RcElHzoyNkmKvsp+LQm","previousCounter":0,"rootKey":"etrVLXuqO3wzEEp71FvDq6ctWac91Y12MjfQXi9v3t0="},"indexInfo":{"baseKey":"BflMeh5xYyULPSEdCqHlp43o66/qTu4nDrcgVcv7rUZ1","baseKeyType":1,"closed":-1,"used":1691326020730,"created":1691326020730,"remoteIdentityKey":"BVG1UutitIBEcPgMgM11qPOvE+EnWktK8m4Rc+jwJnIR"},"_chains":{"BaIjt7HI28B0aRZc9gWsrHgxobsFBOOH6+ZB02H0fyNP":{"chainKey":{"counter":0,"key":"5nnhSBhJ89xQ7rv4ixmmjY9k7zFnhUz8AzhAjuwzJOE="},"chainType":1,"messageKeys":{}}},"pendingPreKey":{"signedKeyId":2,"baseKey":"BflMeh5xYyULPSEdCqHlp43o66/qTu4nDrcgVcv7rUZ1"}}},"version":"v1"}