{"_sessions":{"Ba2X1dN0ZRQj34lNsIfqB4tYle5EO8hrNJEAxMCbV41n":{"registrationId":16253918,"currentRatchet":{"ephemeralKeyPair":{"pubKey":"BR60QHc988gcSKelbhYuV+6VqQcnUqBJ6CDaUPe/eK8r","privKey":"QLEdp+lrfWCh6cMm4f6J78Ct4Bo0/wc19+VguCGGPVU="},"lastRemoteEphemeralKey":"BZOrGCNGoD2EwXJ8CssbZ614/PwOl64OL9Af7bV0q+x7","previousCounter":0,"rootKey":"B7s/xomf9B+FNRpo4Ty9gBTnzw1d4Nqd8vZzTOmzFiQ="},"indexInfo":{"baseKey":"Ba2X1dN0ZRQj34lNsIfqB4tYle5EO8hrNJEAxMCbV41n","baseKeyType":1,"closed":-1,"used":1691325929042,"created":1691325929042,"remoteIdentityKey":"BT1jgjZ1bZUVJW/Wm6iyNlPnhIqDvn5YGEhWf52vdPgQ"},"_chains":{"BR60QHc988gcSKelbhYuV+6VqQcnUqBJ6CDaUPe/eK8r":{"chainKey":{"counter":1,"key":"+5yhUOgivsnIKTH49xGMFkjrtv3PyMdezpwM4IF4kOc="},"chainType":1,"messageKeys":{}}},"pendingPreKey":{"signedKeyId":14,"baseKey":"Ba2X1dN0ZRQj34lNsIfqB4tYle5EO8hrNJEAxMCbV41n","preKeyId":15207925}}},"version":"v1"}