{"_sessions":{"BQbZkriodeRktDnj4g5rGcTWzVYKWqiuioFBP+Lp7hBI":{"registrationId":1567690798,"currentRatchet":{"ephemeralKeyPair":{"pubKey":"BV7nxvGPd8bvdUf2nOp9YPWFRsGqS9q2Jpl7tCo74a02","privKey":"gI2D++uyiSiWqDfYW0VIiWfABlf2A2Jsv17II+VR5nY="},"lastRemoteEphemeralKey":"BUx1tyfsKHxxPv1tz9a+v3lZWaKZ8nPmMpLGbuKgx/FS","previousCounter":0,"rootKey":"KlaeS9tfNOO9EbdZQwS5KMkbkvT3VSyeMv1bFOah97g="},"indexInfo":{"baseKey":"BQbZkriodeRktDnj4g5rGcTWzVYKWqiuioFBP+Lp7hBI","baseKeyType":1,"closed":-1,"used":1691326019730,"created":1691326019730,"remoteIdentityKey":"BRvy53R3MxfBKzEq8L5/fu2qgoObD2BSpCTGhxu8Eh5x"},"_chains":{"BV7nxvGPd8bvdUf2nOp9YPWFRsGqS9q2Jpl7tCo74a02":{"chainKey":{"counter":0,"key":"pG29EYIsPNNgrBzqKsmLbXqW1M8CS8kwv65JocUi+FY="},"chainType":1,"messageKeys":{}}},"pendingPreKey":{"signedKeyId":0,"baseKey":"BQbZkriodeRktDnj4g5rGcTWzVYKWqiuioFBP+Lp7hBI","preKeyId":16230819}}},"version":"v1"}