{"_sessions":{"BRCFDHp5jegjmUnlynAymOkx5+MJJccDGEraQyxPDl1S":{"registrationId":153993858,"currentRatchet":{"ephemeralKeyPair":{"pubKey":"BRxVCS8T4fH/dNksjaftNNAA9ETguA8ISeqhcFnUFlhO","privKey":"sKGDalzzDKjUpIdTkysi1fe0IWtBYYY35s94wP1Mn0g="},"lastRemoteEphemeralKey":"BcASvd5KJYjvHUvLYgc1Kv3PXz7guwBXr0y2RJ3ZjmlC","previousCounter":0,"rootKey":"BlpS6TUcg6xfhOPROW0bPZTtKCS8DjYxU9Nd6MSdc4o="},"indexInfo":{"baseKey":"BRCFDHp5jegjmUnlynAymOkx5+MJJccDGEraQyxPDl1S","baseKeyType":1,"closed":-1,"used":1691325928542,"created":1691325928542,"remoteIdentityKey":"BaIwiJxZL1SBiKoI0tZAgfUIKswJsvxACixBPpedNdcs"},"_chains":{"BRxVCS8T4fH/dNksjaftNNAA9ETguA8ISeqhcFnUFlhO":{"chainKey":{"counter":1,"key":"174l+K0anqiDrg8oFLDvqmbjMCbZpzEw+tEvWMhVT3w="},"chainType":1,"messageKeys":{}}},"pendingPreKey":{"signedKeyId":17,"baseKey":"BRCFDHp5jegjmUnlynAymOkx5+MJJccDGEraQyxPDl1S","preKeyId":4539957}}},"version":"v1"}