{"_sessions":{"BTVSOW4PFz6x0OVoPk5KmxhO8kUTJXCzspyzjG1HlvMW":{"registrationId":8783542,"currentRatchet":{"ephemeralKeyPair":{"pubKey":"BStQwJ5sGLh7AoQFMUypI9fZ2eTjodp9m3EUIu2V9Wsy","privKey":"uHw0cc0Z7SFeOeg77bEnR1+SJB4blEhKE4/kN5LpTlo="},"lastRemoteEphemeralKey":"BcXQZs4xsaK7qImFJlFXMSbhqi2hfu5oVEzTv2vkIuk+","previousCounter":0,"rootKey":"A5fqqV9bJ0udvuH4u/IOjZh8OcLifCLlCFEqK+qg924="},"indexInfo":{"baseKey":"BTVSOW4PFz6x0OVoPk5KmxhO8kUTJXCzspyzjG1HlvMW","baseKeyType":1,"closed":-1,"used":1691326020760,"created":1691326020760,"remoteIdentityKey":"BWGFDdTnI2YOMcbxghdNPijeyaQA2rIeGf7yDKmq0nsT"},"_chains":{"BStQwJ5sGLh7AoQFMUypI9fZ2eTjodp9m3EUIu2V9Wsy":{"chainKey":{"counter":0,"key":"vYsVEkU87UHWDg8qsiZ2a+TUZQ3bswR+ZTIfFuRsBjY="},"chainType":1,"messageKeys":{}}},"pendingPreKey":{"signedKeyId":2,"baseKey":"BTVSOW4PFz6x0OVoPk5KmxhO8kUTJXCzspyzjG1HlvMW","preKeyId":10686881}}},"version":"v1"}