{"_sessions":{"BbuS52R6ZmNFILeOh+J/Jw54idy116jPY28yhNRWQIxC":{"registrationId":1210731019,"currentRatchet":{"ephemeralKeyPair":{"pubKey":"BTkmq8RvTh9KDcWk75C5JEb7CVGE7xhzt3f68eFY9ZZf","privKey":"AFpXqdTNUB4G00dH0NvrsdO+lIXc4iPTMj+WlI0tFXc="},"lastRemoteEphemeralKey":"BXwKmf+Ei+pCzXgtdG4JcnqAnPLuUEOT3iyZaiVBmClJ","previousCounter":0,"rootKey":"nFbGXbFEzydbqWK0AOtS+LuIFyFPQglebNAFQbEbhQM="},"indexInfo":{"baseKey":"BbuS52R6ZmNFILeOh+J/Jw54idy116jPY28yhNRWQIxC","baseKeyType":1,"closed":-1,"used":1691326025171,"created":1691326025171,"remoteIdentityKey":"Bbkvklq5AVucZ8P5kfHB5fsEGa0/0qUkTC/tK1spQ0Zv"},"_chains":{"BTkmq8RvTh9KDcWk75C5JEb7CVGE7xhzt3f68eFY9ZZf":{"chainKey":{"counter":0,"key":"Plu0BElPRsrV9NSNtQ8JCDM9O85EEDwAHf+crQoCQtI="},"chainType":1,"messageKeys":{}}},"pendingPreKey":{"signedKeyId":0,"baseKey":"BbuS52R6ZmNFILeOh+J/Jw54idy116jPY28yhNRWQIxC","preKeyId":10431284}}},"version":"v1"}