{"_sessions":{"BW/QKelDAEkalr47SAHTsy/+3VXeURRY4UU29ywzk1wM":{"registrationId":1560531947,"currentRatchet":{"ephemeralKeyPair":{"pubKey":"BTIjMQPCMhDwpWY0CgEA1bAyDjq2HOj4+WpOwfeTTQ0O","privKey":"INQo+VmgZH1cDYZSAIyLhOekVFUQOPFzb1YfEErxUWE="},"lastRemoteEphemeralKey":"BRL9NYMHp2jmbpNSenSt8atlyX5E0zkWj2RB9dE62Axu","previousCounter":0,"rootKey":"qqqV6TN2V7Aofuxwb+VXh1jb+bftiXOD5nelO/L5Xys="},"indexInfo":{"baseKey":"BW/QKelDAEkalr47SAHTsy/+3VXeURRY4UU29ywzk1wM","baseKeyType":1,"closed":-1,"used":1691326019333,"created":1691326019333,"remoteIdentityKey":"BbhMFi9GEfIwnnodKHZxJxv5/Rqw2U8s2GRFsjv5AKAT"},"_chains":{"BTIjMQPCMhDwpWY0CgEA1bAyDjq2HOj4+WpOwfeTTQ0O":{"chainKey":{"counter":0,"key":"xMFRHwH0eu0D7atMBVh8LFNMzfo0iGKn3G0A8QgXM4s="},"chainType":1,"messageKeys":{}}},"pendingPreKey":{"signedKeyId":6,"baseKey":"BW/QKelDAEkalr47SAHTsy/+3VXeURRY4UU29ywzk1wM"}}},"version":"v1"}