{"_sessions":{"BRw2ZlrYk/GIlRhDNyFZBQY1Hi2FJAmVh7svDrBJJiMn":{"registrationId":1830697729,"currentRatchet":{"ephemeralKeyPair":{"pubKey":"BbM+iti7ZKhdOoqBWvXr6CZe//XER2Mr5iPAWqfO5rMi","privKey":"4EqimTlgMkakZCwxYjcB3JLappW4lPzuIObXmFcPBWg="},"lastRemoteEphemeralKey":"BRsS9L9ImU6K+5mWPEpBpNxbyGmiNYL2iRVfhVsmC7Ye","previousCounter":0,"rootKey":"FN1hUMvQvyIU2eC8Ijxf/rz4pszTjcXzv3JNviU+avc="},"indexInfo":{"baseKey":"BRw2ZlrYk/GIlRhDNyFZBQY1Hi2FJAmVh7svDrBJJiMn","baseKeyType":1,"closed":-1,"used":1691326024053,"created":1691326024053,"remoteIdentityKey":"BekFPL0SNnYuM2c/R5j6K9O90/TWJ9/fDuFXwrjCQT4T"},"_chains":{"BbM+iti7ZKhdOoqBWvXr6CZe//XER2Mr5iPAWqfO5rMi":{"chainKey":{"counter":0,"key":"uiHf628y1k/R/YU2QsDpLunAiZP6Vsp80EIGADqDpjg="},"chainType":1,"messageKeys":{}}},"pendingPreKey":{"signedKeyId":2,"baseKey":"BRw2ZlrYk/GIlRhDNyFZBQY1Hi2FJAmVh7svDrBJJiMn"}}},"version":"v1"}