{"_sessions":{"BTHXJwZ0PbkDRpiHuAG5gKBSjbkU0Pj5SgmNTvoS/mcw":{"registrationId":194279642,"currentRatchet":{"ephemeralKeyPair":{"pubKey":"Bcu3NBL76M4ccaQwJww3uK1Lfvg7duQWXWNpE3QlcTAp","privKey":"QEv9SAXjTP0drXik02PPg5UxxoWAzoNuGX8ylDwDb04="},"lastRemoteEphemeralKey":"BaXmKgRzBf5KB50cYcO1Ekv3YdsTJKO7QrBHanZgzIV+","previousCounter":0,"rootKey":"gVwL/a3LfL/yB2Tr23nTdaO66766im+TxKpYib521g8="},"indexInfo":{"baseKey":"BTHXJwZ0PbkDRpiHuAG5gKBSjbkU0Pj5SgmNTvoS/mcw","baseKeyType":1,"closed":-1,"used":1691326020528,"created":1691326020528,"remoteIdentityKey":"BZF2oJHpsWV1wEBMiTLTCKBDbblhZIyVkHTntuA5+/1P"},"_chains":{"Bcu3NBL76M4ccaQwJww3uK1Lfvg7duQWXWNpE3QlcTAp":{"chainKey":{"counter":0,"key":"S7NMpapQnsk/0U3DfLlci6YS+d+PKK4Sj+2Pav4vKrU="},"chainType":1,"messageKeys":{}}},"pendingPreKey":{"signedKeyId":0,"baseKey":"BTHXJwZ0PbkDRpiHuAG5gKBSjbkU0Pj5SgmNTvoS/mcw","preKeyId":9122674}}},"version":"v1"}