{"_sessions":{"BYfdYH/N64HAGZBPT9TaH0PDUXGS9B+uRLs62EEHDgs2":{"registrationId":1159881824,"currentRatchet":{"ephemeralKeyPair":{"pubKey":"BTwXEK4mf145gCYxJiwxgBqZhm0RDW7IWJFpTGCgB7NZ","privKey":"UOKf/CrvRFx6KYpMbREJKLy+6KsJbyjzR2XVRSrX3E8="},"lastRemoteEphemeralKey":"Bd81cXxQLhjw9x0/+Pr/U82da7Gyqga2n/pC8DWaMiNu","previousCounter":0,"rootKey":"zhLiXt37McXFdeMjl4RtEiaAn/1REdCCcok1t4GPzc4="},"indexInfo":{"baseKey":"BYfdYH/N64HAGZBPT9TaH0PDUXGS9B+uRLs62EEHDgs2","baseKeyType":1,"closed":-1,"used":1691326019975,"created":1691326019975,"remoteIdentityKey":"BXzU+sHDWXC2LqL28oAhY4xZjCSpGefW86RydasHGdNf"},"_chains":{"BTwXEK4mf145gCYxJiwxgBqZhm0RDW7IWJFpTGCgB7NZ":{"chainKey":{"counter":0,"key":"yDd+WNeJqqO732x3OCfbnIOj7T2x2Awo/Lkn0ZsXwbk="},"chainType":1,"messageKeys":{}}},"pendingPreKey":{"signedKeyId":2,"baseKey":"BYfdYH/N64HAGZBPT9TaH0PDUXGS9B+uRLs62EEHDgs2","preKeyId":4581662}}},"version":"v1"}