{"_sessions":{"BV7Cfuov6gabRSxaOpPj1btJ5m+a0CcVR6nvSa8vNY1L":{"registrationId":643130291,"currentRatchet":{"ephemeralKeyPair":{"pubKey":"BTeHJqjzq6RnnCktuC70xfYheTkpPZct/aKQ34j8EcIk","privKey":"iBKamdS4k4YHYtof3ns8z4oFBSCOQy2nIWjD87Rk0UM="},"lastRemoteEphemeralKey":"BR1LoIR6lmmpVK0zh99hIkacUjGbbf1N5wiJ8ic2uC8G","previousCounter":0,"rootKey":"Hl6lRbJ1to481+3aqSw/Giy2qz6ieviSLw0vDyQr3PM="},"indexInfo":{"baseKey":"BV7Cfuov6gabRSxaOpPj1btJ5m+a0CcVR6nvSa8vNY1L","baseKeyType":1,"closed":-1,"used":1691325930131,"created":1691325930131,"remoteIdentityKey":"BRtu2lMjf6309DCeO/ZcR2ynaUVZEYVqDNn6CfNO+NMM"},"_chains":{"BTeHJqjzq6RnnCktuC70xfYheTkpPZct/aKQ34j8EcIk":{"chainKey":{"counter":1,"key":"6q5ImMTqQypYlsC3S0ITyhe3eO5kew8PGSgGvaBxaGg="},"chainType":1,"messageKeys":{}}},"pendingPreKey":{"signedKeyId":7,"baseKey":"BV7Cfuov6gabRSxaOpPj1btJ5m+a0CcVR6nvSa8vNY1L","preKeyId":13412445}}},"version":"v1"}