{"_sessions":{"BdKQyFH6zV1+qXvqE73JQSY/0pS6Oc6Bwd25LwaTpdwp":{"registrationId":1369779076,"currentRatchet":{"ephemeralKeyPair":{"pubKey":"BaeMJrpJo7voOT8cLDWCWtGsm0XDyWZR4ZxDTyo0K1ks","privKey":"2Hp+8EB4yyC0WpBLtvnzlqMmZwCE9pTrwdHtndhJ20o="},"lastRemoteEphemeralKey":"BTjTnFv1+WIyOKfEyAdlMINqypyEe4bzRbISf1sfd/BI","previousCounter":0,"rootKey":"71gFjSa3OZtxOvCmAJ45hg+HFpqr9HZLFEuJVjbnxHI="},"indexInfo":{"baseKey":"BdKQyFH6zV1+qXvqE73JQSY/0pS6Oc6Bwd25LwaTpdwp","baseKeyType":1,"closed":-1,"used":1691326020132,"created":1691326020132,"remoteIdentityKey":"BS80cL0wteTXZ1a09t9Tvu/1NovrwPSJz0IEfVw1xMQ9"},"_chains":{"BaeMJrpJo7voOT8cLDWCWtGsm0XDyWZR4ZxDTyo0K1ks":{"chainKey":{"counter":0,"key":"TIMC9Rn79IVyCmMPQglTSy1KFksQceYuwBkd/krG5/E="},"chainType":1,"messageKeys":{}}},"pendingPreKey":{"signedKeyId":4,"baseKey":"BdKQyFH6zV1+qXvqE73JQSY/0pS6Oc6Bwd25LwaTpdwp","preKeyId":6641834}}},"version":"v1"}