{"_sessions":{"BQ4Mx8wJlgGJQa+AC1g48W9nEjVdvuVdHepv7WyHF5sA":{"registrationId":64468790,"currentRatchet":{"ephemeralKeyPair":{"pubKey":"BYMdtOA/TsiWQxw3CTZyojyV96oYcqG510syUCVtN1QX","privKey":"MI+Strk9p57N1ZS1md49dItRohLORw8jz236qYp3hn4="},"lastRemoteEphemeralKey":"BbRZTXXLiHzradw/W5xsJjmmDKZsVrAFK7e5QUG84qAS","previousCounter":0,"rootKey":"tl2TZlD6G3z8tdSxRJjjXcszKezTBM8fzR3vWpBKvcU="},"indexInfo":{"baseKey":"BQ4Mx8wJlgGJQa+AC1g48W9nEjVdvuVdHepv7WyHF5sA","baseKeyType":1,"closed":-1,"used":1691325929566,"created":1691325929566,"remoteIdentityKey":"BfAcE3dokmPaf38ZA1DaX5Phwtz2lNt0mfoxhQBG3DA9"},"_chains":{"BYMdtOA/TsiWQxw3CTZyojyV96oYcqG510syUCVtN1QX":{"chainKey":{"counter":1,"key":"r6RJM3BHFUZUCAq2vtK4zyNxRpdXAzEMbAuo3Lw4fBg="},"chainType":1,"messageKeys":{}}},"pendingPreKey":{"signedKeyId":0,"baseKey":"BQ4Mx8wJlgGJQa+AC1g48W9nEjVdvuVdHepv7WyHF5sA","preKeyId":3059722}}},"version":"v1"}