{"_sessions":{"BecDiDaPnUcEruw8kFXU6okZ0x5e78e8phkLtHQlJMQo":{"registrationId":2108689059,"currentRatchet":{"ephemeralKeyPair":{"pubKey":"Bc+/A1F12ABgt+KnZUvaJVspdICDd4Je5K6eyKdM6iAU","privKey":"UNYB6QvmYV9Wnnmsz2tSOYkXKMmfDTaEqgUgwOOoxXU="},"lastRemoteEphemeralKey":"BTNfm0DX+Uodnsv16U/e9/xQFIZMWgNRmAJjGi4fjSYV","previousCounter":0,"rootKey":"iUEjPXPXfy3n+g7bPJDVL7jnkHimKgGY14ADTnjRy/I="},"indexInfo":{"baseKey":"BecDiDaPnUcEruw8kFXU6okZ0x5e78e8phkLtHQlJMQo","baseKeyType":1,"closed":-1,"used":1691326020241,"created":1691326020241,"remoteIdentityKey":"BRDeAw+8ykAtBQ+aV5lMkHv9D6u+b0KJWKyImCamKLoX"},"_chains":{"Bc+/A1F12ABgt+KnZUvaJVspdICDd4Je5K6eyKdM6iAU":{"chainKey":{"counter":0,"key":"qGdqLnjWWuTsNvnfzyIiZ9E7jz9mQ8A4xLqwneAHe50="},"chainType":1,"messageKeys":{}}},"pendingPreKey":{"signedKeyId":2,"baseKey":"BecDiDaPnUcEruw8kFXU6okZ0x5e78e8phkLtHQlJMQo","preKeyId":15489675}}},"version":"v1"}