{"_sessions":{"BZ+bMrko7iBQvvXZ6D3lUH5zoKuafi+w6Q2lqncbjuY9":{"registrationId":813355413,"currentRatchet":{"ephemeralKeyPair":{"pubKey":"BXa8EJMmU5THLJReeDtrhQZgfkVoHBVfmktkeKhuowFJ","privKey":"GJ+2U2sux98/wBobc3srIuIiXD62xe/NSqrCmI070Hs="},"lastRemoteEphemeralKey":"BRl4jLuVxNP34hWuiIN70+JmpNzq+jWUe1S9J9WR4XAB","previousCounter":0,"rootKey":"WgTZcToC4N6e6NUTWViwKdR6fk+LhIKDuaI4tJTVOZU="},"indexInfo":{"baseKey":"BZ+bMrko7iBQvvXZ6D3lUH5zoKuafi+w6Q2lqncbjuY9","baseKeyType":1,"closed":-1,"used":1691326024652,"created":1691326024652,"remoteIdentityKey":"BWz7gGg0Teac5xkc1O3ilbx7EC9HJ2w4QjX0cottaIA2"},"_chains":{"BXa8EJMmU5THLJReeDtrhQZgfkVoHBVfmktkeKhuowFJ":{"chainKey":{"counter":0,"key":"jwCFgL/A4wNwUEYoMUzD1Q3oqyeHYu3UPlxJ3fwh0Kc="},"chainType":1,"messageKeys":{}}},"pendingPreKey":{"signedKeyId":1,"baseKey":"BZ+bMrko7iBQvvXZ6D3lUH5zoKuafi+w6Q2lqncbjuY9","preKeyId":3732244}}},"version":"v1"}