{"_sessions":{"BVAvLd9wX/6F6WhULIvEjVh8rQPiEFjzXfJLWAnDYAUQ":{"registrationId":1594285603,"currentRatchet":{"ephemeralKeyPair":{"pubKey":"BQ7oi4Gp2k8/Vpe5KwTAGF2xW9KnVQ/gLUYh3Qwr8SQy","privKey":"wKjjHmjYVFKX3tiAtMpVyNnUSxVdcj8K2KENYN6NZ0I="},"lastRemoteEphemeralKey":"BQwvFokToj0Z8K76jMwfBJfHstYNN5SUkq8owbNmVb43","previousCounter":0,"rootKey":"i8pCkBpKTXELo2rR8mrepWnfE9/T5VWFr/s2D4cwMuc="},"indexInfo":{"baseKey":"BVAvLd9wX/6F6WhULIvEjVh8rQPiEFjzXfJLWAnDYAUQ","baseKeyType":1,"closed":-1,"used":1691326023459,"created":1691326023459,"remoteIdentityKey":"BXFhICoFHcZV2a5tC0KfaIjvmBVgMMhUJ66gF1Dz1D0C"},"_chains":{"BQ7oi4Gp2k8/Vpe5KwTAGF2xW9KnVQ/gLUYh3Qwr8SQy":{"chainKey":{"counter":0,"key":"+gqPOikImaRN0Rg23upf4WWUZR7LVQqoBoo3bSgw7B8="},"chainType":1,"messageKeys":{}}},"pendingPreKey":{"signedKeyId":0,"baseKey":"BVAvLd9wX/6F6WhULIvEjVh8rQPiEFjzXfJLWAnDYAUQ","preKeyId":15723732}}},"version":"v1"}