{"_sessions":{"BTgXPf4QU9YLRdAwBvVR554B674mZoDHRalppji0K2kD":{"registrationId":761011549,"currentRatchet":{"ephemeralKeyPair":{"pubKey":"BcQJPtvMQuUT7M0xBXMbfniW9Do6NvJIbb4vb8xx7gJC","privKey":"eI0+8N2sUCJFan/DZ8MMXhwXxF7vr6DdJ3VX+1jgEV4="},"lastRemoteEphemeralKey":"BcNUF/snhseytCubceKDRmgAHx9lhC0/c3gRZGNltdFz","previousCounter":0,"rootKey":"GcEArHTZe/1D0cXGNudR9dbnS0CWflQmSsxjF/CHD80="},"indexInfo":{"baseKey":"BTgXPf4QU9YLRdAwBvVR554B674mZoDHRalppji0K2kD","baseKeyType":1,"closed":-1,"used":1691326024549,"created":1691326024549,"remoteIdentityKey":"BQXXlGImJuJFkJO7OhM6oDTJb4bGJoHmUmAyBbbe9ZYQ"},"_chains":{"BcQJPtvMQuUT7M0xBXMbfniW9Do6NvJIbb4vb8xx7gJC":{"chainKey":{"counter":0,"key":"A235geuPH3tPJNvQp5F7vOwDYGyfwnD6dR4SBC/7PkI="},"chainType":1,"messageKeys":{}}},"pendingPreKey":{"signedKeyId":0,"baseKey":"BTgXPf4QU9YLRdAwBvVR554B674mZoDHRalppji0K2kD","preKeyId":5841728}}},"version":"v1"}