{"_sessions":{"Bfkv62BBqG62Utmrs0pU4oj8+4ZqpHEt+DbTHOZXpMIs":{"registrationId":214319687,"currentRatchet":{"ephemeralKeyPair":{"pubKey":"Bd8bbrVk4tn4p5q7F2gX8gkAtktLd1FDR8dfgb1QiGxV","privKey":"iKA+bUtAcBVmMVm8JMT/oy69u4e8iwXZIKeNnRA7aH8="},"lastRemoteEphemeralKey":"BSwRzy55sVRZR68V/v87e7ZNOxoFIEtAsY1cT5FtbOZH","previousCounter":0,"rootKey":"mn6wNxqrwKTwfQhXUjFMJBwrekoTtk8rTN4OYHH5N10="},"indexInfo":{"baseKey":"Bfkv62BBqG62Utmrs0pU4oj8+4ZqpHEt+DbTHOZXpMIs","baseKeyType":1,"closed":-1,"used":1691326025077,"created":1691326025077,"remoteIdentityKey":"BQS4ThAjw77W4DS03VZYp3VVpr8ogvhnhGvtunu9HeYT"},"_chains":{"Bd8bbrVk4tn4p5q7F2gX8gkAtktLd1FDR8dfgb1QiGxV":{"chainKey":{"counter":0,"key":"vXfC9nWVboyx48qrf/RF3eaP9xIQvpfJfcyaBSF+2NY="},"chainType":1,"messageKeys":{}}},"pendingPreKey":{"signedKeyId":0,"baseKey":"Bfkv62BBqG62Utmrs0pU4oj8+4ZqpHEt+DbTHOZXpMIs","preKeyId":16421344}}},"version":"v1"}