{"_sessions":{"BZtnhuljDpE6YVGjFBBpiUs40xTfcDHd0ducVMLd/cIa":{"registrationId":1927535781,"currentRatchet":{"ephemeralKeyPair":{"pubKey":"BRFJHtbmVOWcGOKVdNQ9c0nLr5cEsj+01H08ssttrCEN","privKey":"WHOl944YRXHuMiIn1PtIezHFBj2QsbypOBiaJPOrYFU="},"lastRemoteEphemeralKey":"BaBRUEt/iKxpVMjyoyplBR2hI5FekbvLrl75fM7VKs5f","previousCounter":0,"rootKey":"Z3caKngvJ7zD5Up49e1WFRJfq3wpqwfZHy6DYYm5uvw="},"indexInfo":{"baseKey":"BZtnhuljDpE6YVGjFBBpiUs40xTfcDHd0ducVMLd/cIa","baseKeyType":1,"closed":-1,"used":1691326022567,"created":1691326022567,"remoteIdentityKey":"BZP1aG9ZY5DJdj67Q48OovmhTS89KvsvzhGRaCS61Npc"},"_chains":{"BRFJHtbmVOWcGOKVdNQ9c0nLr5cEsj+01H08ssttrCEN":{"chainKey":{"counter":0,"key":"bBBsBlfqwTYQIW/VbGNAPz4iUSY/OSiNrCf6s2+uhtw="},"chainType":1,"messageKeys":{}}},"pendingPreKey":{"signedKeyId":4,"baseKey":"BZtnhuljDpE6YVGjFBBpiUs40xTfcDHd0ducVMLd/cIa","preKeyId":4195738}}},"version":"v1"}