{"_sessions":{"BeQv9Gr4ukOSkFoWZj5m5gg8rc2xOvlViWuQlPMur0cp":{"registrationId":802857379,"currentRatchet":{"ephemeralKeyPair":{"pubKey":"BWQ974cNltIbw+YtxmL+qFXNLxDy3Cd53/YlkpBAFa1d","privKey":"UDuHqsRdX2fQSPsnxOxK6zWrw9d+mTdFLe9eZfW+EXw="},"lastRemoteEphemeralKey":"BQ/CJDduh6GdfMgyBPdTRDHoTuL3HIEuCIJeIvNa13gR","previousCounter":0,"rootKey":"m7Z2GJ4mislBHjI9zAtcvUhDP9kFHBcIqQEkg3E+Mc0="},"indexInfo":{"baseKey":"BeQv9Gr4ukOSkFoWZj5m5gg8rc2xOvlViWuQlPMur0cp","baseKeyType":1,"closed":-1,"used":1691326023467,"created":1691326023467,"remoteIdentityKey":"Bc3U3q98aLnn5vdgmOer0OCLlbS3Cgtvime7OgJb2rMi"},"_chains":{"BWQ974cNltIbw+YtxmL+qFXNLxDy3Cd53/YlkpBAFa1d":{"chainKey":{"counter":0,"key":"RF2TbKVol+w4CFGcMkqLngv8ba3kjox2Zn0m1OPveDE="},"chainType":1,"messageKeys":{}}},"pendingPreKey":{"signedKeyId":1,"baseKey":"BeQv9Gr4ukOSkFoWZj5m5gg8rc2xOvlViWuQlPMur0cp","preKeyId":7738657}}},"version":"v1"}