{"_sessions":{"BZq0DWPntxU99SuLiEE41NOozvMsdH2Xgx5iQZmnEdcs":{"registrationId":1814493639,"currentRatchet":{"ephemeralKeyPair":{"pubKey":"BbANxBuxqiX/j4oQFp6vE9OJTjy0aW+ZKwWcbRb9bJhv","privKey":"aIO0hxFEzvYFxY0jFhe/3cTr8Jk54TdhsVAKFTytLUw="},"lastRemoteEphemeralKey":"BTxSL1T7eslplyg5nJIMWj2utorBNc0uPrpJf50vhH8N","previousCounter":0,"rootKey":"BJgaMu+tuc76ua0FU67g3jJyoZm9RT1HYXvwczEZoUE="},"indexInfo":{"baseKey":"BZq0DWPntxU99SuLiEE41NOozvMsdH2Xgx5iQZmnEdcs","baseKeyType":1,"closed":-1,"used":1691326020644,"created":1691326020644,"remoteIdentityKey":"BSNVmHrvtm9eciXFjgU4j3mk0JbzFejdyAhiUNngk3tP"},"_chains":{"BbANxBuxqiX/j4oQFp6vE9OJTjy0aW+ZKwWcbRb9bJhv":{"chainKey":{"counter":0,"key":"AVUxDhzFfoD7ctY580F4K/fqAfmoFHUUZo4rLNNFnL0="},"chainType":1,"messageKeys":{}}},"pendingPreKey":{"signedKeyId":0,"baseKey":"BZq0DWPntxU99SuLiEE41NOozvMsdH2Xgx5iQZmnEdcs"}}},"version":"v1"}