{"_sessions":{"BTQTu5fn3KlT/q4AOGs2z4EDSptFY85lXCei/p6iDxIS":{"registrationId":739421630,"currentRatchet":{"ephemeralKeyPair":{"pubKey":"BUFAshzpRsCz7MtUoBC8K2l5lrp7ntWxCOjt7Bfk2pRL","privKey":"IGOMtPUVbeQFKy0fsdBVeqh6UKm1EcXLgyEbW0IweHo="},"lastRemoteEphemeralKey":"BUYS02WHFAvo3iF1VX9fHLA4dzSOHzISDk5ZaGI93NNI","previousCounter":0,"rootKey":"/cFZhbiIpj5ySxA4B3ccd524WZU1HYqVjjMzA9ZPDSA="},"indexInfo":{"baseKey":"BTQTu5fn3KlT/q4AOGs2z4EDSptFY85lXCei/p6iDxIS","baseKeyType":1,"closed":-1,"used":1691325928747,"created":1691325928747,"remoteIdentityKey":"BYoBoGIGx47wAGeT+Ua2I+imGhgxH7n2Lq/CgFffIpg+"},"_chains":{"BUFAshzpRsCz7MtUoBC8K2l5lrp7ntWxCOjt7Bfk2pRL":{"chainKey":{"counter":1,"key":"zydE9M+/WCM6VsvXz8GNkLnJc3EL0NWI/KE6lMLAxVk="},"chainType":1,"messageKeys":{}}},"pendingPreKey":{"signedKeyId":1,"baseKey":"BTQTu5fn3KlT/q4AOGs2z4EDSptFY85lXCei/p6iDxIS","preKeyId":11349472}}},"version":"v1"}