{"_sessions":{"BfXidOCTcqTWf+lekTi8nSmQ9Ko6epY5wTimdKJaD0g0":{"registrationId":462965292,"currentRatchet":{"ephemeralKeyPair":{"pubKey":"BVSXs0GL5zcqjQHOJt7b/uA/pzqcs0PNh9vJVoFx9Opo","privKey":"KO2hcZ3AFqH2r9Tmcb4gz9f4L5RGWfMcNTRmFcQIGF8="},"lastRemoteEphemeralKey":"BXUZMc1BGA7uEZsCH7u9WSMRzHltBvrIXZqSbEeUL61/","previousCounter":0,"rootKey":"EoD5bWNR5WzsidpYjrCQqBsLeFcorZfrWTIpqA9vRo4="},"indexInfo":{"baseKey":"BfXidOCTcqTWf+lekTi8nSmQ9Ko6epY5wTimdKJaD0g0","baseKeyType":1,"closed":-1,"used":1691326019042,"created":1691326019042,"remoteIdentityKey":"BWZH7AvpS9dwMV0lwwVkDbitXTnjr/L7chrD6Zv6vVoJ"},"_chains":{"BVSXs0GL5zcqjQHOJt7b/uA/pzqcs0PNh9vJVoFx9Opo":{"chainKey":{"counter":0,"key":"dGEUhzqo9vfmaVngUk2Sq/WKaJwocTdAalfvdO4eMac="},"chainType":1,"messageKeys":{}}},"pendingPreKey":{"signedKeyId":4,"baseKey":"BfXidOCTcqTWf+lekTi8nSmQ9Ko6epY5wTimdKJaD0g0","preKeyId":4346783}}},"version":"v1"}