{"_sessions":{"BcLGdUOh2Qt69HlqkWzGwZMUH058g/kGLD5xdYlUIh9L":{"registrationId":475999815,"currentRatchet":{"ephemeralKeyPair":{"pubKey":"BRItCu4//0ZmuztnY9vouMZXI6MroaR0TQDvY1b0rxYi","privKey":"wAZ6fV2fLW0uHs4DZ0q2rnOWhg31v9XkT09rf3sH5Uk="},"lastRemoteEphemeralKey":"BWbuF6irFF5Sw1qWZhcFtuw4wzjrPfjGP1UGSXRoT319","previousCounter":0,"rootKey":"gfXIRUo6RM6hGeOiL8UQs786nbY0KKEaYNnO9V1dfFQ="},"indexInfo":{"baseKey":"BcLGdUOh2Qt69HlqkWzGwZMUH058g/kGLD5xdYlUIh9L","baseKeyType":1,"closed":-1,"used":1691326019672,"created":1691326019672,"remoteIdentityKey":"BZouqk1rUcXL1j8V0jJUQ/t5RlwPZD/EM5F4kRMDhShh"},"_chains":{"BRItCu4//0ZmuztnY9vouMZXI6MroaR0TQDvY1b0rxYi":{"chainKey":{"counter":0,"key":"/ZoB1Kk/aNmGoQUwvuehitl0R/DUlYuioeznz+99Gro="},"chainType":1,"messageKeys":{}}},"pendingPreKey":{"signedKeyId":0,"baseKey":"BcLGdUOh2Qt69HlqkWzGwZMUH058g/kGLD5xdYlUIh9L","preKeyId":14762398}}},"version":"v1"}