{"_sessions":{"BRFrCskFUf03799Nx+CGsx6IcJUdElwrDs14ShJpq7gr":{"registrationId":175449930,"currentRatchet":{"ephemeralKeyPair":{"pubKey":"BYabhh6PkrXWy8gNiP3xo7tCslPTseSAhGm17pIaILVV","privKey":"cITRShKNUhhq0WrLz7scIrSk2t5CKSerDRZ2KlMzBVY="},"lastRemoteEphemeralKey":"Banzlfg9/K6lpV6HCENkddleW6ANkO7xXnRo614AVfFY","previousCounter":0,"rootKey":"HHBSEzzv6kMVCq6SqegGLR5LxaXIwe1ANJjt4Kw/KAs="},"indexInfo":{"baseKey":"BRFrCskFUf03799Nx+CGsx6IcJUdElwrDs14ShJpq7gr","baseKeyType":1,"closed":-1,"used":1691326020371,"created":1691326020371,"remoteIdentityKey":"BRgKgVy4DGvWXR9p9wr6POHLETbq5WmwvcWG9VSHFBMm"},"_chains":{"BYabhh6PkrXWy8gNiP3xo7tCslPTseSAhGm17pIaILVV":{"chainKey":{"counter":0,"key":"DFPapHBMbgscx4KxsJzVuXs/hrjcgXr7w0xYEP/hydI="},"chainType":1,"messageKeys":{}}},"pendingPreKey":{"signedKeyId":0,"baseKey":"BRFrCskFUf03799Nx+CGsx6IcJUdElwrDs14ShJpq7gr"}}},"version":"v1"}