{"_sessions":{"BfK/UNj0LS5S5FGCQD26uJ+1DkPhSdVEoeKX8ITPD2ts":{"registrationId":300693893,"currentRatchet":{"ephemeralKeyPair":{"pubKey":"BQeiGBD+MH+Q2LEfeUD4eAYa5RLkqiQm9hP5Wpl+hMZl","privKey":"6NocvfgT5pcREd3yp4G+YGyE0LfESq8Cs4vfvm3cnXk="},"lastRemoteEphemeralKey":"BV07MS6M0ECYtXsWKKjKhbxMv43RwJXi5XNPi5gsPsFU","previousCounter":0,"rootKey":"hM7EtsGOBoj1NdtEjTq2Alnu+vWoQCr9exrWtWi9bGA="},"indexInfo":{"baseKey":"BfK/UNj0LS5S5FGCQD26uJ+1DkPhSdVEoeKX8ITPD2ts","baseKeyType":1,"closed":-1,"used":1691326023058,"created":1691326023058,"remoteIdentityKey":"BZ6t5tsjIP7IAKuQDvGeLLE9fV0kph35KRE0aRg0IyJA"},"_chains":{"BQeiGBD+MH+Q2LEfeUD4eAYa5RLkqiQm9hP5Wpl+hMZl":{"chainKey":{"counter":0,"key":"TZNAbUjl9DMF7ITp9uYDacUtsjGacuRgfInV9mktsf8="},"chainType":1,"messageKeys":{}}},"pendingPreKey":{"signedKeyId":43,"baseKey":"BfK/UNj0LS5S5FGCQD26uJ+1DkPhSdVEoeKX8ITPD2ts","preKeyId":1523733}}},"version":"v1"}