{"_sessions":{"BXGZclQWEdGGR7LvJ7dPxCCdQ1BuWTZQGd8uzu3eTjlr":{"registrationId":1392064880,"currentRatchet":{"ephemeralKeyPair":{"pubKey":"BURyrJN76teT/95qk55eGkzg3FrolyvE0m8Wj7bGH9I2","privKey":"UGe7vLAMomGzIpEuVgC/arVia1+RCTez/v8zZ3cV0ms="},"lastRemoteEphemeralKey":"BYlkbY0vNvM5rMCnCim7ApP8VHtQxW//8icYQYBbNidw","previousCounter":0,"rootKey":"iPqInaJYRsN1zZySziA+pzjKC3aHWFpT1LPyFK0pyPU="},"indexInfo":{"baseKey":"BXGZclQWEdGGR7LvJ7dPxCCdQ1BuWTZQGd8uzu3eTjlr","baseKeyType":1,"closed":-1,"used":1691326020776,"created":1691326020776,"remoteIdentityKey":"BcNYqzXtGUDc8e5D5YJhweqEgCo9EcyPBMFEBGL1Q9Qh"},"_chains":{"BURyrJN76teT/95qk55eGkzg3FrolyvE0m8Wj7bGH9I2":{"chainKey":{"counter":0,"key":"UZhNDASANm4DyLvCrlwBluID8Y6NKxc9g2eNq/GhRLU="},"chainType":1,"messageKeys":{}}},"pendingPreKey":{"signedKeyId":13,"baseKey":"BXGZclQWEdGGR7LvJ7dPxCCdQ1BuWTZQGd8uzu3eTjlr","preKeyId":7564396}}},"version":"v1"}