{"_sessions":{"BaOwtYj+yH8H+ry5fE6dg7kOdQEGm2R6A+f9oD2TPntM":{"registrationId":1026114084,"currentRatchet":{"ephemeralKeyPair":{"pubKey":"BTC23hNsY9PhLcpFeY7OQSjYjOHZLrTm3v1KjgYeNJlF","privKey":"AMcnjs6r5qitiSdZAu6x8cYyxZEyq3ra26AXC3hpiF4="},"lastRemoteEphemeralKey":"BXZAvbUoJ5rxiBLHKTbHUDMNEMZDC2vuN+NsBbY7Lisq","previousCounter":0,"rootKey":"CLkcQHFj/88ZRtFCh0TZnh3lqGOwKaXXpivuI9yyuDU="},"indexInfo":{"baseKey":"BaOwtYj+yH8H+ry5fE6dg7kOdQEGm2R6A+f9oD2TPntM","baseKeyType":1,"closed":-1,"used":1691326018966,"created":1691326018966,"remoteIdentityKey":"BRiMe9KbAem1sGK88faFc+/oFXqQdkyBlhbaOcKEol88"},"_chains":{"BTC23hNsY9PhLcpFeY7OQSjYjOHZLrTm3v1KjgYeNJlF":{"chainKey":{"counter":0,"key":"G/KPzMkluxppFy7WzGuVKC0OX6xr71C4gO8HwrcVaTc="},"chainType":1,"messageKeys":{}}},"pendingPreKey":{"signedKeyId":1,"baseKey":"BaOwtYj+yH8H+ry5fE6dg7kOdQEGm2R6A+f9oD2TPntM"}}},"version":"v1"}