{"_sessions":{"BSqVNI6SHfN0Fu6wsDMqIRbrdy08MOmaLWlwHI92F8ho":{"registrationId":973994601,"currentRatchet":{"ephemeralKeyPair":{"pubKey":"BUsAPF+qRjC1vSHBltLla+6Dj7C3sgZznN1iGdg5ywIc","privKey":"6IP83i1HlOCJQTrbvK85czXuciyl3muReJTCtE7N0Hc="},"lastRemoteEphemeralKey":"Bb1Ej5h4slKbBqTD6g8T1VEwpJcAVZIGJF5xDgYBg6cG","previousCounter":0,"rootKey":"9GxTjndKQ6K10wTHnl4D0sSSkK8edFXUn7hiIf+nWg0="},"indexInfo":{"baseKey":"BSqVNI6SHfN0Fu6wsDMqIRbrdy08MOmaLWlwHI92F8ho","baseKeyType":1,"closed":-1,"used":1691326025129,"created":1691326025129,"remoteIdentityKey":"Bf4K/QhrogtUkS3BAjgnn8q74jtkj9f62GQebm6ap2g1"},"_chains":{"BUsAPF+qRjC1vSHBltLla+6Dj7C3sgZznN1iGdg5ywIc":{"chainKey":{"counter":0,"key":"6tXZtN3OKwimYu5SwZqaRM953bDV1IgW5Qqwza5hA3g="},"chainType":1,"messageKeys":{}}},"pendingPreKey":{"signedKeyId":2,"baseKey":"BSqVNI6SHfN0Fu6wsDMqIRbrdy08MOmaLWlwHI92F8ho"}}},"version":"v1"}