{"_sessions":{"BRG/elsAN/tSE4a+XGSYFC3aXojoWcYB8VFC28c/7DEp":{"registrationId":1309565436,"currentRatchet":{"ephemeralKeyPair":{"pubKey":"BZjKpy8Ifdw6kJrWDWNdKjahJio77HqRf5nziGuVBodF","privKey":"GM+okT61HdeL6QJO6DIORnf2C44uvUf4uLz/kCl9ckc="},"lastRemoteEphemeralKey":"BRbzfggc6XVe+2V4lazQkxYfOHq7gRySAT1qgECCgUxE","previousCounter":0,"rootKey":"s85MzTvl6BfsS71CYGJRtYCzBrLe99y0ZdAtemoURIQ="},"indexInfo":{"baseKey":"BRG/elsAN/tSE4a+XGSYFC3aXojoWcYB8VFC28c/7DEp","baseKeyType":1,"closed":-1,"used":1691326025627,"created":1691326025627,"remoteIdentityKey":"BbGARYuUSA1Wq/+ZU1MbPumXr2QawAUhUGBlAGXF9lJP"},"_chains":{"BZjKpy8Ifdw6kJrWDWNdKjahJio77HqRf5nziGuVBodF":{"chainKey":{"counter":0,"key":"58o3iRiY19kzQvmYunfK2EUg1AXuHibSce2Lzbg1PQw="},"chainType":1,"messageKeys":{}}},"pendingPreKey":{"signedKeyId":7,"baseKey":"BRG/elsAN/tSE4a+XGSYFC3aXojoWcYB8VFC28c/7DEp","preKeyId":9864688}}},"version":"v1"}