{"_sessions":{"BYkyZCtOZ3RqnxI9kKDpKluuaQFfc9PjvixlcuBZV2dE":{"registrationId":1726480953,"currentRatchet":{"ephemeralKeyPair":{"pubKey":"Bf+rlB1m7hzoWgxGodu/MKV1ngkvf3jT8eeYV4vZFOQ8","privKey":"sP8rqpQiYS6Dqc7xzNfh/56pHXl7QiwATasBBL0D5Ws="},"lastRemoteEphemeralKey":"BfvYTstdHZGdZE8oNRM7OFl/NKfkIDZKTgSJiCnYsgIE","previousCounter":0,"rootKey":"I7NVJ7vF0Gft0mMdWKucYJOpXLlRizb0g3sjIIKyJwc="},"indexInfo":{"baseKey":"BYkyZCtOZ3RqnxI9kKDpKluuaQFfc9PjvixlcuBZV2dE","baseKeyType":1,"closed":-1,"used":1691326020970,"created":1691326020970,"remoteIdentityKey":"BRRHv/WHPSl4KIoInUEuzrCiDRFMxebnxjN+AQfLtgJq"},"_chains":{"Bf+rlB1m7hzoWgxGodu/MKV1ngkvf3jT8eeYV4vZFOQ8":{"chainKey":{"counter":0,"key":"SWhxq6gK+XCJgJCHlfNFN24vZzZkXzhys/5QtWUmohY="},"chainType":1,"messageKeys":{}}},"pendingPreKey":{"signedKeyId":1,"baseKey":"BYkyZCtOZ3RqnxI9kKDpKluuaQFfc9PjvixlcuBZV2dE"}}},"version":"v1"}