{"_sessions":{"BVLuP/9+7b2AZJSgHRBudRRfcOSk0yrvjVp7NULYLkhK":{"registrationId":821027766,"currentRatchet":{"ephemeralKeyPair":{"pubKey":"BdfzUNj0tu00DxFKcgyPcJ34y7tQLXTC1SQ7P+JD1TAK","privKey":"mOKx7m1sax6QBKaZ2zlRD4ZDDicDCve+Fm3i87rk/Xc="},"lastRemoteEphemeralKey":"BdbqsfIvQD6Q6Nfn5Vsr3NeUfe/pHyRtK7nohLlSZDhc","previousCounter":0,"rootKey":"5Dm4nDgGclakHZQeoEEPAu7pOtLyt63Uo/V8B+2q/ZY="},"indexInfo":{"baseKey":"BVLuP/9+7b2AZJSgHRBudRRfcOSk0yrvjVp7NULYLkhK","baseKeyType":1,"closed":-1,"used":1691325929965,"created":1691325929965,"remoteIdentityKey":"Bd38m54MSSB8DJt5nN2rhMN/1bub9MA6x1P7iuLIBm8H"},"_chains":{"BdfzUNj0tu00DxFKcgyPcJ34y7tQLXTC1SQ7P+JD1TAK":{"chainKey":{"counter":1,"key":"UPXMR4K2ZlUbJva2pB/Q1BXi+XZFpn3Tu1fzoVgsUV0="},"chainType":1,"messageKeys":{}}},"pendingPreKey":{"signedKeyId":2,"baseKey":"BVLuP/9+7b2AZJSgHRBudRRfcOSk0yrvjVp7NULYLkhK","preKeyId":8945793}}},"version":"v1"}