{"_sessions":{"BTtT3l2zNiXxApDruRxZ8T3Ns4//gyBvkxzG/BCq0PQN":{"registrationId":1675195456,"currentRatchet":{"ephemeralKeyPair":{"pubKey":"BaOZSqIHPF4TGCmtQ/SuuF7r3dcJAzdd+piy1NF2UfNZ","privKey":"iAgujwDd4vPGR1SWwXFBqt4kEU/BFgTZQhq5+5AzLks="},"lastRemoteEphemeralKey":"BWg7RPNaZO8jk0sc2gH2Uo1RXl9L3Stmr/Tqr1hsutdG","previousCounter":0,"rootKey":"XaqgofjAuO+w3v+Jl4boBz/J0SYMUn3tF65Yoq7+EQQ="},"indexInfo":{"baseKey":"BTtT3l2zNiXxApDruRxZ8T3Ns4//gyBvkxzG/BCq0PQN","baseKeyType":1,"closed":-1,"used":1691325929749,"created":1691325929749,"remoteIdentityKey":"BZlI0mVHPEbBfM7LqGjfhnRseBOwfyYRGUkurln45Itr"},"_chains":{"BaOZSqIHPF4TGCmtQ/SuuF7r3dcJAzdd+piy1NF2UfNZ":{"chainKey":{"counter":1,"key":"wMmA6hGzPwYMM5PtScJ+wg0Lo1sIHNgku1kZdg/F6h0="},"chainType":1,"messageKeys":{}}},"pendingPreKey":{"signedKeyId":4,"baseKey":"BTtT3l2zNiXxApDruRxZ8T3Ns4//gyBvkxzG/BCq0PQN","preKeyId":12241430}}},"version":"v1"}