{"_sessions":{"BUvzOHjB/pnom72Na03bwzP2FL4zQOxD69AcYwDgneYF":{"registrationId":939544085,"currentRatchet":{"ephemeralKeyPair":{"pubKey":"BQX+uBSEuHKhALwywbq4uHs4nXtAtwotyjpzqBvESfsd","privKey":"IEUyk7kW01aYGHwvzInu1dUadInz94EYuxaNdI/XhHM="},"lastRemoteEphemeralKey":"BRJFkrukDOjBl0M6rXRsl5UrkDdS4ZGnIJLuAB8XFO5n","previousCounter":0,"rootKey":"gcQmAYEt0YGSk+jOefVstC6OtqHXltlZybdFYkGtybI="},"indexInfo":{"baseKey":"BUvzOHjB/pnom72Na03bwzP2FL4zQOxD69AcYwDgneYF","baseKeyType":1,"closed":-1,"used":1691325929742,"created":1691325929742,"remoteIdentityKey":"BYJBAaae56UzIClqB/t6OfKE5tqodJu/8/rJVMVoTxA5"},"_chains":{"BQX+uBSEuHKhALwywbq4uHs4nXtAtwotyjpzqBvESfsd":{"chainKey":{"counter":1,"key":"qyihhnr5vGrUf2WdqhkAMLRqTFyd00MUa8wZZJ7pSNg="},"chainType":1,"messageKeys":{}}},"pendingPreKey":{"signedKeyId":35,"baseKey":"BUvzOHjB/pnom72Na03bwzP2FL4zQOxD69AcYwDgneYF","preKeyId":6186049}}},"version":"v1"}