{"_sessions":{"BdwLwHIFhHoHPEe74IEj2G0EysFYP7EETW6iRdZZmdcn":{"registrationId":770642121,"currentRatchet":{"ephemeralKeyPair":{"pubKey":"BYFcViPsSg3VhrRSjMR6bFOI6MnF6xlmP1sAWdRgk85r","privKey":"cFpWVZZ/0aVUmo1Mt0rX7HmYIsSO1ne/U+g39LihOlo="},"lastRemoteEphemeralKey":"BVik0XByhrRHKEdU18hLn6MZDvlbzN/5J6sus3WWpC5w","previousCounter":0,"rootKey":"Ub6q0Zwe0YSMIn1j7q6L8rTg/n2W+V0t/2M5Hqy8DBs="},"indexInfo":{"baseKey":"BdwLwHIFhHoHPEe74IEj2G0EysFYP7EETW6iRdZZmdcn","baseKeyType":1,"closed":-1,"used":1691326023452,"created":1691326023452,"remoteIdentityKey":"BTyCr4szM1HBKeSPvD8s0xsPt5KYEWqYUQ95DXVNfIhk"},"_chains":{"BYFcViPsSg3VhrRSjMR6bFOI6MnF6xlmP1sAWdRgk85r":{"chainKey":{"counter":0,"key":"hxsKcvR/bE69r4d7IwaRtkeuX7WMBZyy+8w8avngqWM="},"chainType":1,"messageKeys":{}}},"pendingPreKey":{"signedKeyId":2,"baseKey":"BdwLwHIFhHoHPEe74IEj2G0EysFYP7EETW6iRdZZmdcn"}}},"version":"v1"}