{"_sessions":{"BRg+Xdzv9jVU3RZ2yX0yH4m6krnPNs9PHBUf2mkENgwG":{"registrationId":1672947366,"currentRatchet":{"ephemeralKeyPair":{"pubKey":"BRShJyzMetFiozG9JUMzMbRP/Muwd7BphvGeA+Bsc8M6","privKey":"eANBaqzDac2+jVyyPkezYw99Yi2EOqnSORzEOM+ViEs="},"lastRemoteEphemeralKey":"BeGrVHN9RCrgYcg+4/anmKzYENVLkj0eDsXkB203cl0t","previousCounter":0,"rootKey":"SJhC70urxzpP5hEbJC+PA0d1uBkAOv8mwssRldE+EKA="},"indexInfo":{"baseKey":"BRg+Xdzv9jVU3RZ2yX0yH4m6krnPNs9PHBUf2mkENgwG","baseKeyType":1,"closed":-1,"used":1691326024971,"created":1691326024971,"remoteIdentityKey":"BaNlRQiFeTSyulnMILii5uqF+inxO8/LdK8wAcnUMbYA"},"_chains":{"BRShJyzMetFiozG9JUMzMbRP/Muwd7BphvGeA+Bsc8M6":{"chainKey":{"counter":0,"key":"THFeur6nwsrUhyvkRi0a8t5Pf37pqJ/Q4u+9Ji0vVGo="},"chainType":1,"messageKeys":{}}},"pendingPreKey":{"signedKeyId":7,"baseKey":"BRg+Xdzv9jVU3RZ2yX0yH4m6krnPNs9PHBUf2mkENgwG"}}},"version":"v1"}