{"_sessions":{"Bfum+iHikyn3xv2iEe9IPo5mxf8qf0wSb6G2G5GSArQQ":{"registrationId":369401794,"currentRatchet":{"ephemeralKeyPair":{"pubKey":"BZy6+Rewg9KkOC49SxNStKrdh3dznYYiczsuVDi+NsVG","privKey":"ENunWpxCgbfmZsGlluQCSkXHJ0zcc5XNb/hR+HeWRm0="},"lastRemoteEphemeralKey":"BSLSe4QxcUW9nHYyqApnypYi74INQKcqyY85cdYfqiEg","previousCounter":0,"rootKey":"JafKeLFyJ6G5TP2zAtGHsKyv0qHXta77hIlrUsFxpG8="},"indexInfo":{"baseKey":"Bfum+iHikyn3xv2iEe9IPo5mxf8qf0wSb6G2G5GSArQQ","baseKeyType":1,"closed":-1,"used":1691326024843,"created":1691326024843,"remoteIdentityKey":"BWyNxs6vG5GnHc6pt9KuEXtQU1QWYTPmblUD2ECv9h05"},"_chains":{"BZy6+Rewg9KkOC49SxNStKrdh3dznYYiczsuVDi+NsVG":{"chainKey":{"counter":0,"key":"5cTbzVrp1Onj3ys7C+8RbrZQexF4MDIAhKkI7xanwGE="},"chainType":1,"messageKeys":{}}},"pendingPreKey":{"signedKeyId":0,"baseKey":"Bfum+iHikyn3xv2iEe9IPo5mxf8qf0wSb6G2G5GSArQQ"}}},"version":"v1"}