{"_sessions":{"BRqHcNB5sjyOO/1cUUKBkhB6mE64eeX52LbPpap7UZBU":{"registrationId":1165923588,"currentRatchet":{"ephemeralKeyPair":{"pubKey":"BXtE3uxrAW3NPS/kleJDn7zbxkjHdmnbSInXZjE2tO89","privKey":"QIOsx+zU8+gnGKnuAakMlYqaJVR0VJ1RzvgP82Rn+mQ="},"lastRemoteEphemeralKey":"Bbzklh5UcSeMA3k2eGX5KkoPckjCgSy4CdrBQ8EzYC5L","previousCounter":0,"rootKey":"ZVWHFJ6qBPD/9Sg+bhdl3ouyhfWmMIPdH+DVpYhd5rU="},"indexInfo":{"baseKey":"BRqHcNB5sjyOO/1cUUKBkhB6mE64eeX52LbPpap7UZBU","baseKeyType":1,"closed":-1,"used":1691326023031,"created":1691326023031,"remoteIdentityKey":"BRKWjsJhFTE0ux6h9ko2KJaflYhDe2q2b4V6wiu4fnxi"},"_chains":{"BXtE3uxrAW3NPS/kleJDn7zbxkjHdmnbSInXZjE2tO89":{"chainKey":{"counter":0,"key":"yfXDv18ssk+RWBwrAg66ZsW+mSrtsvT5BS3OaTd7fXc="},"chainType":1,"messageKeys":{}}},"pendingPreKey":{"signedKeyId":4,"baseKey":"BRqHcNB5sjyOO/1cUUKBkhB6mE64eeX52LbPpap7UZBU","preKeyId":12304727}}},"version":"v1"}