{"_sessions":{"BT7wfeGS2pHWjGbB5WjrsOn9BRAdSl0r/EMzuF+CMfJI":{"registrationId":12203233,"currentRatchet":{"ephemeralKeyPair":{"pubKey":"BZdg2LTbA8oRwGlWvrjnRzkP67eJuKehGDeNT3lAWh9i","privKey":"wHWV0c7UYrPTvVw3FQKy2wesb60qZuSXy4Vxl30kAXI="},"lastRemoteEphemeralKey":"BblSzUtWg3I3m89cXTcjXIFgus7vZJi6XJoilJQ5tnk2","previousCounter":0,"rootKey":"6A87hacUQpmAdtECfrTSQR69MYQ4QJu9yV+9jBZ/aFw="},"indexInfo":{"baseKey":"BT7wfeGS2pHWjGbB5WjrsOn9BRAdSl0r/EMzuF+CMfJI","baseKeyType":1,"closed":-1,"used":1691326023560,"created":1691326023560,"remoteIdentityKey":"BTPmh+5GL/ouCCExZwWpR+5U4X/+zQJULIaz+gnGDVdO"},"_chains":{"BZdg2LTbA8oRwGlWvrjnRzkP67eJuKehGDeNT3lAWh9i":{"chainKey":{"counter":0,"key":"Y13Sw30eyTaEJ2O3AaPSw860o5O0mL0WY0Wl/1L96+8="},"chainType":1,"messageKeys":{}}},"pendingPreKey":{"signedKeyId":3,"baseKey":"BT7wfeGS2pHWjGbB5WjrsOn9BRAdSl0r/EMzuF+CMfJI","preKeyId":9744943}}},"version":"v1"}