{"_sessions":{"Bdem+3hgCQcd61y4QGK7wPIyOA/lo9mod16u77srk+5A":{"registrationId":892252515,"currentRatchet":{"ephemeralKeyPair":{"pubKey":"BSSBiqXZ39z4H6+xQGralUkCt4eY2XDEL1+S0tqyIcZ9","privKey":"CCMwuNGhrb0k5LnAwFZQeGZd3QJ0n3XAutNGVgeXtn0="},"lastRemoteEphemeralKey":"BZoOXtMu9dOnEGain35ziPl16v2uuO1tQtG3plYceRVm","previousCounter":0,"rootKey":"WKJmNWENT+RjN+8kRSrzOCdQIDgvjJbzTLdcjIZhu94="},"indexInfo":{"baseKey":"Bdem+3hgCQcd61y4QGK7wPIyOA/lo9mod16u77srk+5A","baseKeyType":1,"closed":-1,"used":1691326025040,"created":1691326025040,"remoteIdentityKey":"BfIVH0FY/2r3TDyR0yL3ZiG/+EcySBzFo/vjPvJ88okZ"},"_chains":{"BSSBiqXZ39z4H6+xQGralUkCt4eY2XDEL1+S0tqyIcZ9":{"chainKey":{"counter":0,"key":"DiilDrYMPeoBNU+/R5jCvy8FCStzM3dy51rZ5sIr/+o="},"chainType":1,"messageKeys":{}}},"pendingPreKey":{"signedKeyId":0,"baseKey":"Bdem+3hgCQcd61y4QGK7wPIyOA/lo9mod16u77srk+5A","preKeyId":5663755}}},"version":"v1"}