{"_sessions":{"BeQar9RR0U/pxkeqVuqoiwUPgwmOyCDopT7DOD2OXXQI":{"registrationId":181615952,"currentRatchet":{"ephemeralKeyPair":{"pubKey":"BbxHsLxfZQ+rgx/RiUgNr0Lg1DZ0dBqIbR5+FK4B+94i","privKey":"WJIXpZXs2AdLhd70eY91iupVLCq8nEPbalaSwxmLMHs="},"lastRemoteEphemeralKey":"BbYryE1SCSEM4JHXcNV6/AUIQWQB62qgrFkz0WH7Hax2","previousCounter":0,"rootKey":"ptbiVqhE7lqfzPxbMq/Ev4hR/0RftQvYEqsm8WG8kag="},"indexInfo":{"baseKey":"BeQar9RR0U/pxkeqVuqoiwUPgwmOyCDopT7DOD2OXXQI","baseKeyType":1,"closed":-1,"used":1691325929973,"created":1691325929973,"remoteIdentityKey":"BaMidHq0Jdq8QVcuNEGhg64Ld85ePwOzn8PJuHX/e/g9"},"_chains":{"BbxHsLxfZQ+rgx/RiUgNr0Lg1DZ0dBqIbR5+FK4B+94i":{"chainKey":{"counter":1,"key":"acEFaRnesDN6TzEIFTWeU0gNsTusAYrj4YkTMj3ECXY="},"chainType":1,"messageKeys":{}}},"pendingPreKey":{"signedKeyId":4,"baseKey":"BeQar9RR0U/pxkeqVuqoiwUPgwmOyCDopT7DOD2OXXQI","preKeyId":16286450}}},"version":"v1"}