{"_sessions":{"BcyQlwXIM7oBWFbPcyKTq+3PAHi4pMPlXKa+xragOKhh":{"registrationId":2064886641,"currentRatchet":{"ephemeralKeyPair":{"pubKey":"BYLfeEP+l+r6ovYR8Ko+DuqfEzMlqgPVPa+uuu2B/pNK","privKey":"WM7vkgP1CMMIrZYAidPPM5c/oEx+NlZLxQQar9IzP0Q="},"lastRemoteEphemeralKey":"BbG1+5rChRRvHe/HkpXS0k4FzSfvBsQ7DBOWuWjPlbse","previousCounter":0,"rootKey":"TsEX+65DfC9inoRrNMn70ZUEOxPuXS8V4hIxQ+lq2Hc="},"indexInfo":{"baseKey":"BcyQlwXIM7oBWFbPcyKTq+3PAHi4pMPlXKa+xragOKhh","baseKeyType":1,"closed":-1,"used":1691326019361,"created":1691326019361,"remoteIdentityKey":"BcrV1xX1AM+OaygPO4/b4hKdJ4/U+tifUkYfF8vpr9EV"},"_chains":{"BYLfeEP+l+r6ovYR8Ko+DuqfEzMlqgPVPa+uuu2B/pNK":{"chainKey":{"counter":0,"key":"BXh36u0eJGmVBVtgK2A/yGAc1PmRuVM2plm9G6Mn1XE="},"chainType":1,"messageKeys":{}}},"pendingPreKey":{"signedKeyId":3,"baseKey":"BcyQlwXIM7oBWFbPcyKTq+3PAHi4pMPlXKa+xragOKhh"}}},"version":"v1"}