{"_sessions":{"BdFh+KwqzVxfaIgQaneX00pWPOckU+qCguOY30XYVbEN":{"registrationId":1461438879,"currentRatchet":{"ephemeralKeyPair":{"pubKey":"BUfqQE8f/B6aIbHjGMufn+pjy/ikHcFhYwXBkR91/dk4","privKey":"8LLBupc6jZz3S5mgMMBT0UtErCvayZ0mtFIGETmCJk8="},"lastRemoteEphemeralKey":"BauUw/1aJab32krsaehscIS5DBQibYQH11zxL870Tdhl","previousCounter":0,"rootKey":"vVvIMT4LHgPtoMzamYlRUO+y/Ainh/Sz51atDubEuXc="},"indexInfo":{"baseKey":"BdFh+KwqzVxfaIgQaneX00pWPOckU+qCguOY30XYVbEN","baseKeyType":1,"closed":-1,"used":1691326020140,"created":1691326020140,"remoteIdentityKey":"BVGF7ioTqbWdP0ns0EtnC36IpKkhQPAFFR88ZdGS4TcF"},"_chains":{"BUfqQE8f/B6aIbHjGMufn+pjy/ikHcFhYwXBkR91/dk4":{"chainKey":{"counter":0,"key":"fDf8CiCwtrsqsmaY06vR1l31ZouhD2kUStfe6nNDEoc="},"chainType":1,"messageKeys":{}}},"pendingPreKey":{"signedKeyId":4,"baseKey":"BdFh+KwqzVxfaIgQaneX00pWPOckU+qCguOY30XYVbEN"}}},"version":"v1"}