{"_sessions":{"BckPPEjhpaB0aMGtg/AyidfvAn9pNztCYumMTv5GeOFO":{"registrationId":2062033552,"currentRatchet":{"ephemeralKeyPair":{"pubKey":"BSQRTDEe4dBF2df+xybCX0KAbvKaWYWK80j2Q30LdvsX","privKey":"8HqNIY34dVT64ZxxAZES2YAFWS2fpiLkCPYobMT7znQ="},"lastRemoteEphemeralKey":"BTgJjqANlT0ybTmSTXGwRiulipc5DVBkRg1k3kUgtI0Y","previousCounter":0,"rootKey":"S3Vw0GUqwtsm4IWYAwj8zUpr+yBwmI2ts5NnXKwj8l4="},"indexInfo":{"baseKey":"BckPPEjhpaB0aMGtg/AyidfvAn9pNztCYumMTv5GeOFO","baseKeyType":1,"closed":-1,"used":1691325930065,"created":1691325930065,"remoteIdentityKey":"BWxBrDNkKqtTzAXOAILp/8yNvAIfEqrbfiFZudVEkSBv"},"_chains":{"BSQRTDEe4dBF2df+xybCX0KAbvKaWYWK80j2Q30LdvsX":{"chainKey":{"counter":1,"key":"WAU++DCKrKmBckcrrbXx/m5vaESY8DJ1VdUdpGDfiXc="},"chainType":1,"messageKeys":{}}},"pendingPreKey":{"signedKeyId":1,"baseKey":"BckPPEjhpaB0aMGtg/AyidfvAn9pNztCYumMTv5GeOFO","preKeyId":1004189}}},"version":"v1"}