{"_sessions":{"BeVIs5VIlcfuYI7Vl3dGUxZlYvjmNvp7Fxy7HEtY0NEH":{"registrationId":1094021772,"currentRatchet":{"ephemeralKeyPair":{"pubKey":"BTt+0/vHLq0bP+MRxxitc25pR1SF/4U4dDgOMfv2dqx4","privKey":"8EgeGe6HmdJQWhv6MGVWhoLDc85rYWSV7TfCIjtSxFo="},"lastRemoteEphemeralKey":"BTyiusnp4tBfjA5FEWnitd9xTm64qVOz4NtoWgHD6twf","previousCounter":0,"rootKey":"HC7W9WXWBsySODxDd7/lHDP3egqT2ejUXJY0frPYQuI="},"indexInfo":{"baseKey":"BeVIs5VIlcfuYI7Vl3dGUxZlYvjmNvp7Fxy7HEtY0NEH","baseKeyType":1,"closed":-1,"used":1691326024775,"created":1691326024775,"remoteIdentityKey":"Bag4oppaDNHf473FYIK6kywBDyxhJ3prKUSb/YiGWcd6"},"_chains":{"BTt+0/vHLq0bP+MRxxitc25pR1SF/4U4dDgOMfv2dqx4":{"chainKey":{"counter":0,"key":"/o009u5JfQBtayFu75i5dgBmsKMyIZvGi1y9V4f8A6Q="},"chainType":1,"messageKeys":{}}},"pendingPreKey":{"signedKeyId":0,"baseKey":"BeVIs5VIlcfuYI7Vl3dGUxZlYvjmNvp7Fxy7HEtY0NEH"}}},"version":"v1"}