{"_sessions":{"BcvBetF6jrOqFRX9/h+Nnn+LSxHt7FF7HgHJeBJseSlM":{"registrationId":469942413,"currentRatchet":{"ephemeralKeyPair":{"pubKey":"BdTN0kEt6Bmcjqg+YGVSoUHCdYIl5P6yyoWK+JA3IrlP","privKey":"IJQuBzn/7xpcc0ljnR4TRudCG7WNrQbvpUhTQ0R1K3w="},"lastRemoteEphemeralKey":"BYCGsBm5K24eZjlQ3/4H1+L/emDLQVfmLN9HAYCOPOUe","previousCounter":0,"rootKey":"uVeSDmSslQEeMbNRxhx5AF/KSoow9cIBpDQGfjwhE70="},"indexInfo":{"baseKey":"BcvBetF6jrOqFRX9/h+Nnn+LSxHt7FF7HgHJeBJseSlM","baseKeyType":1,"closed":-1,"used":1691325929233,"created":1691325929233,"remoteIdentityKey":"BSNAih5saPDAvIJND8DOYERBsihiFUIizAx4U7xrM4VL"},"_chains":{"BdTN0kEt6Bmcjqg+YGVSoUHCdYIl5P6yyoWK+JA3IrlP":{"chainKey":{"counter":1,"key":"yj2RIV40Sgo2acSW8tfz2PTNQHabQ/XoS/DzhQHiwmM="},"chainType":1,"messageKeys":{}}},"pendingPreKey":{"signedKeyId":20,"baseKey":"BcvBetF6jrOqFRX9/h+Nnn+LSxHt7FF7HgHJeBJseSlM","preKeyId":3239805}}},"version":"v1"}