{"_sessions":{"BSUnphvGlEIcaJ6qpuovvgs7V2Rk2zq7H9RdBFx0qy5b":{"registrationId":1773013196,"currentRatchet":{"ephemeralKeyPair":{"pubKey":"BUurRM6k+1n5dN5OvORIrR6ujUBm6+JowDlgGPB3vggi","privKey":"MIW9g5EPm90cu4knk5rix4oiivc3HKC78Ka5zJjkvXY="},"lastRemoteEphemeralKey":"Be9eX63hzOzZ7MKi+a3C1yKk+/p9KLDgQrwyqZlow0YT","previousCounter":0,"rootKey":"xSr+YUFACr6kqXa5wMNqGsTN7X7Nb9ujVvqFS6cVl/E="},"indexInfo":{"baseKey":"BSUnphvGlEIcaJ6qpuovvgs7V2Rk2zq7H9RdBFx0qy5b","baseKeyType":1,"closed":-1,"used":1691326020161,"created":1691326020161,"remoteIdentityKey":"BdOwVEqYDjHCaMxAGpqbHSQnGsBwG11HWUuWPZhPCH4W"},"_chains":{"BUurRM6k+1n5dN5OvORIrR6ujUBm6+JowDlgGPB3vggi":{"chainKey":{"counter":0,"key":"GnqFqg0Q0LXnYUWaO5iGGuTjwu3dr7+ApHVDnh9VjAE="},"chainType":1,"messageKeys":{}}},"pendingPreKey":{"signedKeyId":0,"baseKey":"BSUnphvGlEIcaJ6qpuovvgs7V2Rk2zq7H9RdBFx0qy5b"}}},"version":"v1"}