{"_sessions":{"BaAuSjSUUG9ukaTF4e1aZ/hnM5UlhuJ8EvdfSR44szFH":{"registrationId":1753778184,"currentRatchet":{"ephemeralKeyPair":{"pubKey":"BYMHDNWJOkJ1ykFbNLskUeeZsM7UqEWuwQrEneYEwNd6","privKey":"GHClqVVFX32aHAetjuVWqvqN+Jr5YIPkjvEfuQo2JVw="},"lastRemoteEphemeralKey":"BWWN/lmG/cTwuz4tm4lsbsizuTZtS6sdVtR7Oq6kJBEJ","previousCounter":0,"rootKey":"HW89NsdDJawujFQV5urIdGhoD9uDZAsQMvxRMnM3Yyw="},"indexInfo":{"baseKey":"BaAuSjSUUG9ukaTF4e1aZ/hnM5UlhuJ8EvdfSR44szFH","baseKeyType":1,"closed":-1,"used":1691325928972,"created":1691325928972,"remoteIdentityKey":"BZevSGQUk7nhKXAfiVUmlE3WXOjZ3JMfXt41oEGVgw0t"},"_chains":{"BYMHDNWJOkJ1ykFbNLskUeeZsM7UqEWuwQrEneYEwNd6":{"chainKey":{"counter":1,"key":"ly0nFe3n/K8Wi6DaCHtWf9s0RI4L8O8JejPFpDlRYgU="},"chainType":1,"messageKeys":{}}},"pendingPreKey":{"signedKeyId":5,"baseKey":"BaAuSjSUUG9ukaTF4e1aZ/hnM5UlhuJ8EvdfSR44szFH","preKeyId":11131969}}},"version":"v1"}