{"_sessions":{"BfhGoeEn+HzkCXESIjBbE6kAfk4ijU9ZUSQTf6SwgSUF":{"registrationId":45004394,"currentRatchet":{"ephemeralKeyPair":{"pubKey":"BZukBmokKLWYpUuskdiXDU8KvQTsTjYBTHq9GNHN/r4Y","privKey":"2IAbktV267QrDLGyYUtMqoeRPZJ529pkpQTORbT56E4="},"lastRemoteEphemeralKey":"Bb0iDxJEiYLsRoxGD5M05xr3IVwGvwzpPd0EuDCp1z9N","previousCounter":0,"rootKey":"+BfV0h14cCiF+/TKszepC/94xTte856KWsz9yN3Rb0k="},"indexInfo":{"baseKey":"BfhGoeEn+HzkCXESIjBbE6kAfk4ijU9ZUSQTf6SwgSUF","baseKeyType":1,"closed":-1,"used":1691326019338,"created":1691326019338,"remoteIdentityKey":"BQWbyc2M50iLW2YR4NwjFt+OcdZyVink74tcJF4+Y+BD"},"_chains":{"BZukBmokKLWYpUuskdiXDU8KvQTsTjYBTHq9GNHN/r4Y":{"chainKey":{"counter":0,"key":"bMKTPHyB2UThsWDFcwC9yfxZfyb2p1naHzjsHD6GJBQ="},"chainType":1,"messageKeys":{}}},"pendingPreKey":{"signedKeyId":0,"baseKey":"BfhGoeEn+HzkCXESIjBbE6kAfk4ijU9ZUSQTf6SwgSUF"}}},"version":"v1"}