{"_sessions":{"Ba7cYNpHjwBOpLF6sZrqWJEjlaI0t0J/XHJJHmNu9g5S":{"registrationId":1525244365,"currentRatchet":{"ephemeralKeyPair":{"pubKey":"BcIPGg1KM4oAUHH1nrnnWB+0tu0B1EUNldro53/6CXU/","privKey":"AImFgzBsfJoa7Moqonca0POEy+OeoK8Jp3x7xddfdV8="},"lastRemoteEphemeralKey":"BfIva9CqF3omTlNzByVGMa1IIS0lE9FCVCgKtXgcvWsL","previousCounter":1,"rootKey":"UWsvSpWBRKe2AT5dipeCbuPJ71mCrCbE8bh7w6n2bMg="},"indexInfo":{"baseKey":"Ba7cYNpHjwBOpLF6sZrqWJEjlaI0t0J/XHJJHmNu9g5S","baseKeyType":1,"closed":-1,"used":1691325989412,"created":1691325929846,"remoteIdentityKey":"BeYGi5Amgqxc8w9hZgqljXYCyst59s+RIb4QM0PcNUUN"},"_chains":{"BfIva9CqF3omTlNzByVGMa1IIS0lE9FCVCgKtXgcvWsL":{"chainKey":{"counter":0,"key":"hMsqB67dUf8GpCLNmv/vx5741/6gyQOBwYkDJZ7fqHM="},"chainType":2,"messageKeys":{}},"BcIPGg1KM4oAUHH1nrnnWB+0tu0B1EUNldro53/6CXU/":{"chainKey":{"counter":-1,"key":"zWJ1d2mwDsCAu8ne8fGdwPv+Zhn3zgdUs/j+DcoUtzk="},"chainType":1,"messageKeys":{}}}}},"version":"v1"}