{"_sessions":{"BTzaqgNDZ4FgybVfkThz4jzhNHPkyHtL3ueOUu4hxYNh":{"registrationId":2324997,"currentRatchet":{"ephemeralKeyPair":{"pubKey":"BYicA5h87bE69NUrg34UdxBWAw/QYYUgbouGUwgnn09l","privKey":"GHlLDt3/HLK1IjI3ij7K1lcfCk2baLLE4NnT2W2uJn0="},"lastRemoteEphemeralKey":"BXbiJ+mezRZ6IX/bwUQbb+onTef5tIsPJr98iaCTgs1y","previousCounter":0,"rootKey":"OmkJVnhPzHkitQN7lQ1MpIc8qqIjGKrqSFSSAi61a4k="},"indexInfo":{"baseKey":"BTzaqgNDZ4FgybVfkThz4jzhNHPkyHtL3ueOUu4hxYNh","baseKeyType":1,"closed":-1,"used":1691326020054,"created":1691326020054,"remoteIdentityKey":"BYQMbWJjgC5Tf0n1xWZozthH3O/pWWud8KBKlrLhxU9S"},"_chains":{"BYicA5h87bE69NUrg34UdxBWAw/QYYUgbouGUwgnn09l":{"chainKey":{"counter":0,"key":"UiquJ7trBhxBdim7ckb11Z/rpsMn9e8fQ9DGJoCuxF0="},"chainType":1,"messageKeys":{}}},"pendingPreKey":{"signedKeyId":3,"baseKey":"BTzaqgNDZ4FgybVfkThz4jzhNHPkyHtL3ueOUu4hxYNh","preKeyId":2158148}}},"version":"v1"}