{"_sessions":{"BV8W8d5bT641Matd0ZPZixjTcAYj+i/vePC3KmvpcUZB":{"registrationId":1934082574,"currentRatchet":{"ephemeralKeyPair":{"pubKey":"BahY/h343vqQFWzkOvSxda4CRE1ON56gQpD76bZ3qtxP","privKey":"GC92vOKl/ZvCGNxdsDxm0ucQLalsorJVVMDNnX8zG1I="},"lastRemoteEphemeralKey":"BSlBd7/dbKf+I4Ss/B8bLeMHrdvDbmmxQ8BfXlAjie9T","previousCounter":0,"rootKey":"MuFIoEysuR2v0hDE4oFaWSjgSz/lba5uSThsIW9HhHk="},"indexInfo":{"baseKey":"BV8W8d5bT641Matd0ZPZixjTcAYj+i/vePC3KmvpcUZB","baseKeyType":1,"closed":-1,"used":1691326019451,"created":1691326019451,"remoteIdentityKey":"BXjAQtnf9mRz6lgMZZY5kpiFwn7h1bw+16csqNSnGCl2"},"_chains":{"BahY/h343vqQFWzkOvSxda4CRE1ON56gQpD76bZ3qtxP":{"chainKey":{"counter":0,"key":"NWhAD/Aqvp3GMG/7SVfmXTBh7dUlx+04tcsE7axFKXg="},"chainType":1,"messageKeys":{}}},"pendingPreKey":{"signedKeyId":7,"baseKey":"BV8W8d5bT641Matd0ZPZixjTcAYj+i/vePC3KmvpcUZB","preKeyId":717990}}},"version":"v1"}