{"_sessions":{"BTwrF+pAL29iXDK/cd5oBK9n9RMcIvqSia6gqgAHpQcV":{"registrationId":837193425,"currentRatchet":{"ephemeralKeyPair":{"pubKey":"Bb898N2/l/sSFXf+9JBPIFHAHOl4neXBDiYsw7SdbX0B","privKey":"MMpeDSYxDMgT5316gStoisoHqP2WyVvZnhadaq1mqHQ="},"lastRemoteEphemeralKey":"BdHj8abFEznQvS4RJjoyD0+kqcyQwdthtRcHstxjKvYX","previousCounter":0,"rootKey":"vNZQleGeAj8DuYHux9e7FvwNJrIkZ1lOjg6Dqjq+OMo="},"indexInfo":{"baseKey":"BTwrF+pAL29iXDK/cd5oBK9n9RMcIvqSia6gqgAHpQcV","baseKeyType":1,"closed":-1,"used":1691326024858,"created":1691326024858,"remoteIdentityKey":"Ba7C2PDOkO5W/eAP1v7/hwlUADR9tMZUr+gGDsR1688n"},"_chains":{"Bb898N2/l/sSFXf+9JBPIFHAHOl4neXBDiYsw7SdbX0B":{"chainKey":{"counter":0,"key":"FiDE89btR+R682tmXTn2u/LIaZN2PnAl/SzlvEiKxlg="},"chainType":1,"messageKeys":{}}},"pendingPreKey":{"signedKeyId":1,"baseKey":"BTwrF+pAL29iXDK/cd5oBK9n9RMcIvqSia6gqgAHpQcV","preKeyId":13919782}}},"version":"v1"}