{"_sessions":{"BYw4MSHo9HSy42Zg8lzuMfvWUQiV0A0qqxehyQz7iPtI":{"registrationId":748700143,"currentRatchet":{"ephemeralKeyPair":{"pubKey":"BVDdItWiVxYGpFnwubklE7oETspAVsCavf0K2E0yls9W","privKey":"2EEDt62IuLT36Wx2YeDg2AzkZLL9WO++sHLrgrWY7lc="},"lastRemoteEphemeralKey":"BU49WuN2qnTY7j26M9UahivKE4Cx1uWJ05thG7I6wAVy","previousCounter":0,"rootKey":"fTYGDVgr5PitWMy5OiLNHzypSJrdZ7WxH7K1rxwz3GQ="},"indexInfo":{"baseKey":"BYw4MSHo9HSy42Zg8lzuMfvWUQiV0A0qqxehyQz7iPtI","baseKeyType":1,"closed":-1,"used":1691325928472,"created":1691325928472,"remoteIdentityKey":"Bdmjei806YJ9kdMf2KpPa+7IJ93/MSeOLW45vM+Ewlgn"},"_chains":{"BVDdItWiVxYGpFnwubklE7oETspAVsCavf0K2E0yls9W":{"chainKey":{"counter":1,"key":"BWgB7vK7n1DN74AblXJj4m2pFmDqiQ2UGKnIkVozQVI="},"chainType":1,"messageKeys":{}}},"pendingPreKey":{"signedKeyId":1,"baseKey":"BYw4MSHo9HSy42Zg8lzuMfvWUQiV0A0qqxehyQz7iPtI","preKeyId":4066629}}},"version":"v1"}