{"_sessions":{"BXBDe+xNa8l8jxVeaB3dTfnxIhhCLoQ9Hm1v4CN5ZwMX":{"registrationId":920930596,"currentRatchet":{"ephemeralKeyPair":{"pubKey":"BT+3USMjFNIX2VPKi9rpGG0wBk4f+z+W8Qcc5NwgyT9O","privKey":"QKuQ6nDPVEjrAD1kZYi9nZpI4jyCIZr2VgccTgiNwV4="},"lastRemoteEphemeralKey":"BYNYyzf5BgcQQs5hpe+GaYiwj9m/aQR2Kd8bm945om1K","previousCounter":0,"rootKey":"Q1uVDMGKkbFeVFQB80QpXTSg/vBCLzE2AYxsy0rnP3A="},"indexInfo":{"baseKey":"BXBDe+xNa8l8jxVeaB3dTfnxIhhCLoQ9Hm1v4CN5ZwMX","baseKeyType":1,"closed":-1,"used":1691326024535,"created":1691326024535,"remoteIdentityKey":"BUV2wB8MXBXPKQ3YgTy6T4JrJGAhouCOszxIWk5XN/5Z"},"_chains":{"BT+3USMjFNIX2VPKi9rpGG0wBk4f+z+W8Qcc5NwgyT9O":{"chainKey":{"counter":0,"key":"CU7/PCLZKstlYuNaobF3Dx4fC0fOqUEFRj2BF/ixtRc="},"chainType":1,"messageKeys":{}}},"pendingPreKey":{"signedKeyId":0,"baseKey":"BXBDe+xNa8l8jxVeaB3dTfnxIhhCLoQ9Hm1v4CN5ZwMX"}}},"version":"v1"}