{"_sessions":{"Bb2j8IZWrO2l7bLG636g7JmF69tk+FtrZAROpt0Mz3d/":{"registrationId":2134615127,"currentRatchet":{"ephemeralKeyPair":{"pubKey":"BagwDh4gto5aibnrRWEff9jCVL6Xl3A+L8tiCAPeipVi","privKey":"iATP7B+hafBp3uySC+iRfPGiJE4vRzbcxK6RX69M6Ug="},"lastRemoteEphemeralKey":"BVxkcl8fVFDm/YNYPi5CooJ4UmSgncn0iIss+SB5pnIb","previousCounter":0,"rootKey":"tCa1dasTjWvvzepKtbnaBsp0GVhnJtXEVkj+q9tMBUk="},"indexInfo":{"baseKey":"Bb2j8IZWrO2l7bLG636g7JmF69tk+FtrZAROpt0Mz3d/","baseKeyType":1,"closed":-1,"used":1691326021047,"created":1691326021047,"remoteIdentityKey":"BcA8fsHyEgccbDVty9fefAKZYHl6KIjSGAK3uNUSqHde"},"_chains":{"BagwDh4gto5aibnrRWEff9jCVL6Xl3A+L8tiCAPeipVi":{"chainKey":{"counter":0,"key":"UqUHy9tKuazsgJdVaCNgzZfjyd1SGTp9+Lc1V5pTP0w="},"chainType":1,"messageKeys":{}}},"pendingPreKey":{"signedKeyId":2,"baseKey":"Bb2j8IZWrO2l7bLG636g7JmF69tk+FtrZAROpt0Mz3d/","preKeyId":5960866}}},"version":"v1"}