{"_sessions":{"BaBeiJf1IizZ5pZyO6unx67CFb86+jt4hjxedfuEn99M":{"registrationId":1890511327,"currentRatchet":{"ephemeralKeyPair":{"pubKey":"BRzQuziveO7Lwc8/TVTwrUztCz0nQRZTB9xKNofg+kV3","privKey":"qAi6nfJMu7RkGVmLOZQ/C38DBDQFvaGUKFT1w2+r/0c="},"lastRemoteEphemeralKey":"BUUxEO0AmrsbC+t1cy9t7TkAhxmtP4N932ri3kfiDiEc","previousCounter":0,"rootKey":"bY4uHLbGLZUY+HSWknaL5jwQ70Ry/yLzbQaxY/69K9A="},"indexInfo":{"baseKey":"BaBeiJf1IizZ5pZyO6unx67CFb86+jt4hjxedfuEn99M","baseKeyType":1,"closed":-1,"used":1691325928942,"created":1691325928942,"remoteIdentityKey":"BcunvNp2kefCqsbDpwNaREbp5JBI1EoeH3eLIXkPSn9i"},"_chains":{"BRzQuziveO7Lwc8/TVTwrUztCz0nQRZTB9xKNofg+kV3":{"chainKey":{"counter":1,"key":"NIRlFgzQ1u/KVX6SKGMpweC88Lk/07UMP4NC+frsOeo="},"chainType":1,"messageKeys":{}}},"pendingPreKey":{"signedKeyId":1432979,"baseKey":"BaBeiJf1IizZ5pZyO6unx67CFb86+jt4hjxedfuEn99M","preKeyId":3487}}},"version":"v1"}