{"_sessions":{"BcjclsYpEzf90FjMQJLntQ9DuZq5KJU1wS7V20MDBn5P":{"registrationId":60707703,"currentRatchet":{"ephemeralKeyPair":{"pubKey":"Bf2iLZbEZkrXu8d+wjJ1zkOztB0g97W19vc1isd3Ms8W","privKey":"yNZ7LJRM0pfHCRYkJmzeCZDMI/BcXXDjx8p8VOeRkE8="},"lastRemoteEphemeralKey":"BbqlMr8j7mEGknv4ReP/adBLhdTE5TyXUGWyTiD7FDpa","previousCounter":0,"rootKey":"t+yyf1AJm6K2Zb2piWA7JYyPIcWyHafOL+9kwqGZu7c="},"indexInfo":{"baseKey":"BcjclsYpEzf90FjMQJLntQ9DuZq5KJU1wS7V20MDBn5P","baseKeyType":1,"closed":-1,"used":1691326021364,"created":1691326021364,"remoteIdentityKey":"BQaaJAhpEAwym2wF+lTpWYyAVq38AswWDR0Qvu9vYHYl"},"_chains":{"Bf2iLZbEZkrXu8d+wjJ1zkOztB0g97W19vc1isd3Ms8W":{"chainKey":{"counter":0,"key":"AoEW0ktth2JcKI6/kzLslyKRvsjk4koL7o6aToZxJtY="},"chainType":1,"messageKeys":{}}},"pendingPreKey":{"signedKeyId":3,"baseKey":"BcjclsYpEzf90FjMQJLntQ9DuZq5KJU1wS7V20MDBn5P","preKeyId":1016754}}},"version":"v1"}