{"_sessions":{"BdqYrrqKdtouP7ZQW61Dxgv/na/GfoX2reUGoIbDxaIt":{"registrationId":2075636473,"currentRatchet":{"ephemeralKeyPair":{"pubKey":"BeiSuyJXgJDvxtEmrWcvluqf4j0tV5izqS8fFRE8wYkz","privKey":"qJSw1vdk3qU+2Np4YYxewonatY1kMswp1NIWKTC0aEk="},"lastRemoteEphemeralKey":"BRO1aF65tB7ua89la2m6gPFaRYmhlP8ggUFYUVO9xxII","previousCounter":0,"rootKey":"iyQ+Z1rSpXY6oj8IeCuXjmZGe9H9KmRzI1x3dpBcCFE="},"indexInfo":{"baseKey":"BdqYrrqKdtouP7ZQW61Dxgv/na/GfoX2reUGoIbDxaIt","baseKeyType":1,"closed":-1,"used":1691326019474,"created":1691326019474,"remoteIdentityKey":"BeE0hAKz9jfRXHaK0lKW/6goUP2vopFJ8lbY+x/QWoY9"},"_chains":{"BeiSuyJXgJDvxtEmrWcvluqf4j0tV5izqS8fFRE8wYkz":{"chainKey":{"counter":0,"key":"LL4Tr4eoW+jgfKc3WSXFKuLht1Ltma2ZrEKVczovG68="},"chainType":1,"messageKeys":{}}},"pendingPreKey":{"signedKeyId":8,"baseKey":"BdqYrrqKdtouP7ZQW61Dxgv/na/GfoX2reUGoIbDxaIt"}}},"version":"v1"}