{"_sessions":{"BaeccrWWMa12Gpctr1ISvFXnUbskybs1lVTbU96NvcpW":{"registrationId":1423719078,"currentRatchet":{"ephemeralKeyPair":{"pubKey":"BUmREww2aCGWAZKwyUrvMT5ujjsMQGx329nnMSEIH1Uq","privKey":"EDEwLtW5TeNk6HeRvTLbFy6TkolBwFdr3nlTCLQmdGM="},"lastRemoteEphemeralKey":"BdiOvgSLz/0VN/Pg9UY4OWJ7xhJxSara4Eq6CiUHqBNA","previousCounter":0,"rootKey":"O3CLtvAYLXZb600qb8Oq7j2w5zIrrAUhXRY8wUJ+sxg="},"indexInfo":{"baseKey":"BaeccrWWMa12Gpctr1ISvFXnUbskybs1lVTbU96NvcpW","baseKeyType":1,"closed":-1,"used":1691326024561,"created":1691326024561,"remoteIdentityKey":"BUJHvNpROTw5Fow/JqOvncfRRMFAY3d/ok95BgHtXX9l"},"_chains":{"BUmREww2aCGWAZKwyUrvMT5ujjsMQGx329nnMSEIH1Uq":{"chainKey":{"counter":0,"key":"yzFVonviEhpJM40AJLvBdEEPVIcCT9hK7Xi6L1x2I8s="},"chainType":1,"messageKeys":{}}},"pendingPreKey":{"signedKeyId":1,"baseKey":"BaeccrWWMa12Gpctr1ISvFXnUbskybs1lVTbU96NvcpW"}}},"version":"v1"}