{"_sessions":{"BbN2HfB4izafSkOSjlNBqexk6+4pcxOI7LJjD7+B854s":{"registrationId":6061829,"currentRatchet":{"ephemeralKeyPair":{"pubKey":"Bbx4u0P6H3jfnPMGiTVe81rWB+oHenK+diOnqogHE5ha","privKey":"cJWWfmFIYOtlb8a3wQ0G6wy7FYZIvgxEKf2naP+aWkM="},"lastRemoteEphemeralKey":"BQHfhQl8Z26lQu159UlvsZ8rXfkwfVe3ZGGjD06VMVZF","previousCounter":0,"rootKey":"YJWvUQoGG1iiAdgEvpUEIaIso6mY5sXehvS5xU6R0yI="},"indexInfo":{"baseKey":"BbN2HfB4izafSkOSjlNBqexk6+4pcxOI7LJjD7+B854s","baseKeyType":1,"closed":-1,"used":1691326019645,"created":1691326019645,"remoteIdentityKey":"Be9xyimUJJJ5N4z3ZgLcIfb3Nl5nrP7I9a+fEnkLNx8J"},"_chains":{"Bbx4u0P6H3jfnPMGiTVe81rWB+oHenK+diOnqogHE5ha":{"chainKey":{"counter":0,"key":"JqQeqkhy8tXUUPmRBtbcSFDEOmqQ8uHlg7neymaLMA8="},"chainType":1,"messageKeys":{}}},"pendingPreKey":{"signedKeyId":4,"baseKey":"BbN2HfB4izafSkOSjlNBqexk6+4pcxOI7LJjD7+B854s","preKeyId":6547824}}},"version":"v1"}