{"_sessions":{"Bfy+ZXkuJN3GGTPUZGe9v4zpepqA9ZrY4rPJhBPuXYoW":{"registrationId":1467292105,"currentRatchet":{"ephemeralKeyPair":{"pubKey":"BYXOXpPOAkNumox6rJnmLQINf++VYp5vTy91l1g4B+Ar","privKey":"uBoYeuvJK7GquMLPcvdhoz1QQMX1No4IqrVZo1V5kVM="},"lastRemoteEphemeralKey":"BVcnStLaGTVoaL1n/cJFOdrs6yiYJ6MiIfyU9ei/DFUw","previousCounter":0,"rootKey":"WwpLUAu/ebaH3BR2aVC5NhQOk9szscmh+oGMZUzSIEQ="},"indexInfo":{"baseKey":"Bfy+ZXkuJN3GGTPUZGe9v4zpepqA9ZrY4rPJhBPuXYoW","baseKeyType":1,"closed":-1,"used":1691326023676,"created":1691326023676,"remoteIdentityKey":"BSdwYSjKdfIA9WdB8+ul+h0xUKVN+lqx+HUua0iNUY0l"},"_chains":{"BYXOXpPOAkNumox6rJnmLQINf++VYp5vTy91l1g4B+Ar":{"chainKey":{"counter":0,"key":"R1yuuKQ5Fc4kPmUzxh53RO7XXgctGgivjTGoy9BUEFw="},"chainType":1,"messageKeys":{}}},"pendingPreKey":{"signedKeyId":9,"baseKey":"Bfy+ZXkuJN3GGTPUZGe9v4zpepqA9ZrY4rPJhBPuXYoW","preKeyId":9770850}}},"version":"v1"}