{"_sessions":{"BXg2oh+99JE6mxK6gNJvE4g2ewyxagJXtsJ6ruwZmYU4":{"registrationId":839048625,"currentRatchet":{"ephemeralKeyPair":{"pubKey":"BfgyPNw7IgbKzIlar1IbzCjr5iDE//JQogXxpYhR9X8V","privKey":"EAPcwJk8rd2MFXQTYwKheXM+6iIFCPkCohNSzDe1kmM="},"lastRemoteEphemeralKey":"BTc+mvdd2Mi2FIcac+5Ff63T3yIsgHtCoBwmtFB1dG8H","previousCounter":0,"rootKey":"m7Vhw2My2YrIEQtfczRSsP82GFyDIfbcvg0QoRCu9OY="},"indexInfo":{"baseKey":"BXg2oh+99JE6mxK6gNJvE4g2ewyxagJXtsJ6ruwZmYU4","baseKeyType":1,"closed":-1,"used":1691326023355,"created":1691326023355,"remoteIdentityKey":"BdhLqj7ASLiN7/hDVRXmNZ9P5O6OAlf64WvWeFXAz1gF"},"_chains":{"BfgyPNw7IgbKzIlar1IbzCjr5iDE//JQogXxpYhR9X8V":{"chainKey":{"counter":0,"key":"fSto2Eg5l4l7atmi/oXoTuP1QNeozh8l7iW8UQkxaOE="},"chainType":1,"messageKeys":{}}},"pendingPreKey":{"signedKeyId":1,"baseKey":"BXg2oh+99JE6mxK6gNJvE4g2ewyxagJXtsJ6ruwZmYU4"}}},"version":"v1"}