{"_sessions":{"BXhDPq+scBTXzHBPg1K+OyOnc85ZrTqQmqCtvIRyPVAQ":{"registrationId":668736329,"currentRatchet":{"ephemeralKeyPair":{"pubKey":"BTmQNz1bc58pE04IFPDZS5dkSUXO5CJQa+CpK30Kumsd","privKey":"8KF6ntMZqjRf6yD7LPmIkaCeA+TwRYubi6nUbQJnyFs="},"lastRemoteEphemeralKey":"BRgElj4l0BfQPUlNukp5LknO5zFFe+QBQTr1v8/8Xr46","previousCounter":0,"rootKey":"m8lQZB5tSvHQgwduNQD2vi31LZhT6IM+zAQtr0DdLc0="},"indexInfo":{"baseKey":"BXhDPq+scBTXzHBPg1K+OyOnc85ZrTqQmqCtvIRyPVAQ","baseKeyType":1,"closed":-1,"used":1691326021148,"created":1691326021148,"remoteIdentityKey":"BbGyOhGFR2CdT5lVZ4kkpF8UDix/Yt8Riw+7MD6QrJxN"},"_chains":{"BTmQNz1bc58pE04IFPDZS5dkSUXO5CJQa+CpK30Kumsd":{"chainKey":{"counter":0,"key":"xOQ6Fnyj8SNLFuA1J5HaY9zMEptXW0ma9MavjdJehtQ="},"chainType":1,"messageKeys":{}}},"pendingPreKey":{"signedKeyId":4,"baseKey":"BXhDPq+scBTXzHBPg1K+OyOnc85ZrTqQmqCtvIRyPVAQ","preKeyId":2995170}}},"version":"v1"}