{"_sessions":{"Be+QFmI5XXUCeE6U0s3EHp7IBzlyG4GEF0XRSqH28+xk":{"registrationId":1791577388,"currentRatchet":{"ephemeralKeyPair":{"pubKey":"BbHslj+yg+viiA8WRvji9DnYaamj/H6+NBwSFSHtwbpF","privKey":"8EItvqC63wL+P47v6x3al7/nHftVWa4FnLGFurbpOHg="},"lastRemoteEphemeralKey":"BYebCKwcgrrq8sccALojFRn4EMVRCHJW2Zb8i72FxKJl","previousCounter":0,"rootKey":"C1YyiTjaib4aL796yyNRq6d4DIZvdJAW2JaDS95+ACU="},"indexInfo":{"baseKey":"Be+QFmI5XXUCeE6U0s3EHp7IBzlyG4GEF0XRSqH28+xk","baseKeyType":1,"closed":-1,"used":1691326021347,"created":1691326021347,"remoteIdentityKey":"BQzOMH0NzgLVcys6zpQgNsPKVOyXTgFfEzIML4Ff1p1N"},"_chains":{"BbHslj+yg+viiA8WRvji9DnYaamj/H6+NBwSFSHtwbpF":{"chainKey":{"counter":0,"key":"Tndbu6+ZdLCG5d6X5Z5j7rFDCCns5T5qSrRUS9yANYk="},"chainType":1,"messageKeys":{}}},"pendingPreKey":{"signedKeyId":4,"baseKey":"Be+QFmI5XXUCeE6U0s3EHp7IBzlyG4GEF0XRSqH28+xk","preKeyId":10229493}}},"version":"v1"}