{"_sessions":{"BcO5G4Me7yqcfM6LMRRMDroOLUwZI72Aszt3HNdzTJll":{"registrationId":784750304,"currentRatchet":{"ephemeralKeyPair":{"pubKey":"BSAvZMUldl18GGFXBfa4wznQ+2Ff1a9iYUVr7pE81+gz","privKey":"EFsu8rROsEuVHpkw/M1iGwb9jYY+ejl5NQztd1lsVnI="},"lastRemoteEphemeralKey":"BSKd1gSvtFbJA76YZrVW7mrmUdBnPO0mQcvx2sLSCdoX","previousCounter":0,"rootKey":"BcQkAKpoIOiEg6//or1WsZCiqajBMQuqMKnb0eSYKFk="},"indexInfo":{"baseKey":"BcO5G4Me7yqcfM6LMRRMDroOLUwZI72Aszt3HNdzTJll","baseKeyType":1,"closed":-1,"used":1691325929167,"created":1691325929167,"remoteIdentityKey":"BRHycx581Z3aSgpQqCCPU4mI1Z12w9fgOGS4kMUb3vVy"},"_chains":{"BSAvZMUldl18GGFXBfa4wznQ+2Ff1a9iYUVr7pE81+gz":{"chainKey":{"counter":1,"key":"CpbHB739ydtJXesV59ZWzpLE3diRuIGwi6F2kc40nXw="},"chainType":1,"messageKeys":{}}},"pendingPreKey":{"signedKeyId":11,"baseKey":"BcO5G4Me7yqcfM6LMRRMDroOLUwZI72Aszt3HNdzTJll","preKeyId":3680543}}},"version":"v1"}