{"_sessions":{"BYLBd5IbNUzp8ZuLzFJV1ba5mcs7gPjrU+K9GfdNMh4b":{"registrationId":351621467,"currentRatchet":{"ephemeralKeyPair":{"pubKey":"BVXCHMj3ujOdFZeILTYI3D6wayUPCeYLXHr19EFFnNh5","privKey":"QC/fEp1iPDd/GryM0jMD5/NErOj4RC1G4L322GCf+Xg="},"lastRemoteEphemeralKey":"BTaFGQkILgwbU7PJ/x8Iki2iKngdqljNrvJ7mQ0TmLgy","previousCounter":0,"rootKey":"UvW+wVd3WKfmsj8iqzveXNtqiW74j9StyYTjup3Trzc="},"indexInfo":{"baseKey":"BYLBd5IbNUzp8ZuLzFJV1ba5mcs7gPjrU+K9GfdNMh4b","baseKeyType":1,"closed":-1,"used":1691326023944,"created":1691326023944,"remoteIdentityKey":"BS+A8QsWCE7sTJ1Mij63R5OYPWbTxE/GP9cpj11vDLZn"},"_chains":{"BVXCHMj3ujOdFZeILTYI3D6wayUPCeYLXHr19EFFnNh5":{"chainKey":{"counter":0,"key":"87ztQkwdTbMG7NQI94grx4PAOuTAMDdaz2EvExFjV7c="},"chainType":1,"messageKeys":{}}},"pendingPreKey":{"signedKeyId":1,"baseKey":"BYLBd5IbNUzp8ZuLzFJV1ba5mcs7gPjrU+K9GfdNMh4b","preKeyId":1594658}}},"version":"v1"}