{"_sessions":{"BT5GXS4zPHFBnZ4iwqrKhlp6Rt8G7gBUzuwmqPqs+6x0":{"registrationId":1615711320,"currentRatchet":{"ephemeralKeyPair":{"pubKey":"Bfn5G/FnoZU+7zY4iD+Xc2MqfQCWYJyd0bpVUyCs/g0B","privKey":"EHuwwSdmIK112aD8C7epM+iQhV+kEHyAWAQY7YDHM3g="},"lastRemoteEphemeralKey":"BXIJ5ovb9b5nxFQgYLXw17UaYB/LFBTuikw4Hs5pSCo0","previousCounter":0,"rootKey":"gKX4VgJitkr18biTZpvYcyABdqeqIiODYZwNvOAvnh8="},"indexInfo":{"baseKey":"BT5GXS4zPHFBnZ4iwqrKhlp6Rt8G7gBUzuwmqPqs+6x0","baseKeyType":1,"closed":-1,"used":1691326025345,"created":1691326025345,"remoteIdentityKey":"BWnzqT/5QkjGZWRT7/kSrn1i1JINXfuPzm+Pg4XrvE9L"},"_chains":{"Bfn5G/FnoZU+7zY4iD+Xc2MqfQCWYJyd0bpVUyCs/g0B":{"chainKey":{"counter":0,"key":"KkN6Waqn6GCT0fY3BWiFTNObxUYpHVdQEQyz292/hto="},"chainType":1,"messageKeys":{}}},"pendingPreKey":{"signedKeyId":1845305,"baseKey":"BT5GXS4zPHFBnZ4iwqrKhlp6Rt8G7gBUzuwmqPqs+6x0"}}},"version":"v1"}