{"_sessions":{"BTg18Br4a5rGEIari+p/YMSJvA5gmMrgVlFxy6J7Ato0":{"registrationId":1660233294,"currentRatchet":{"ephemeralKeyPair":{"pubKey":"BdUnSr9v67CVwSlvV4LlsyAgn5LCyBODLdSx+Y5VwjhY","privKey":"KOuI5XDra4DRasPzBkMpXMPP+PZcYW83xpIfJqjrVWM="},"lastRemoteEphemeralKey":"BSHa0t/6//npMFFSQbrNM8btGGp2QGvbZlC4rCvBl2oD","previousCounter":0,"rootKey":"uNVoBjXbNWusfcoYWsJj9QlFgMXmo/Lz81EUUMEeEgo="},"indexInfo":{"baseKey":"BTg18Br4a5rGEIari+p/YMSJvA5gmMrgVlFxy6J7Ato0","baseKeyType":1,"closed":-1,"used":1691326020364,"created":1691326020364,"remoteIdentityKey":"BQz+oqu60wwBNh6Pc0p9WH4emJZEZ6QaA9DQ43lFAipn"},"_chains":{"BdUnSr9v67CVwSlvV4LlsyAgn5LCyBODLdSx+Y5VwjhY":{"chainKey":{"counter":0,"key":"Ep8QgeVIMcts436OV/XPm+mmQnSC9SSu0iJIjwdLWb0="},"chainType":1,"messageKeys":{}}},"pendingPreKey":{"signedKeyId":11,"baseKey":"BTg18Br4a5rGEIari+p/YMSJvA5gmMrgVlFxy6J7Ato0","preKeyId":6374869}}},"version":"v1"}