{"_sessions":{"BQIrK8f7PHQ0Mp501dfymTk9mIOi/m320LusysNGBN4D":{"registrationId":1623880383,"currentRatchet":{"ephemeralKeyPair":{"pubKey":"BbdEgQGydhLewMZp4Qm4LwkF3+6OK7HSXlERC40C8VxZ","privKey":"gKCMRw8zEDzJf45T77UjypJGyOgvh/0+D2x4MHybl0c="},"lastRemoteEphemeralKey":"Bczk+nvSdIQWUcT/LGbROyRpn9P0sP0MXE6MosjqE9dh","previousCounter":0,"rootKey":"zQR7zvRTiO53hnQ6V4PtN0ViGJzUfSUCz/ggMw1gDvY="},"indexInfo":{"baseKey":"BQIrK8f7PHQ0Mp501dfymTk9mIOi/m320LusysNGBN4D","baseKeyType":1,"closed":-1,"used":1691325928633,"created":1691325928633,"remoteIdentityKey":"BYadD8FfhFnosxfh2048r9yfh8X7gmy+qKlNkgAf7bdf"},"_chains":{"BbdEgQGydhLewMZp4Qm4LwkF3+6OK7HSXlERC40C8VxZ":{"chainKey":{"counter":1,"key":"VBxyLyRdQhNOGOppXTmDsKR9JU6RikHHeriUB37rbqU="},"chainType":1,"messageKeys":{}}},"pendingPreKey":{"signedKeyId":3,"baseKey":"BQIrK8f7PHQ0Mp501dfymTk9mIOi/m320LusysNGBN4D","preKeyId":13348309}}},"version":"v1"}