{"_sessions":{"BYEmpC9/LMZj8+suQ6iwAb5Vnhw4uB4MAG0RkKpGcN4a":{"registrationId":712252997,"currentRatchet":{"ephemeralKeyPair":{"pubKey":"BY17IRwwTLVNW97X7klnmp/OrsdtrB3XTjlJ3EJWBoRZ","privKey":"CEy9xsH9JcF+yRcTX5dsQA9AQHHmTz2H+oLD2x9Z0mo="},"lastRemoteEphemeralKey":"BZiNmfB1zRRrNx5SGLGmRG4TSCOOzOLA3aMzaHK0l+on","previousCounter":0,"rootKey":"7bXySGN5m30ydmvodbXrw6cfJcNS9GPd6Rp2e40eCl0="},"indexInfo":{"baseKey":"BYEmpC9/LMZj8+suQ6iwAb5Vnhw4uB4MAG0RkKpGcN4a","baseKeyType":1,"closed":-1,"used":1691325929561,"created":1691325929561,"remoteIdentityKey":"BcHXI4hbpU5Lo/X3Q2amMgQ4eO9mHwkNPuyWL0nmWSp1"},"_chains":{"BY17IRwwTLVNW97X7klnmp/OrsdtrB3XTjlJ3EJWBoRZ":{"chainKey":{"counter":1,"key":"rO7MzIVQ6w5h8bg1SCj2M8+4CFbK5qI4E/EUlLP3S90="},"chainType":1,"messageKeys":{}}},"pendingPreKey":{"signedKeyId":0,"baseKey":"BYEmpC9/LMZj8+suQ6iwAb5Vnhw4uB4MAG0RkKpGcN4a","preKeyId":3371435}}},"version":"v1"}