{"_sessions":{"BQezGd30XMDsPoJoujkYNys195jldFb8XQ3JYFNJUP9U":{"registrationId":291545712,"currentRatchet":{"ephemeralKeyPair":{"pubKey":"BdVkEF2ZLwsQxnMrnSUlwDfu2z6JCZ9+K+r7Z4hFt8xH","privKey":"0Efm04/NaU67q2xR7qCrAMPLCWqSAuld34aRCue90kQ="},"lastRemoteEphemeralKey":"BXtnHSPbKIJxCAX1G6rflSjcMtW4msDcrO4ciAKJqmF9","previousCounter":0,"rootKey":"DCFQP4yMlogGYR8bHtB8GeRSqa1QwFcia895MY9u/YA="},"indexInfo":{"baseKey":"BQezGd30XMDsPoJoujkYNys195jldFb8XQ3JYFNJUP9U","baseKeyType":1,"closed":-1,"used":1691326023771,"created":1691326023771,"remoteIdentityKey":"Be5t/RzJ5RHn+ruYWwpoJzOigg4bF9HdYeplp3d+DNcs"},"_chains":{"BdVkEF2ZLwsQxnMrnSUlwDfu2z6JCZ9+K+r7Z4hFt8xH":{"chainKey":{"counter":0,"key":"M5bAz0LaT6AFVWFVZtwh5fNtSRi+E1KQSMc2Fo3b/W0="},"chainType":1,"messageKeys":{}}},"pendingPreKey":{"signedKeyId":14909678,"baseKey":"BQezGd30XMDsPoJoujkYNys195jldFb8XQ3JYFNJUP9U"}}},"version":"v1"}