{"_sessions":{"BaIE0quWghg1QqCDF0JS7YE7DsUHHrPDTRDiuaeAy096":{"registrationId":575291859,"currentRatchet":{"ephemeralKeyPair":{"pubKey":"BUJ9I1p1gDh9Z5AdFniUZ910Xwzp3WtDAdaq4qZhn6gq","privKey":"WJfnNbIdr2Z2pBLgr4UYGL89k6WGWXJbsqIhsENEgmI="},"lastRemoteEphemeralKey":"BUt+X7UNLgc5E//7yhyuIpOSmbb8IaXJCL04CmIq3RZY","previousCounter":0,"rootKey":"37VJ1CTm3bkeS/Khjh18QGajlkeWwc9G7U5voczshJc="},"indexInfo":{"baseKey":"BaIE0quWghg1QqCDF0JS7YE7DsUHHrPDTRDiuaeAy096","baseKeyType":1,"closed":-1,"used":1691326018939,"created":1691326018939,"remoteIdentityKey":"BagIa6iuEjMoDHq7WY92jtEfL9MOf5Mj4yGt4ydwUg05"},"_chains":{"BUJ9I1p1gDh9Z5AdFniUZ910Xwzp3WtDAdaq4qZhn6gq":{"chainKey":{"counter":0,"key":"UAUct5O3nt2RVCbMF/4UFrQnu65ov07UTxGXs04Eddc="},"chainType":1,"messageKeys":{}}},"pendingPreKey":{"signedKeyId":6,"baseKey":"BaIE0quWghg1QqCDF0JS7YE7DsUHHrPDTRDiuaeAy096","preKeyId":5939134}}},"version":"v1"}