{"_sessions":{"BVvzvXHTRS38iV8K44I5GNZ/Xa4NIlENbN8ytagBr34j":{"registrationId":1814744947,"currentRatchet":{"ephemeralKeyPair":{"pubKey":"BVZgDTdnPj9wa0qrxzwnB7jDPkrYVW5QStJxrUlOAww5","privKey":"yGIQZFDiNNQMFnMMlT5zRgaafd4Jh9Fvd53UZ+ZwJ08="},"lastRemoteEphemeralKey":"BRgAgt64wMndZhSbqhFW0isq3bkFTB+aiJsH14jAbuxh","previousCounter":0,"rootKey":"4F1708iYOV5Y5DyxmsSx7jc3JaO0kRdlHvn4FxkIYTM="},"indexInfo":{"baseKey":"BVvzvXHTRS38iV8K44I5GNZ/Xa4NIlENbN8ytagBr34j","baseKeyType":1,"closed":-1,"used":1691326021634,"created":1691326021634,"remoteIdentityKey":"BecMDZNwDgX3eKOWBmwc+nNiUPwiPQ7DXQAcBAPLJPAW"},"_chains":{"BVZgDTdnPj9wa0qrxzwnB7jDPkrYVW5QStJxrUlOAww5":{"chainKey":{"counter":0,"key":"+WCb7aUNcWGhe4A2YvTQwxQGz5rYHcrXfhzpMg/edOY="},"chainType":1,"messageKeys":{}}},"pendingPreKey":{"signedKeyId":0,"baseKey":"BVvzvXHTRS38iV8K44I5GNZ/Xa4NIlENbN8ytagBr34j"}}},"version":"v1"}