{"_sessions":{"BWvbhZE48OM4wiUbbDU46dZ7zCQfw5H4nfr5zuyoQiIz":{"registrationId":1860581795,"currentRatchet":{"ephemeralKeyPair":{"pubKey":"BfICMO+JoTdeEtS9gSxaCYjtVvAonKTjbmMPN9jqV84p","privKey":"KCkW+l08Irfva2Hq6vj9QtbTw31ZDHvMeidlQXgCiG0="},"lastRemoteEphemeralKey":"BfxmeJhAREPfcSp3L4TBqHyWSKPqJnCpXQXE62CZV1x+","previousCounter":0,"rootKey":"T2N3in4zLzb+s9orDhXXBlJ54tR4ECZ3p0vmtlBEzX8="},"indexInfo":{"baseKey":"BWvbhZE48OM4wiUbbDU46dZ7zCQfw5H4nfr5zuyoQiIz","baseKeyType":1,"closed":-1,"used":1691326022839,"created":1691326022839,"remoteIdentityKey":"Bcxq+faQ3ZmWmwpb7w0ByD2VEdbeDkk/+ACH7viNpe5n"},"_chains":{"BfICMO+JoTdeEtS9gSxaCYjtVvAonKTjbmMPN9jqV84p":{"chainKey":{"counter":0,"key":"+MKHYiEGrdNHhCiK8ySKDJAGfJChjmP7071PgTBeaz4="},"chainType":1,"messageKeys":{}}},"pendingPreKey":{"signedKeyId":0,"baseKey":"BWvbhZE48OM4wiUbbDU46dZ7zCQfw5H4nfr5zuyoQiIz"}}},"version":"v1"}