{"_sessions":{"BTM2Ft9GneA27074N/zsgc+qkZEuIGe84LjHsafZ558z":{"registrationId":1043598501,"currentRatchet":{"ephemeralKeyPair":{"pubKey":"Bdh/U8EBGrjCC8swURM/47kvyQW3Das7qMk+4fdeBdRw","privKey":"YPiltL3ePzE7Qf5hCPQLu+zYlPtYzd6P9fwhCGWgHlg="},"lastRemoteEphemeralKey":"BXU8okuI1gYwb6tnOooSo/F+SpSWBHvAsu9+NRgx2gwn","previousCounter":0,"rootKey":"pf0oY0075ED7LEJ9Ti3HdOXTpXgWY+WhTCb0Rstu6As="},"indexInfo":{"baseKey":"BTM2Ft9GneA27074N/zsgc+qkZEuIGe84LjHsafZ558z","baseKeyType":1,"closed":-1,"used":1691326022074,"created":1691326022074,"remoteIdentityKey":"BeJzTtD7MItGihGwGLvu5N5aL3J9uPJZNYDOBCvOMCpH"},"_chains":{"Bdh/U8EBGrjCC8swURM/47kvyQW3Das7qMk+4fdeBdRw":{"chainKey":{"counter":0,"key":"k4lifwemFABo0iK/7GUVsFsxEavdkJh3yWjwpKqftLw="},"chainType":1,"messageKeys":{}}},"pendingPreKey":{"signedKeyId":3,"baseKey":"BTM2Ft9GneA27074N/zsgc+qkZEuIGe84LjHsafZ558z","preKeyId":12715728}}},"version":"v1"}