{"_sessions":{"BeJ5uNPzVC5fDjuEWdbxl2JbG6JAxCKj2ng1F+ynGil/":{"registrationId":73618955,"currentRatchet":{"ephemeralKeyPair":{"pubKey":"Baivv/e+UP4OdiEfBefcVC3p0aObPjXJPytqx83HyqQf","privKey":"IAHgyaDFQMecPdA61E/zjXCDWzeA1qquu8U82h8Pylo="},"lastRemoteEphemeralKey":"BZdudvDcia168IFrFdRUv37fb50uLYJMrVeGVCFrpVww","previousCounter":0,"rootKey":"7z2+xCLwjYF6v8gqrvZeEhxRxiShaJWuKKU3YjErRTw="},"indexInfo":{"baseKey":"BeJ5uNPzVC5fDjuEWdbxl2JbG6JAxCKj2ng1F+ynGil/","baseKeyType":1,"closed":-1,"used":1691326022752,"created":1691326022752,"remoteIdentityKey":"Bbajglz9d/Gj81J8Q4uoyTDyVvRU6WUXFKOTJHc4zUAC"},"_chains":{"Baivv/e+UP4OdiEfBefcVC3p0aObPjXJPytqx83HyqQf":{"chainKey":{"counter":0,"key":"qGKtf2YtAgW53ZGJmp6cABoy24EBgxx36Y/Iq0z66A8="},"chainType":1,"messageKeys":{}}},"pendingPreKey":{"signedKeyId":2,"baseKey":"BeJ5uNPzVC5fDjuEWdbxl2JbG6JAxCKj2ng1F+ynGil/","preKeyId":10077851}}},"version":"v1"}