{"_sessions":{"Bb5WsMvwvWL0ou6O87WnyGOee/NkINvkyue4Q8YE6mAE":{"registrationId":874785875,"currentRatchet":{"ephemeralKeyPair":{"pubKey":"BTXh/xiccN/8Cb7GExkpFHWse0fQGP1fZW65H+Ut+vBU","privKey":"kExxLJ06Vh+uzaMCtH/xVdnx7a2q/2HTQkYHMB8If0Q="},"lastRemoteEphemeralKey":"BVbINYb5/PHSbeM8esjxlSOpu+tIfI1XFJ5qG5pE0hZE","previousCounter":0,"rootKey":"eiYQxZoqbeyLUv+288XOsdHtzPCxNUkD7RYtsf41HaI="},"indexInfo":{"baseKey":"Bb5WsMvwvWL0ou6O87WnyGOee/NkINvkyue4Q8YE6mAE","baseKeyType":1,"closed":-1,"used":1691326019761,"created":1691326019761,"remoteIdentityKey":"BUl3Q59F0DETjHZ8Y52J8y88FDzJeyV5A4h5XCDqeqwB"},"_chains":{"BTXh/xiccN/8Cb7GExkpFHWse0fQGP1fZW65H+Ut+vBU":{"chainKey":{"counter":0,"key":"fSeiJ+phfxKTnXFfsfXL2RrlYiWlf/Mxb91N1N74I4E="},"chainType":1,"messageKeys":{}}},"pendingPreKey":{"signedKeyId":1,"baseKey":"Bb5WsMvwvWL0ou6O87WnyGOee/NkINvkyue4Q8YE6mAE","preKeyId":1009111}}},"version":"v1"}