{"_sessions":{"BRlbGS1KZ/5ec82JSUd2eO5BAMDUgTHQMd7vP21yX+M6":{"registrationId":1809175492,"currentRatchet":{"ephemeralKeyPair":{"pubKey":"Bes9vN/ILvC8J05NFSydVP2ju1VjxsSUNohRioUVHH8F","privKey":"yHU68/4+p0IuJr5w+bKiPXdKaNbcrGF0MU8mJSrNL00="},"lastRemoteEphemeralKey":"BaaH+dQvYcHcGzBFBkjJWtXB0xr/ef4lqLOljgrpLawp","previousCounter":0,"rootKey":"Paj7cYLpgnGkxruy0j8KUiO4d4qcmDEexD3av9u1fUw="},"indexInfo":{"baseKey":"BRlbGS1KZ/5ec82JSUd2eO5BAMDUgTHQMd7vP21yX+M6","baseKeyType":1,"closed":-1,"used":1691325928875,"created":1691325928875,"remoteIdentityKey":"BS6rS64Kl4YJgDcZ+TGPIKm8lZDSujqkFnp9GxcSYhd+"},"_chains":{"Bes9vN/ILvC8J05NFSydVP2ju1VjxsSUNohRioUVHH8F":{"chainKey":{"counter":1,"key":"RYVrgQ5thEJctTLHfqjZbV5he03ki7m73HTz9fsE5SI="},"chainType":1,"messageKeys":{}}},"pendingPreKey":{"signedKeyId":1,"baseKey":"BRlbGS1KZ/5ec82JSUd2eO5BAMDUgTHQMd7vP21yX+M6","preKeyId":1295594}}},"version":"v1"}