{"_sessions":{"Bce3d8wEt6EVsX96vlGUl5TorzSGZRQK/eA0uyuhUAti":{"registrationId":211866266,"currentRatchet":{"ephemeralKeyPair":{"pubKey":"BddcTRfqgwdCytWTBWlDrDzBEYZhWg3vgE/Ig7i0rmcH","privKey":"mJhPrguCu4NQ5GNOijS+l4Qp1QYHxFqN4UZLbq59CnY="},"lastRemoteEphemeralKey":"Be6IO4sleX2gqA46xNWhN4Drjz1i/qtIj5MlpaaLbotR","previousCounter":0,"rootKey":"SqB+lZEu4c5ceJ/Y8hO/gZ8xv4varmkfdGu9RO2BGss="},"indexInfo":{"baseKey":"Bce3d8wEt6EVsX96vlGUl5TorzSGZRQK/eA0uyuhUAti","baseKeyType":1,"closed":-1,"used":1691326023628,"created":1691326023628,"remoteIdentityKey":"BTsr1DsWd+3vCMiVCLuZ+nC4MGA1wWWkiZhlywxVOJYK"},"_chains":{"BddcTRfqgwdCytWTBWlDrDzBEYZhWg3vgE/Ig7i0rmcH":{"chainKey":{"counter":0,"key":"u+6+IDndzhFh7BIHNWbyHEWVtyXlP8LSyqakmkp01Go="},"chainType":1,"messageKeys":{}}},"pendingPreKey":{"signedKeyId":3,"baseKey":"Bce3d8wEt6EVsX96vlGUl5TorzSGZRQK/eA0uyuhUAti","preKeyId":2038969}}},"version":"v1"}