{"_sessions":{"BerI8dmwBO5RZt0lV14QRAfk5dx7bFgNzCVwD4eK9axG":{"registrationId":1399440319,"currentRatchet":{"ephemeralKeyPair":{"pubKey":"BW50DT3ZKZLiQwcKCs/ydRZUB0B4oX8yUU8ReVT00khg","privKey":"uFxneFnUNkGMrVXbFzLFV4c25XFY92TmvD/FVduC4GY="},"lastRemoteEphemeralKey":"BUj5d9eYam5ne8XLO/tTnuJ8lhjbmhdmSK1HXvsPBJ1b","previousCounter":0,"rootKey":"erZTPP894rQHpOWXICpDd0MrnxrMLyTCl5m2lYNvGBg="},"indexInfo":{"baseKey":"BerI8dmwBO5RZt0lV14QRAfk5dx7bFgNzCVwD4eK9axG","baseKeyType":1,"closed":-1,"used":1691326024139,"created":1691326024139,"remoteIdentityKey":"BT2Aeb+hmwqlpQ/OW6paEPYqEYSS8esRQO1iiWV0BSlI"},"_chains":{"BW50DT3ZKZLiQwcKCs/ydRZUB0B4oX8yUU8ReVT00khg":{"chainKey":{"counter":0,"key":"8FssOrXDfkMTbCHKSQZ6C33fQhBduUo2WoesebpOuQg="},"chainType":1,"messageKeys":{}}},"pendingPreKey":{"signedKeyId":0,"baseKey":"BerI8dmwBO5RZt0lV14QRAfk5dx7bFgNzCVwD4eK9axG","preKeyId":4408649}}},"version":"v1"}