{"_sessions":{"BaqGrGUgDYXGwNdTR7CpTVEGytg8DQhXW8tyzFG2nDUP":{"registrationId":1648892056,"currentRatchet":{"ephemeralKeyPair":{"pubKey":"BfayNXaaxG4d6NyMFrmzoN4vxGyAPE+e+IPR/I+8xnpd","privKey":"CBH2bfkFmaV+TZFs1d0yIxu/klyrKGfl/4qwS/sitkw="},"lastRemoteEphemeralKey":"BR4YoEGZB06s1X6efUyTNUR86Z0dUTGpt+Q7R19zT1RA","previousCounter":0,"rootKey":"sRMu3wE2+J6bHLpGluo3E8b/eerEZpvxwtxYW4i9xQk="},"indexInfo":{"baseKey":"BaqGrGUgDYXGwNdTR7CpTVEGytg8DQhXW8tyzFG2nDUP","baseKeyType":1,"closed":-1,"used":1691325928548,"created":1691325928548,"remoteIdentityKey":"BbU3QIl4MJ+2t34O3FH5WZP8+//5yFHSe69UWdsj2TQp"},"_chains":{"BfayNXaaxG4d6NyMFrmzoN4vxGyAPE+e+IPR/I+8xnpd":{"chainKey":{"counter":1,"key":"8PKZitwLhmdVXeqDmVGn8w8H3PHNSEmGzLUmv0wuBW4="},"chainType":1,"messageKeys":{}}},"pendingPreKey":{"signedKeyId":1,"baseKey":"BaqGrGUgDYXGwNdTR7CpTVEGytg8DQhXW8tyzFG2nDUP"}}},"version":"v1"}