{"_sessions":{"BQNYhKeIy6AVP4dcQp/0zUHHxuTJxYpnI6Z/Fw1EnGwe":{"registrationId":1503837993,"currentRatchet":{"ephemeralKeyPair":{"pubKey":"BVVwbjl7C/JR1zolXjpW1P4C4mZKfOq++XYqaAh4/XAO","privKey":"0FCAicPUEpYyjrnH/H1Km93bjhpM7Vb7p7yy6g9zlng="},"lastRemoteEphemeralKey":"BeZsiGZd4LeVNKgBWxlr/1cEO6XctKVt3tGSUf/8W5AU","previousCounter":0,"rootKey":"/WHI/R2Ei31RJJ0xfOcyzC+eIKY5Q8Y1MZ5pRRakfvs="},"indexInfo":{"baseKey":"BQNYhKeIy6AVP4dcQp/0zUHHxuTJxYpnI6Z/Fw1EnGwe","baseKeyType":1,"closed":-1,"used":1691325929950,"created":1691325929950,"remoteIdentityKey":"BcirF0iQ2sqxGlAcrUmmSn78XIupjI++Yh9xSKMZ/iQv"},"_chains":{"BVVwbjl7C/JR1zolXjpW1P4C4mZKfOq++XYqaAh4/XAO":{"chainKey":{"counter":1,"key":"bpGfOV1yDGH3ET/kYMM/2BFZMj+LMMqfqGWG9ve5KZQ="},"chainType":1,"messageKeys":{}}},"pendingPreKey":{"signedKeyId":6,"baseKey":"BQNYhKeIy6AVP4dcQp/0zUHHxuTJxYpnI6Z/Fw1EnGwe","preKeyId":9791941}}},"version":"v1"}