{"_sessions":{"BQqxnbOVn2NrtoGmFlH04GO2g2hWrJrIe0Qvs4tX0ctt":{"registrationId":1194419107,"currentRatchet":{"ephemeralKeyPair":{"pubKey":"BS19nQCowofc4RvAoHfydjg3495UTy9H11PX5KPcw+Zf","privKey":"EOuhTNmjgIEXDRMvpx+cqoznmJDCldOZkxtxQEjLyEs="},"lastRemoteEphemeralKey":"BemeKOHm7fNZXXMLRcmiRslRgSeybA/WKBBr8YqqwAQL","previousCounter":0,"rootKey":"CnoibhNG/Wc595MWErDqbFy6MFlUsHO71z1G6ya/qFk="},"indexInfo":{"baseKey":"BQqxnbOVn2NrtoGmFlH04GO2g2hWrJrIe0Qvs4tX0ctt","baseKeyType":1,"closed":-1,"used":1691325929734,"created":1691325929734,"remoteIdentityKey":"Bf7UdaPWTEUXKf3UU2vpAnXY1RXdnkbXBDETIoqRFyUA"},"_chains":{"BS19nQCowofc4RvAoHfydjg3495UTy9H11PX5KPcw+Zf":{"chainKey":{"counter":2,"key":"b3Wsf3ZOg8O0jHqoOCCl6hSa6aKKpQRWeFwkZz5HBu8="},"chainType":1,"messageKeys":{}}},"pendingPreKey":{"signedKeyId":5,"baseKey":"BQqxnbOVn2NrtoGmFlH04GO2g2hWrJrIe0Qvs4tX0ctt","preKeyId":9919395}}},"version":"v1"}