{"_sessions":{"BaA/pwKfkvapfkL1IXJ0COhMBonEEBp10FV1A/87BwBe":{"registrationId":141761339,"currentRatchet":{"ephemeralKeyPair":{"pubKey":"BT34qeWYv+uZ23wCajb1nZJuHrMLtL6JYE89QDmKi1N5","privKey":"ODZQuaM7tSmlrCNfA6yp3DITFJoRH6fXe0hfJm9IdWw="},"lastRemoteEphemeralKey":"BQACBByCqq8Cq2Z5rJL5maydythG2Q1wnYqi5I4Wq+1W","previousCounter":0,"rootKey":"8oJoZKs/Q4dvVqTElrOX4i5PE9pnEhtdCKSRaP8a2Ho="},"indexInfo":{"baseKey":"BaA/pwKfkvapfkL1IXJ0COhMBonEEBp10FV1A/87BwBe","baseKeyType":1,"closed":-1,"used":1691326023532,"created":1691326023532,"remoteIdentityKey":"BaazuV8fTUhU4j4oJ/OwnSdgT1Csnr793Em3G/ASl8A6"},"_chains":{"BT34qeWYv+uZ23wCajb1nZJuHrMLtL6JYE89QDmKi1N5":{"chainKey":{"counter":0,"key":"K1bmBLXK8tu+c354/kYmrc9eITnWcBDr8NLMzyRsCc8="},"chainType":1,"messageKeys":{}}},"pendingPreKey":{"signedKeyId":2,"baseKey":"BaA/pwKfkvapfkL1IXJ0COhMBonEEBp10FV1A/87BwBe","preKeyId":16495257}}},"version":"v1"}