{"_sessions":{"BUIfFQzhy4zch6t+6eXUkZ6A3pCg8NkI/ArUNO9lUwAO":{"registrationId":85117600,"currentRatchet":{"ephemeralKeyPair":{"pubKey":"BaQWk+BgTUfVa1gUFtfrboik/8H30xm3DQmNd7aJzF1C","privKey":"0JgQ0CblrvtF8vbTJW6aYmP6LQymfgNPc8yjdJwp1kg="},"lastRemoteEphemeralKey":"BREChPejOiemmhImuFT42Ylr1fbmCxA+xN6MxElAQAwd","previousCounter":0,"rootKey":"MLOC6+fhEu4sl8wF8uYmIpYKV6coPkQYd6RGmG16UqE="},"indexInfo":{"baseKey":"BUIfFQzhy4zch6t+6eXUkZ6A3pCg8NkI/ArUNO9lUwAO","baseKeyType":1,"closed":-1,"used":1691325929065,"created":1691325929065,"remoteIdentityKey":"BTJ+dpJszxouDYWTBWNQqepoKT7s04LrUw5V6stDaM9w"},"_chains":{"BaQWk+BgTUfVa1gUFtfrboik/8H30xm3DQmNd7aJzF1C":{"chainKey":{"counter":1,"key":"citdTDmXmTvF7t0jC847ge7Fq9M+Onj2BMJm0UJhnkk="},"chainType":1,"messageKeys":{}}},"pendingPreKey":{"signedKeyId":9,"baseKey":"BUIfFQzhy4zch6t+6eXUkZ6A3pCg8NkI/ArUNO9lUwAO","preKeyId":1406594}}},"version":"v1"}