{"_sessions":{"Bcv7FYhymno9PPfBqg+hGWlcG9v2wKjA2UfkBVOhDEEe":{"registrationId":1820057402,"currentRatchet":{"ephemeralKeyPair":{"pubKey":"BXeDAzQOfWly9lTyKC1Wn8GhHyyxuzuFrTcySKTwVVYW","privKey":"eEhLV/pLcjdqwBREMkPXUnzmG5TlAhIjTyF8AaldYFk="},"lastRemoteEphemeralKey":"Ba5HRVKzPZtTFAH2dRUeHtm69dspquISeT1K8Z4nZ40g","previousCounter":0,"rootKey":"wembLV00TnvqFmn8z35cuLLeRAieRIWKwmTXbOJga3g="},"indexInfo":{"baseKey":"Bcv7FYhymno9PPfBqg+hGWlcG9v2wKjA2UfkBVOhDEEe","baseKeyType":1,"closed":-1,"used":1691326020746,"created":1691326020746,"remoteIdentityKey":"BcuSsWdWCDfbUeGg4XEU5dLNdd0Vz+1CYJtj8/bCiaEQ"},"_chains":{"BXeDAzQOfWly9lTyKC1Wn8GhHyyxuzuFrTcySKTwVVYW":{"chainKey":{"counter":0,"key":"zTXa85oroC05DfDN4tnU+wWgqPB8Nzgo8kFKZTd87xw="},"chainType":1,"messageKeys":{}}},"pendingPreKey":{"signedKeyId":0,"baseKey":"Bcv7FYhymno9PPfBqg+hGWlcG9v2wKjA2UfkBVOhDEEe"}}},"version":"v1"}