{"_sessions":{"BcvliFE3CfwyXErL3Z8UfQl6whaevrpqUTfuWbeW28kR":{"registrationId":447044756,"currentRatchet":{"ephemeralKeyPair":{"pubKey":"Be4/qhzaid3l9fzoQcTodYWF8OpLI5owu35UcNZEbzpG","privKey":"MPULOrvSFT+ZuyUEHYEQ2g9b93lFewjSdNusvU3xklg="},"lastRemoteEphemeralKey":"BdbuXFxFtD8YRo94l9lu8aITEElKxVHJnGXItPg54cs5","previousCounter":0,"rootKey":"plnbH1o98Cmz1Hnxm3GLPpNClwbVEYAUIvREqprV+8Q="},"indexInfo":{"baseKey":"BcvliFE3CfwyXErL3Z8UfQl6whaevrpqUTfuWbeW28kR","baseKeyType":1,"closed":-1,"used":1691326025472,"created":1691326025472,"remoteIdentityKey":"BcxmLBG9QFG0eSf5G4609BmYEkaInwNA+mROAPvnNz4J"},"_chains":{"Be4/qhzaid3l9fzoQcTodYWF8OpLI5owu35UcNZEbzpG":{"chainKey":{"counter":0,"key":"8G9DkZ4HvSkhpftmoQ+ZpB7yAr0mW6Z7mPUoN6kPvg4="},"chainType":1,"messageKeys":{}}},"pendingPreKey":{"signedKeyId":3,"baseKey":"BcvliFE3CfwyXErL3Z8UfQl6whaevrpqUTfuWbeW28kR"}}},"version":"v1"}