{"_sessions":{"BeacziSYhXnHgHOdNiTbjNpB+RRYR3WQinhJ6frDw6k/":{"registrationId":1103319589,"currentRatchet":{"ephemeralKeyPair":{"pubKey":"BTPI5CgiaweZHza4ZR57HpzyObWrTXnmoqvresL3u0YJ","privKey":"QEu3X3CxzHPXObsKNP089uEc+3yFtfe+EiMITA+QeVY="},"lastRemoteEphemeralKey":"BcnYIwXJf9slP+2/eum653mvqAVkutiw74+vrxlcD185","previousCounter":0,"rootKey":"2e0117k045g1GXZt8bkyWsDvDK2zpSGj7w5CHzZWNxs="},"indexInfo":{"baseKey":"BeacziSYhXnHgHOdNiTbjNpB+RRYR3WQinhJ6frDw6k/","baseKeyType":1,"closed":-1,"used":1691326025550,"created":1691326025550,"remoteIdentityKey":"BT3ODs7aoWTChRbOqaTiWBK0zfgxoLAwqQjpBW3GgHch"},"_chains":{"BTPI5CgiaweZHza4ZR57HpzyObWrTXnmoqvresL3u0YJ":{"chainKey":{"counter":0,"key":"EBm9paajyThXUioWKVk0ngPULUi7yqlV45gHFFIX7UQ="},"chainType":1,"messageKeys":{}}},"pendingPreKey":{"signedKeyId":4,"baseKey":"BeacziSYhXnHgHOdNiTbjNpB+RRYR3WQinhJ6frDw6k/","preKeyId":13425666}}},"version":"v1"}