{"_sessions":{"BaaCOeL5NanIg4Zs+/k9DcWFi+QJxieu0UYRrAyeg7BM":{"registrationId":1922368282,"currentRatchet":{"ephemeralKeyPair":{"pubKey":"BbANfyIhO6dLnmHdi2NOTvI94v2sv3kySvR5ajFhpvIf","privKey":"2OrDakVNTanCnV8mFAt93S/jOhsTgxlIfkoC7TUTHXs="},"lastRemoteEphemeralKey":"BdIpwWHVT/JzIXmeib24i8MBt4THqNaTVVEHCq5VUkMi","previousCounter":0,"rootKey":"Ap0y1oJsv0TDakO0VrNrzJopO5/hl3uAXec1auHFzMo="},"indexInfo":{"baseKey":"BaaCOeL5NanIg4Zs+/k9DcWFi+QJxieu0UYRrAyeg7BM","baseKeyType":1,"closed":-1,"used":1691326019258,"created":1691326019258,"remoteIdentityKey":"BWoJGDhvGGxK7Z7rcdse5ym5/Hr1C3Kf44LBqKhqzMIH"},"_chains":{"BbANfyIhO6dLnmHdi2NOTvI94v2sv3kySvR5ajFhpvIf":{"chainKey":{"counter":0,"key":"TtDPTiXY65QoyProl4UWzOSdf+u5JgRyIJDYSysAOwQ="},"chainType":1,"messageKeys":{}}},"pendingPreKey":{"signedKeyId":0,"baseKey":"BaaCOeL5NanIg4Zs+/k9DcWFi+QJxieu0UYRrAyeg7BM"}}},"version":"v1"}