{"_sessions":{"Bf5uVZ13VYV4DVhveCSVxRSUfXpb+bcJGR82MFoxBPp6":{"registrationId":219264273,"currentRatchet":{"ephemeralKeyPair":{"pubKey":"BTreBVPHGNbhHbHwG/7UMk6ov8Nv1Op4t3hgtPz/deo/","privKey":"kN9eX2EdMW8MkH61mF92x/MTI75gpvALb6xhcne3CkM="},"lastRemoteEphemeralKey":"BUOmj34tG0XNBnTmSjONNTRhtpblAsW7XIo1kQ059Mks","previousCounter":0,"rootKey":"OxuduBNIR6kVvby2irh2P5gCeXb3LwAvkCDF6N4Y36k="},"indexInfo":{"baseKey":"Bf5uVZ13VYV4DVhveCSVxRSUfXpb+bcJGR82MFoxBPp6","baseKeyType":1,"closed":-1,"used":1691326019047,"created":1691326019047,"remoteIdentityKey":"BW/UR4F/Y3KYRFfuL5aXHTmv/Qr9B1PcE+ilBsbRHu1v"},"_chains":{"BTreBVPHGNbhHbHwG/7UMk6ov8Nv1Op4t3hgtPz/deo/":{"chainKey":{"counter":0,"key":"L+6o0Ch4l5Mv+QBrfAwUdQ7HkH5dJOdaw+/3Cthstxo="},"chainType":1,"messageKeys":{}}},"pendingPreKey":{"signedKeyId":0,"baseKey":"Bf5uVZ13VYV4DVhveCSVxRSUfXpb+bcJGR82MFoxBPp6"}}},"version":"v1"}