{"_sessions":{"BZGRtCgjs2UQJvgVeMCDpcy/8T+2PRIWB3eeHcbzRFZK":{"registrationId":896226243,"currentRatchet":{"ephemeralKeyPair":{"pubKey":"BclBdGOKapAYEWrfeAA+6J6VnnwdDccbLseKh2/aex18","privKey":"AG6oLaA9NU8aYpPGoZfJn4QZaiAxZMgdgB+aqSY3lEs="},"lastRemoteEphemeralKey":"BbKiBq8MpR3meOC72SxXY+7pFHtvK+0mF6ogfe8VCckz","previousCounter":0,"rootKey":"qFO6kbGYq5dVXnOcWEXrcVoer+O6hKtpzB2d3+nTR0Y="},"indexInfo":{"baseKey":"BZGRtCgjs2UQJvgVeMCDpcy/8T+2PRIWB3eeHcbzRFZK","baseKeyType":1,"closed":-1,"used":1691326019144,"created":1691326019144,"remoteIdentityKey":"Bd5UgbwEYFSPaU2t3rVf36DvkeG9FlpDPztMLEyez00s"},"_chains":{"BclBdGOKapAYEWrfeAA+6J6VnnwdDccbLseKh2/aex18":{"chainKey":{"counter":0,"key":"RvDWEkPo0CFD6Fsf3F/Hbhl/5KcZnjelUuZKkr1EUnQ="},"chainType":1,"messageKeys":{}}},"pendingPreKey":{"signedKeyId":1,"baseKey":"BZGRtCgjs2UQJvgVeMCDpcy/8T+2PRIWB3eeHcbzRFZK"}}},"version":"v1"}