{"_sessions":{"Be2g2LMs06kl6dNxMQ9VRlZ6lSdQlgPmlIAE/6QGQ/hY":{"registrationId":1612450713,"currentRatchet":{"ephemeralKeyPair":{"pubKey":"BYPeneVIli1af9ueo+fXkc1skZzeTuzQb2cuVfpncY05","privKey":"mJgfrTRdxYXfaCn3kYGkF5CA3C7IykMwwZmawbciyX0="},"lastRemoteEphemeralKey":"BVmx+C6w1u9ZWiTJvFsz5BFdahn7QGWDS0IUvE7RKQZk","previousCounter":0,"rootKey":"eXJKTVOvdN8ARQLgEG9IXM1Nkc3AR7gN8a9NrLtFA9Q="},"indexInfo":{"baseKey":"Be2g2LMs06kl6dNxMQ9VRlZ6lSdQlgPmlIAE/6QGQ/hY","baseKeyType":1,"closed":-1,"used":1691326024568,"created":1691326024568,"remoteIdentityKey":"BTS4Cv5oA7pYRtauXDPV4sq/omOMV5Ig3fg1rwaLL+pv"},"_chains":{"BYPeneVIli1af9ueo+fXkc1skZzeTuzQb2cuVfpncY05":{"chainKey":{"counter":0,"key":"A288LP97/aGyRy8CfecM+EFyNmLnhseSLKVaaOT3Bow="},"chainType":1,"messageKeys":{}}},"pendingPreKey":{"signedKeyId":1,"baseKey":"Be2g2LMs06kl6dNxMQ9VRlZ6lSdQlgPmlIAE/6QGQ/hY","preKeyId":1470168}}},"version":"v1"}