{"_sessions":{"BZmcJzoKzNKim8LkZDNPaEGI3v4poUAFWQSPKhS1EZtv":{"registrationId":1029012058,"currentRatchet":{"ephemeralKeyPair":{"pubKey":"BYEMbMnd7aRYSwBjEyaJrbsaw+bJ4X/YTSScX/f1eJZc","privKey":"4C1Sf6PgWlnHwt7v8ViR6JyPreT5sI6WpV3TeMwevG8="},"lastRemoteEphemeralKey":"BeoqaxsoD3sQcPxDWVHL8ISh2MzcdI60mvNl+YxHHcIq","previousCounter":0,"rootKey":"qO5ECqxi0nZDqPNBBSRFuq7wofIr42YgWMB42HLMCa0="},"indexInfo":{"baseKey":"BZmcJzoKzNKim8LkZDNPaEGI3v4poUAFWQSPKhS1EZtv","baseKeyType":1,"closed":-1,"used":1691325929830,"created":1691325929830,"remoteIdentityKey":"BcqVGzc+AALwbMmY4P7FyM39knPW4h6suoMLWTZHeuI+"},"_chains":{"BYEMbMnd7aRYSwBjEyaJrbsaw+bJ4X/YTSScX/f1eJZc":{"chainKey":{"counter":1,"key":"rzTg4b8iumQUBbJ7w/8kfgVDEd8sNngn1Suvq9Mwleo="},"chainType":1,"messageKeys":{}}},"pendingPreKey":{"signedKeyId":4,"baseKey":"BZmcJzoKzNKim8LkZDNPaEGI3v4poUAFWQSPKhS1EZtv","preKeyId":10195538}}},"version":"v1"}