{"_sessions":{"Ba6ThsCMmgFSkHBDtjKNkWIPThEIjNBCsnlosuJM/LwT":{"registrationId":385147050,"currentRatchet":{"ephemeralKeyPair":{"pubKey":"BQc7yYLv82vMVjsUqdnCsOvc+jiC5JjbpWlQaT3OrNQR","privKey":"WAN31UJQ/D4rZpA+6Pb9ckNMP+PwR+HfiRl+GwrbDEs="},"lastRemoteEphemeralKey":"Bd2KAk5PTcvxbezHigVd7xVimKrPT5ls68GMz7g6Rt8l","previousCounter":0,"rootKey":"0bswuQGJBPDKvV9iGSNMF3ULn5YwErkEKmKQmu63q38="},"indexInfo":{"baseKey":"Ba6ThsCMmgFSkHBDtjKNkWIPThEIjNBCsnlosuJM/LwT","baseKeyType":1,"closed":-1,"used":1691326019052,"created":1691326019052,"remoteIdentityKey":"BelFHadghwhfJGKvQ4a1/R0FtwJBjyr2cd2J/Y/l8ERS"},"_chains":{"BQc7yYLv82vMVjsUqdnCsOvc+jiC5JjbpWlQaT3OrNQR":{"chainKey":{"counter":0,"key":"SRQ0rIIMXxz4XLkOeoXBwaIH3drD2uAxXQj4mFzsx8Y="},"chainType":1,"messageKeys":{}}},"pendingPreKey":{"signedKeyId":9,"baseKey":"Ba6ThsCMmgFSkHBDtjKNkWIPThEIjNBCsnlosuJM/LwT"}}},"version":"v1"}