{"_sessions":{"BYXCIfLT3XgGKVgg6bkD+2G6IZiOTHzB4hZ8/oTliQ46":{"registrationId":274225660,"currentRatchet":{"ephemeralKeyPair":{"pubKey":"BWwHMFdcDnS/R4HshRnZkkswloe3eNV4XNjBGMWdOxgK","privKey":"UG4ps4syNhOOFc9Blz3agciuv7PAXvFNf39nWkz5w3Y="},"lastRemoteEphemeralKey":"Bbm6nXRKaNIbxmUBepj+P6VMyCTE/S45gwkqAYzs40xk","previousCounter":0,"rootKey":"nafMiq/rO0TMn+In6JoeyAPiqvSbC57JDkcvg1nZaGc="},"indexInfo":{"baseKey":"BYXCIfLT3XgGKVgg6bkD+2G6IZiOTHzB4hZ8/oTliQ46","baseKeyType":1,"closed":-1,"used":1691326024152,"created":1691326024152,"remoteIdentityKey":"BeZ38u3Fq/NiF5MziA2dfabT7FwRkRETYikoI1mU+gZd"},"_chains":{"BWwHMFdcDnS/R4HshRnZkkswloe3eNV4XNjBGMWdOxgK":{"chainKey":{"counter":0,"key":"C7zxdF6DBWufyPb7TEMniuDlabJsDE40jgyCNCrfGwc="},"chainType":1,"messageKeys":{}}},"pendingPreKey":{"signedKeyId":5,"baseKey":"BYXCIfLT3XgGKVgg6bkD+2G6IZiOTHzB4hZ8/oTliQ46"}}},"version":"v1"}