{"_sessions":{"BUrD1TnBnr10Mav+RvzD7kpQQCHIYavSlr/kaiqw0ct8":{"registrationId":550493548,"currentRatchet":{"ephemeralKeyPair":{"pubKey":"BZAbqUcGBSK+OIven9HJPN7Fuw9VozuLAuAujRGU+EwV","privKey":"6Gf+Mc8IAFOdILP3uVqPH4wBhSOmawfM5wmToYK1HUA="},"lastRemoteEphemeralKey":"BRRZ5dICvQDiIH1yXu7t7GRrgk6bdA7Bnw8L/43Ul3gl","previousCounter":0,"rootKey":"jEPx/rbp+9o1k/WsXORqZdP9jy6y2DChMzN8h+ymfaA="},"indexInfo":{"baseKey":"BUrD1TnBnr10Mav+RvzD7kpQQCHIYavSlr/kaiqw0ct8","baseKeyType":1,"closed":-1,"used":1691326025647,"created":1691326025647,"remoteIdentityKey":"BeQTCnnKdRpK/+CMY9pt9z0ynaQdzb4ieGIse47JklhJ"},"_chains":{"BZAbqUcGBSK+OIven9HJPN7Fuw9VozuLAuAujRGU+EwV":{"chainKey":{"counter":0,"key":"WrcSxD2XfVB4dkctkap7BUaSqTBJitEbRYy0gToIBkw="},"chainType":1,"messageKeys":{}}},"pendingPreKey":{"signedKeyId":0,"baseKey":"BUrD1TnBnr10Mav+RvzD7kpQQCHIYavSlr/kaiqw0ct8"}}},"version":"v1"}