{"_sessions":{"BZ2lwyYJbgusPVoE83ArCbSpTO47gZ7AOBhsCzFpcM1U":{"registrationId":1481060042,"currentRatchet":{"ephemeralKeyPair":{"pubKey":"BRBC/fAcnE5IgWmsoLmoqqYP0wuWHht8vQq79cAf47xU","privKey":"0IUL+v4h/pdNVVHZ9sSPXL0uxjC9vn2qJIvDl/iFWk8="},"lastRemoteEphemeralKey":"BUvEs+Ys17eIh4WTl7cwGwCY6WBQGTNJWAIKIpH3getP","previousCounter":0,"rootKey":"WloJ7STXyhu3/RhBT0ezLNFnLGT28M7BaluWEC2lssE="},"indexInfo":{"baseKey":"BZ2lwyYJbgusPVoE83ArCbSpTO47gZ7AOBhsCzFpcM1U","baseKeyType":1,"closed":-1,"used":1691325929153,"created":1691325929153,"remoteIdentityKey":"BbEeXRYrSw4C/3KSqScVDTYvtSmf0DwTREEhJy3SIYZU"},"_chains":{"BRBC/fAcnE5IgWmsoLmoqqYP0wuWHht8vQq79cAf47xU":{"chainKey":{"counter":1,"key":"Om4F5yKSlSaUE3WeAa/ujB4P4enxUgP/j9KLQTzYyfQ="},"chainType":1,"messageKeys":{}}},"pendingPreKey":{"signedKeyId":3,"baseKey":"BZ2lwyYJbgusPVoE83ArCbSpTO47gZ7AOBhsCzFpcM1U","preKeyId":8928924}}},"version":"v1"}