{"_sessions":{"Been5MSPHAlVwC6ReCUGKlL3X387f4K6APMPRszboxUw":{"registrationId":150275527,"currentRatchet":{"ephemeralKeyPair":{"pubKey":"BemSJrKsO5lNT4kbXFNkcZJBcCynEe+Ey+jfaWwgMz5R","privKey":"4GM54AYamnu1dSINw8oskqdkQXY5Pc3h3OoRZ+ztC34="},"lastRemoteEphemeralKey":"BV9jmcdd6pWCMkIq2tlX2+Ko1KNDhdfbkzk2OJTPV+IT","previousCounter":0,"rootKey":"NLKoSNX1BiWv1UuY876OBNx3SVEMJPdOVascSgjXM70="},"indexInfo":{"baseKey":"Been5MSPHAlVwC6ReCUGKlL3X387f4K6APMPRszboxUw","baseKeyType":1,"closed":-1,"used":1691326020347,"created":1691326020347,"remoteIdentityKey":"BSEPr5VngU2UT3cah4iQNnqJfZze71ogyPe3RxEXLqlL"},"_chains":{"BemSJrKsO5lNT4kbXFNkcZJBcCynEe+Ey+jfaWwgMz5R":{"chainKey":{"counter":0,"key":"2kZO0M9ea3taKJzYegvcjzIfzGHdGngstvZcNyHxYyA="},"chainType":1,"messageKeys":{}}},"pendingPreKey":{"signedKeyId":0,"baseKey":"Been5MSPHAlVwC6ReCUGKlL3X387f4K6APMPRszboxUw","preKeyId":16141975}}},"version":"v1"}