{"_sessions":{"BTUwvMq6CEwoSI7eugFkhdyqUM8sa2K6+21AXtf+aShX":{"registrationId":690438512,"currentRatchet":{"ephemeralKeyPair":{"pubKey":"BbiaAfW2U2tRp3fKCOeDHyoKeq5hoaKt1L5UH5C8pQMv","privKey":"4M6ZZrCqUgdht6S/84jbdmlVw8acZ+2AawWho0F+0HM="},"lastRemoteEphemeralKey":"BZO0uI7y6muyY0JvvMbflFeD3+ZStwCkg7YXOGB/ltwj","previousCounter":0,"rootKey":"9HBLs81QduU4m42Ao51oNYWQ7Dau8dpEWGuoCfEVgD8="},"indexInfo":{"baseKey":"BTUwvMq6CEwoSI7eugFkhdyqUM8sa2K6+21AXtf+aShX","baseKeyType":1,"closed":-1,"used":1691326021464,"created":1691326021464,"remoteIdentityKey":"BapBHPdWQBCmjeciVq2AJAShTuAHVUpx3oLR/0PM87NL"},"_chains":{"BbiaAfW2U2tRp3fKCOeDHyoKeq5hoaKt1L5UH5C8pQMv":{"chainKey":{"counter":0,"key":"/Fz7Va5OPRsAVlkNDI2RnZcpCrIAc/q2LbuV/XaG8lc="},"chainType":1,"messageKeys":{}}},"pendingPreKey":{"signedKeyId":1,"baseKey":"BTUwvMq6CEwoSI7eugFkhdyqUM8sa2K6+21AXtf+aShX","preKeyId":15194836}}},"version":"v1"}