{"_sessions":{"BUcKFJxnfR9AJ1p+P+AykJ+zJQpGu8lPSlyrmcZyIlsu":{"registrationId":1540061144,"currentRatchet":{"ephemeralKeyPair":{"pubKey":"BcG94u7H7HbDgN4cdYZHyGSxrzarNhVvWDPeqB5QNdV+","privKey":"IMnyNG0AF90SnDc9gqntN+gFBnKGVSjqkqDb//oTuFw="},"lastRemoteEphemeralKey":"BQQaXsECk4opSq8qRmjpGdVLSS6qIB4UqdRwxUskCgwM","previousCounter":0,"rootKey":"eHFaJI+sYtnRxEImYr8R92M3+Iu88zFUkkCs5o5d9p0="},"indexInfo":{"baseKey":"BUcKFJxnfR9AJ1p+P+AykJ+zJQpGu8lPSlyrmcZyIlsu","baseKeyType":1,"closed":-1,"used":1691326023050,"created":1691326023050,"remoteIdentityKey":"BSIKrza8I318Xy0ECh6skB+QLjGfl7EeJQ+4Gq781QB8"},"_chains":{"BcG94u7H7HbDgN4cdYZHyGSxrzarNhVvWDPeqB5QNdV+":{"chainKey":{"counter":0,"key":"HfR8fD1T4r9t9pVfkAq6aIVeaA2/WwEVO4LPYqEQQA8="},"chainType":1,"messageKeys":{}}},"pendingPreKey":{"signedKeyId":1,"baseKey":"BUcKFJxnfR9AJ1p+P+AykJ+zJQpGu8lPSlyrmcZyIlsu","preKeyId":1794394}}},"version":"v1"}