{"_sessions":{"BU3xIJ6jpTyiAgo0zyE/U5yWY8KZ3CO7bvxen7FHa644":{"registrationId":842056737,"currentRatchet":{"ephemeralKeyPair":{"pubKey":"BcUrvbXEcxJsFjnU96NDixwpwS2PL7AbsH1FbGZKskAx","privKey":"+DBT3S2CInV7nBZqEK+DlS25i0OewKeH4TWnhVh7fGg="},"lastRemoteEphemeralKey":"Ba8tLRIxg/qrgXma/UsknFYnagGx1HfEkAVgVCteYENL","previousCounter":0,"rootKey":"+4WoiLcEo/ZpVEuvUYAhCeZqlzlliKXtJdP1YHiVnJQ="},"indexInfo":{"baseKey":"BU3xIJ6jpTyiAgo0zyE/U5yWY8KZ3CO7bvxen7FHa644","baseKeyType":1,"closed":-1,"used":1691326022047,"created":1691326022047,"remoteIdentityKey":"BaqL5ubECwCTGGKfAoNQgYeBKW1o1QbseI/02/LI60od"},"_chains":{"BcUrvbXEcxJsFjnU96NDixwpwS2PL7AbsH1FbGZKskAx":{"chainKey":{"counter":0,"key":"7+/sVNI8t2YVix61VbLJT6oIaEh7/zL519udDTOpgtM="},"chainType":1,"messageKeys":{}}},"pendingPreKey":{"signedKeyId":2,"baseKey":"BU3xIJ6jpTyiAgo0zyE/U5yWY8KZ3CO7bvxen7FHa644","preKeyId":3393018}}},"version":"v1"}