{"_sessions":{"BadDXADZoYS+rfZAg6r1RBQeA+N7TqUsj4Fvw/DjT7IA":{"registrationId":1056888721,"currentRatchet":{"ephemeralKeyPair":{"pubKey":"BQcwN5f+OvyJvNvaRGTBb+T2gJhtCYnCp3k7Lv3jcO8b","privKey":"CC7QOHaSlnKXHu9TwBz5t3cK9QqNi/3E31fSj8ujeHw="},"lastRemoteEphemeralKey":"BVqbFZA95AS4jm2RtfoX5IENHwuKenTxID3R6J8sFd9o","previousCounter":0,"rootKey":"sqYsCLHbIROA3lkcBm+Z50ZsqtNDjv7RoY4Ll3l4tQk="},"indexInfo":{"baseKey":"BadDXADZoYS+rfZAg6r1RBQeA+N7TqUsj4Fvw/DjT7IA","baseKeyType":1,"closed":-1,"used":1691326020938,"created":1691326020938,"remoteIdentityKey":"BSA4cZAz9Z8e3sqzWOZzEhT6WMbpIGD2I/IMW4wPtL1I"},"_chains":{"BQcwN5f+OvyJvNvaRGTBb+T2gJhtCYnCp3k7Lv3jcO8b":{"chainKey":{"counter":0,"key":"UIoUNJT79AOd3X3QA3jW5ecQy99GBHn/fVbwH0P5hVQ="},"chainType":1,"messageKeys":{}}},"pendingPreKey":{"signedKeyId":9,"baseKey":"BadDXADZoYS+rfZAg6r1RBQeA+N7TqUsj4Fvw/DjT7IA","preKeyId":6388119}}},"version":"v1"}