{"_sessions":{"BSLCFXQ0PLEWB93idm+Y77DHEPIuXmHmVz3n5M82o78q":{"registrationId":1919596329,"currentRatchet":{"ephemeralKeyPair":{"pubKey":"BTEBeIrglA62HMsHvkQHyjqrrnETFUlGJCcRK0/Vt8Y+","privKey":"GJ6mL9k49IomiZYQqwsRF82+TIJmPaLOCPu4ZwNcB2A="},"lastRemoteEphemeralKey":"BZCTqrL2dRm16g+yUCXmHjAGqhSTZfAI1/+IYYfQjxsB","previousCounter":0,"rootKey":"1sNqQZAVpuZBEoCAfJsjOH1i8eIIFAT1hzFMvVWmSQI="},"indexInfo":{"baseKey":"BSLCFXQ0PLEWB93idm+Y77DHEPIuXmHmVz3n5M82o78q","baseKeyType":1,"closed":-1,"used":1691326020435,"created":1691326020435,"remoteIdentityKey":"BcJ9tTJodUhCGsutsXdoEdDpvsaZf+H+dPWhnHBcEQRJ"},"_chains":{"BTEBeIrglA62HMsHvkQHyjqrrnETFUlGJCcRK0/Vt8Y+":{"chainKey":{"counter":0,"key":"Kp+YXKELKxxnE+5kXKGnc3yoCpoO61JF+NSwXG/UtW4="},"chainType":1,"messageKeys":{}}},"pendingPreKey":{"signedKeyId":3,"baseKey":"BSLCFXQ0PLEWB93idm+Y77DHEPIuXmHmVz3n5M82o78q","preKeyId":11864764}}},"version":"v1"}