{"_sessions":{"BcR8PExZnpbPUz+C5XW46h79ypKmZnAXUik0ZFXND4Yb":{"registrationId":625819433,"currentRatchet":{"ephemeralKeyPair":{"pubKey":"BZjuwKX0v26I4IBO+aNxfSO6RqTbBzgqW3FTSNMHh0Ae","privKey":"EFQBfbNMd/vSOtj86x84j9vh+pKU+7VsrN3rjQJfy2A="},"lastRemoteEphemeralKey":"BVne0atE6+rBs7aA6q6SIYOjObwT7GHQmnQBDVhkPb9T","previousCounter":0,"rootKey":"JUKpU+1rvO1DI77bmH7JqE1HfJSlH+froG6O9RyFbMk="},"indexInfo":{"baseKey":"BcR8PExZnpbPUz+C5XW46h79ypKmZnAXUik0ZFXND4Yb","baseKeyType":1,"closed":-1,"used":1691326019036,"created":1691326019036,"remoteIdentityKey":"BVi1OfajnPOmKNph29IDN2kkhmqyjbDNwM/xX74Tg3t1"},"_chains":{"BZjuwKX0v26I4IBO+aNxfSO6RqTbBzgqW3FTSNMHh0Ae":{"chainKey":{"counter":0,"key":"Nv3wgL4QWlMrJkHva0NmrxTntR3fHag5d7kOwQtFYCA="},"chainType":1,"messageKeys":{}}},"pendingPreKey":{"signedKeyId":0,"baseKey":"BcR8PExZnpbPUz+C5XW46h79ypKmZnAXUik0ZFXND4Yb","preKeyId":2573443}}},"version":"v1"}