{"_sessions":{"BUhm2+h1m2gjM3x07ov6ami8SHjv5tzcNItqor1mWwo7":{"registrationId":158,"currentRatchet":{"ephemeralKeyPair":{"pubKey":"BZhK4sFBBCeqpmrr9WvmHQ+Z6FPciXiJ8YzbsR+kYEp/","privKey":"SHXNeLcNr2QJ1hu7KTTjwsJ/7dDyCoIRQzT5bet0S0Q="},"lastRemoteEphemeralKey":"BfQMjE+xpN8JFihTTEBHJ7UKLZm43wzY5b6MTMPOjoZQ","previousCounter":0,"rootKey":"nKAxbcEOOL0+K+8GK4l7uLqlKJQhxPYwDgFhHbucjGs="},"indexInfo":{"baseKey":"BUhm2+h1m2gjM3x07ov6ami8SHjv5tzcNItqor1mWwo7","baseKeyType":1,"closed":-1,"used":1691326018847,"created":1691326018847,"remoteIdentityKey":"BTPEiwZ10pdqlj3Rh4zIOuj7vTgxDOmKxNj070GItApn"},"_chains":{"BZhK4sFBBCeqpmrr9WvmHQ+Z6FPciXiJ8YzbsR+kYEp/":{"chainKey":{"counter":0,"key":"36PRWa8WiJtH7oBXL91DZc8HaKAfV/BST61c2fK0Lgs="},"chainType":1,"messageKeys":{}}},"pendingPreKey":{"signedKeyId":1,"baseKey":"BUhm2+h1m2gjM3x07ov6ami8SHjv5tzcNItqor1mWwo7"}}},"version":"v1"}