{"_sessions":{"BVdGlEnqUVaPTMNIyAKIuZbcJxjskuLK2WEgNvsLlxQS":{"registrationId":33751659,"currentRatchet":{"ephemeralKeyPair":{"pubKey":"BbVn9erWwjsIb2CAQljv638cgUmHwR3HBDNBMr32M2I0","privKey":"iOdfTzpOlnd4nMXM3axImqRwc9nLjjogXJx6NhNe4m4="},"lastRemoteEphemeralKey":"BQf4zsZc90uWuVY9m7304r2zScoHS8hrRnIUxaYExKte","previousCounter":0,"rootKey":"HBPX87dKgwS2m28+JTQHO3YEGKHEpeeCRogVuE9M9KM="},"indexInfo":{"baseKey":"BVdGlEnqUVaPTMNIyAKIuZbcJxjskuLK2WEgNvsLlxQS","baseKeyType":1,"closed":-1,"used":1691326021668,"created":1691326021668,"remoteIdentityKey":"BXGfJJJw+4978UKk5uD3YWG91MOKEZUCr6RHq61m7UNn"},"_chains":{"BbVn9erWwjsIb2CAQljv638cgUmHwR3HBDNBMr32M2I0":{"chainKey":{"counter":0,"key":"XsLtEHYewZ6w+v0+p+gLtHBEcO2L5hm8MsARVm1w2to="},"chainType":1,"messageKeys":{}}},"pendingPreKey":{"signedKeyId":0,"baseKey":"BVdGlEnqUVaPTMNIyAKIuZbcJxjskuLK2WEgNvsLlxQS"}}},"version":"v1"}