{"_sessions":{"BbBfDLtKFe8aZGbGbIK7NdL30gmGgERcdmyRHr7Lrro1":{"registrationId":29284114,"currentRatchet":{"ephemeralKeyPair":{"pubKey":"BXyhvkhtrEwZqHsyjmbLQEBNCFUVncYKxPgOLIXr83Mx","privKey":"eHyXh8951j+PHA6txOJp4AApj90ki9TF/JH+eaZmPlE="},"lastRemoteEphemeralKey":"BQuW74uNZG+kWk+tuz6cI0zrptSd+WQAhXHLT6J/abc4","previousCounter":0,"rootKey":"VteZptXG6pDfqWuX83FykM5Exk4Xl87WXEdl0gnfQLw="},"indexInfo":{"baseKey":"BbBfDLtKFe8aZGbGbIK7NdL30gmGgERcdmyRHr7Lrro1","baseKeyType":1,"closed":-1,"used":1691326020653,"created":1691326020653,"remoteIdentityKey":"BWMR+AtY9Zo777yhZVXWqfl6RyfgDEv/uAxPjOWCTQFP"},"_chains":{"BXyhvkhtrEwZqHsyjmbLQEBNCFUVncYKxPgOLIXr83Mx":{"chainKey":{"counter":0,"key":"yUBFfx1yYLoP7QRQjBQJfiFZLbNwQMciQ+/GlA+af/4="},"chainType":1,"messageKeys":{}}},"pendingPreKey":{"signedKeyId":4,"baseKey":"BbBfDLtKFe8aZGbGbIK7NdL30gmGgERcdmyRHr7Lrro1","preKeyId":6455923}}},"version":"v1"}