{"_sessions":{"BYQtcHswISTRqBTWvz0VCcclY2y/gS60GgqeQPL5aUJe":{"registrationId":2042169244,"currentRatchet":{"ephemeralKeyPair":{"pubKey":"BdAhO5IHFEKsBTotAYsHOuEiHSSTsiY6CLsasVaIObJ3","privKey":"oFsnUZ/4oaxNH0UVzp8yzNp3UIzPOeXGFk9bm13itVQ="},"lastRemoteEphemeralKey":"BXDnGtzQowYMVlrDwx7Sn3KHDhgIugwLo6a/T6TVM5c/","previousCounter":0,"rootKey":"+idcVyIMWyxx8A3qoy/VIJHSBGRWQtRR5oarvEgweMQ="},"indexInfo":{"baseKey":"BYQtcHswISTRqBTWvz0VCcclY2y/gS60GgqeQPL5aUJe","baseKeyType":1,"closed":-1,"used":1691326025634,"created":1691326025634,"remoteIdentityKey":"BVcqUrVtVdVzLhIvBaflJ9bcyGtFglvvsL4ULQN+pp5x"},"_chains":{"BdAhO5IHFEKsBTotAYsHOuEiHSSTsiY6CLsasVaIObJ3":{"chainKey":{"counter":0,"key":"LdG7nP5Cw+gD+zO67PKkdIpdpXWAHfKy8xX4NXex6ao="},"chainType":1,"messageKeys":{}}},"pendingPreKey":{"signedKeyId":22,"baseKey":"BYQtcHswISTRqBTWvz0VCcclY2y/gS60GgqeQPL5aUJe"}}},"version":"v1"}