{"_sessions":{"BUX6Md4ygEaHQwKkDb+L+x9t+BueOFOF35yfNU3SQT8k":{"registrationId":9141,"currentRatchet":{"ephemeralKeyPair":{"pubKey":"BZqZrXOkOgcMSuwNHdiweiBVK1qBhfaY3x+RKTntF4sJ","privKey":"UCkgLC9S1V3WRY9c0EEcUyvyx1euF7RWh81b+rVkNWE="},"lastRemoteEphemeralKey":"BQnbuXH0Tmh7xIG7jneUVkqnvzX9Q+Tzl6LXp6HZAPYF","previousCounter":0,"rootKey":"FuJXjZFTt66BJIauv3CToH+4ekD7jnzjrqfw1WBN7nA="},"indexInfo":{"baseKey":"BUX6Md4ygEaHQwKkDb+L+x9t+BueOFOF35yfNU3SQT8k","baseKeyType":1,"closed":-1,"used":1691326018858,"created":1691326018858,"remoteIdentityKey":"BfB0YwijlpRUrIZ8bLDIGka7mgMCXIPcQ9PBdMkbqvRE"},"_chains":{"BZqZrXOkOgcMSuwNHdiweiBVK1qBhfaY3x+RKTntF4sJ":{"chainKey":{"counter":0,"key":"43v+QnU9VTOUpHq8fIHG+fP+5dJDGgyIs/0fZ2ovsWE="},"chainType":1,"messageKeys":{}}},"pendingPreKey":{"signedKeyId":1,"baseKey":"BUX6Md4ygEaHQwKkDb+L+x9t+BueOFOF35yfNU3SQT8k"}}},"version":"v1"}