{"_sessions":{"BfIBqq8uaRJR5ViwyMf+dLVJxiyQdXMB006IvTLzcAtT":{"registrationId":457493023,"currentRatchet":{"ephemeralKeyPair":{"pubKey":"BdDvl60EBCPMq0INNwdFLwbIDnv53iiWNkBJR+EIRBkt","privKey":"gL2JtfW8Q+chZXJslV4w4B38OBVXFAu66HqjFr0znnU="},"lastRemoteEphemeralKey":"Be+bU3qA9IIhmgQrQ7eUTaVb6xtvfM+5LcVQzoow1142","previousCounter":0,"rootKey":"z8VCUSTD2PN68t054GYn8mc2osjQdyWH/sA2JIn7Mz0="},"indexInfo":{"baseKey":"BfIBqq8uaRJR5ViwyMf+dLVJxiyQdXMB006IvTLzcAtT","baseKeyType":1,"closed":-1,"used":1691326021069,"created":1691326021069,"remoteIdentityKey":"BQKGkaO6pNddpNRIskcEmW8BxrgNPpIJH9g4jcc4spNL"},"_chains":{"BdDvl60EBCPMq0INNwdFLwbIDnv53iiWNkBJR+EIRBkt":{"chainKey":{"counter":0,"key":"o802WHAYZfAKjA1EOR+KF5sJKkCeG2BlPXcfI5UF6pM="},"chainType":1,"messageKeys":{}}},"pendingPreKey":{"signedKeyId":2,"baseKey":"BfIBqq8uaRJR5ViwyMf+dLVJxiyQdXMB006IvTLzcAtT"}}},"version":"v1"}