{"_sessions":{"BT0tdFHkSKnAycKbXufy2mUbMKsVdOC5Uv8eGFh5DgAA":{"registrationId":1480178158,"currentRatchet":{"ephemeralKeyPair":{"pubKey":"BQQjMymPNcq2U4z3r9t3uE1rjrZaaQUARxVe8sBQ1pAa","privKey":"6FZwAhTMFZO5rhxKYknAQFIi90Nx3VdZBPlsgEKXJ24="},"lastRemoteEphemeralKey":"BWHJOL7xtUZ7kxeibSv+8Zp/+ghwLjCnfDz8bGCF3ogZ","previousCounter":0,"rootKey":"ZUjpjabh+/BG6xhT4F0oUdWXA2uTOWcVzle/EOSOlbk="},"indexInfo":{"baseKey":"BT0tdFHkSKnAycKbXufy2mUbMKsVdOC5Uv8eGFh5DgAA","baseKeyType":1,"closed":-1,"used":1691326022160,"created":1691326022160,"remoteIdentityKey":"BYXYjibR8zj2BZRn+RpmTMxQJPW2h5OEwyXwj5ZloesK"},"_chains":{"BQQjMymPNcq2U4z3r9t3uE1rjrZaaQUARxVe8sBQ1pAa":{"chainKey":{"counter":0,"key":"LQfT5VJguzoW2tlKmP5va9S2iEGInYSALqv1OU1Fwhw="},"chainType":1,"messageKeys":{}}},"pendingPreKey":{"signedKeyId":1,"baseKey":"BT0tdFHkSKnAycKbXufy2mUbMKsVdOC5Uv8eGFh5DgAA","preKeyId":15562273}}},"version":"v1"}