{"_sessions":{"BX6UVuPVJ4K1UFKIGmmGAo7To3NQc1O7z95WyR3jojZR":{"registrationId":1959420105,"currentRatchet":{"ephemeralKeyPair":{"pubKey":"BXzpMFJbXcfJkxw34X7LDuf9gZIycFzyE+Regx/8dRIc","privKey":"8BqGZ42AbE1mR5sFLhev4cX2LrCbOpY3rwApf+7aEX4="},"lastRemoteEphemeralKey":"BTjPlUBFtnhRmAZXdgVhTITBNjtm30bGqGAZkcnGnpl+","previousCounter":0,"rootKey":"c2SVJxhQQ0iDW5hvSEDeLqfRdN+8+wSuHYtZPtZ5aoE="},"indexInfo":{"baseKey":"BX6UVuPVJ4K1UFKIGmmGAo7To3NQc1O7z95WyR3jojZR","baseKeyType":1,"closed":-1,"used":1691326019468,"created":1691326019468,"remoteIdentityKey":"BcqfzHNT6FPzUeOIzeCmpNMgK/FN2gD4J1PVZS96dO5U"},"_chains":{"BXzpMFJbXcfJkxw34X7LDuf9gZIycFzyE+Regx/8dRIc":{"chainKey":{"counter":0,"key":"47gD69ei2ZjB3/Zz1v+jmL7jbfpPWZ6a3Zxmgmuz3sQ="},"chainType":1,"messageKeys":{}}},"pendingPreKey":{"signedKeyId":1,"baseKey":"BX6UVuPVJ4K1UFKIGmmGAo7To3NQc1O7z95WyR3jojZR"}}},"version":"v1"}