{"_sessions":{"BWB03KSM/p19B620x1CUe8Klo/BhRrPyNtbWxf/KFEJU":{"registrationId":1797959585,"currentRatchet":{"ephemeralKeyPair":{"pubKey":"BUPyJcS6tk5X6RwKh1tkTcMeER3hgMkvnWgFrizHWlox","privKey":"KPGqyGzzlv24aPJBmI/IGX2ZvWZwja9n3K5RByVIKUQ="},"lastRemoteEphemeralKey":"BcmT9ZgfkkGpbdDS3keVhDpOh5vp8Nxzh7knomL5gkYQ","previousCounter":0,"rootKey":"VYWiOvRarzGRNQK8m+kD5OFyYc05iZ04XuHGg8WREqY="},"indexInfo":{"baseKey":"BWB03KSM/p19B620x1CUe8Klo/BhRrPyNtbWxf/KFEJU","baseKeyType":1,"closed":-1,"used":1691326019159,"created":1691326019159,"remoteIdentityKey":"BZFdmhn024ZGfcIUeQtaEF10OFIxJFBx/8FR7R7Q18ph"},"_chains":{"BUPyJcS6tk5X6RwKh1tkTcMeER3hgMkvnWgFrizHWlox":{"chainKey":{"counter":0,"key":"lWZ/Qcdft2TA2T7LkJNlEhQJv/bjIeT0sreotwd+BmI="},"chainType":1,"messageKeys":{}}},"pendingPreKey":{"signedKeyId":0,"baseKey":"BWB03KSM/p19B620x1CUe8Klo/BhRrPyNtbWxf/KFEJU"}}},"version":"v1"}