{"_sessions":{"BStaISfDZn3UvA1UEM5f+5skvKCZGnLKiQDcWvMinK5g":{"registrationId":1979400577,"currentRatchet":{"ephemeralKeyPair":{"pubKey":"BTih1o4lidLKvwQDddV2X9BDqBPLH0Zie5AAnpquf2tB","privKey":"YEpsXEO6mqfHW48v1uonRy+Q15+A6vwyHLxyzLkPmEg="},"lastRemoteEphemeralKey":"BZbMuW0aXMSAu7w9MxmQ60im8Hx/70+C8cRYnaJOs2hF","previousCounter":0,"rootKey":"do8cyzNT9QOvvXXNIHtWeD/0EY5c4tiAE7Nhup4wxvg="},"indexInfo":{"baseKey":"BStaISfDZn3UvA1UEM5f+5skvKCZGnLKiQDcWvMinK5g","baseKeyType":1,"closed":-1,"used":1691326019774,"created":1691326019774,"remoteIdentityKey":"BTmjEQqLZGfrTeyOZwjR2Kmq0mK0p7dNlcRifK2Kiw5U"},"_chains":{"BTih1o4lidLKvwQDddV2X9BDqBPLH0Zie5AAnpquf2tB":{"chainKey":{"counter":0,"key":"Ey8P8WjWESlJRf1M6TrNIm0+P6IE/L9QY7r1B1SkfoM="},"chainType":1,"messageKeys":{}}},"pendingPreKey":{"signedKeyId":0,"baseKey":"BStaISfDZn3UvA1UEM5f+5skvKCZGnLKiQDcWvMinK5g","preKeyId":11769664}}},"version":"v1"}