{"_sessions":{"BX2LQ8ruPB9GGxXNSpbvyKbth8fc4GAOcEq7yMkPSQpm":{"registrationId":862370339,"currentRatchet":{"ephemeralKeyPair":{"pubKey":"BVGPnOfS9QN81qlha9qx6A0tkHWBa0NoFRSezIiKnU4H","privKey":"yOyJTxzQcixK3gvJpcHyiSCaSMU46GyP1NJmkD74qW0="},"lastRemoteEphemeralKey":"BdWhYEldPxMk/KvV6HLK8QeHoZ+flEV91YOOG2CisyB4","previousCounter":0,"rootKey":"lW3rLW6/NgA6p1VWvfK/HxXJOn6VC58De2e0k17Iuj8="},"indexInfo":{"baseKey":"BX2LQ8ruPB9GGxXNSpbvyKbth8fc4GAOcEq7yMkPSQpm","baseKeyType":1,"closed":-1,"used":1691325928467,"created":1691325928467,"remoteIdentityKey":"BVofULoKaWZsFMs9o0Ka8F0TZTDB2a+flaY1+vSSOOpC"},"_chains":{"BVGPnOfS9QN81qlha9qx6A0tkHWBa0NoFRSezIiKnU4H":{"chainKey":{"counter":1,"key":"7y/a6cio/YiyWSA/PUkrKG0sYbUFmfe8/puG6T1vX2o="},"chainType":1,"messageKeys":{}}},"pendingPreKey":{"signedKeyId":1,"baseKey":"BX2LQ8ruPB9GGxXNSpbvyKbth8fc4GAOcEq7yMkPSQpm","preKeyId":8130405}}},"version":"v1"}