{"_sessions":{"BXF8BRoVom0fOgYlyYSJkogO5baY0SFBrmpgOv/myqoQ":{"registrationId":1289875947,"currentRatchet":{"ephemeralKeyPair":{"pubKey":"BVgAgR7i2pk087FsB2lHWnorEIMKUcPZPJc4vQEukSxL","privKey":"eOExBNYQmmL5LAK9ScULJjfcyvGKZ5eXmoBrMKn7gmk="},"lastRemoteEphemeralKey":"BS4fNzZNyzhoIWkNKlyIy8D+s1U+XfK5BkL1yex5c1Mz","previousCounter":0,"rootKey":"W16rdivfh50tBGXS12vEm6mfjaDdgM2rWSTdOQNt8ZE="},"indexInfo":{"baseKey":"BXF8BRoVom0fOgYlyYSJkogO5baY0SFBrmpgOv/myqoQ","baseKeyType":1,"closed":-1,"used":1691326018932,"created":1691326018932,"remoteIdentityKey":"BRGVPPwML86HzZ9PYNxW0Oq79y7N9KUUzSuKPCe5DYgn"},"_chains":{"BVgAgR7i2pk087FsB2lHWnorEIMKUcPZPJc4vQEukSxL":{"chainKey":{"counter":0,"key":"U1kaeUimjgzlFm9gbT3pu7IHdp5wmFPI0tPhhnzkGiE="},"chainType":1,"messageKeys":{}}},"pendingPreKey":{"signedKeyId":1,"baseKey":"BXF8BRoVom0fOgYlyYSJkogO5baY0SFBrmpgOv/myqoQ","preKeyId":14368964}}},"version":"v1"}