{"_sessions":{"BcWIuteI6NskxaYvaJfxLISXZLhGupZZkzzoVBwfHL9X":{"registrationId":975640191,"currentRatchet":{"ephemeralKeyPair":{"pubKey":"BRDKkllgl60FLzaUw5e/YsEv1w4IT23zGDgZ/gz7K8B6","privKey":"COzDqTo7Wu1IUhVKy9P57+6UKUCrVFf3lwqMJ/VNn38="},"lastRemoteEphemeralKey":"BS2LOJ2/4Aq+QpGbKd/9OSJU/Zj1rASKP66pu7aQM1Uo","previousCounter":0,"rootKey":"s55DgHvEmAGf/pqW3icN9OCPsY9YmVW0iuqN+i0EUBI="},"indexInfo":{"baseKey":"BcWIuteI6NskxaYvaJfxLISXZLhGupZZkzzoVBwfHL9X","baseKeyType":1,"closed":-1,"used":1691326019234,"created":1691326019234,"remoteIdentityKey":"BX4eSjHUfR3dDb9V7mng8JUInjuYpq8UIkDPaBgvNFEa"},"_chains":{"BRDKkllgl60FLzaUw5e/YsEv1w4IT23zGDgZ/gz7K8B6":{"chainKey":{"counter":0,"key":"v+b9OCO/o9f6aVstf7zYnTur3BRzHD7HJuQz9nez/W4="},"chainType":1,"messageKeys":{}}},"pendingPreKey":{"signedKeyId":27,"baseKey":"BcWIuteI6NskxaYvaJfxLISXZLhGupZZkzzoVBwfHL9X"}}},"version":"v1"}