{"_sessions":{"BfsnwFs0g8fI5xy1GryAl7PPfLLeO2yVKV0uFBCLtqEd":{"registrationId":1434743980,"currentRatchet":{"ephemeralKeyPair":{"pubKey":"BYZBfPkb7QsECyRQolGH1nyz4EfSlK+QHiPGD1/oZYZx","privKey":"gFXywISK0K0hwljI4aqqNjj03ZHWG2VuMOEf5AuhVnw="},"lastRemoteEphemeralKey":"BRQJ5I1hG+BXAyYYL6mrgZnfUcuQj2Q0wSOBiLEEjD4e","previousCounter":0,"rootKey":"uIqiJfsCHjadbejJAHlSmLj5uXyFUhZjaBXiqdGOr5k="},"indexInfo":{"baseKey":"BfsnwFs0g8fI5xy1GryAl7PPfLLeO2yVKV0uFBCLtqEd","baseKeyType":1,"closed":-1,"used":1691326019767,"created":1691326019767,"remoteIdentityKey":"BaVjpAIZaBvNM94cu62dxgVqkrpHWdqh0P/CcwKAKQUx"},"_chains":{"BYZBfPkb7QsECyRQolGH1nyz4EfSlK+QHiPGD1/oZYZx":{"chainKey":{"counter":0,"key":"diVGFAuThnepvqFvtMtAuBZlFMLK8oqnLzDpELrc0ko="},"chainType":1,"messageKeys":{}}},"pendingPreKey":{"signedKeyId":1,"baseKey":"BfsnwFs0g8fI5xy1GryAl7PPfLLeO2yVKV0uFBCLtqEd"}}},"version":"v1"}