{"_sessions":{"BWwrP+AAdRbLtvnJFpFmqAcS/xW7fIxtjJqYOE//wyw2":{"registrationId":1016674022,"currentRatchet":{"ephemeralKeyPair":{"pubKey":"BfS5h7LTB5ayQqEmj6+GlrpkkJsyz3FSKKOJv5NEYFVQ","privKey":"YB6aKWmJ8vXq5tCI05k5UhrPUeuzxPHut0HgAOVBqWM="},"lastRemoteEphemeralKey":"BVhXweAb4lU9bzD61MrtBLzIzlPbuW05ZoJdjyf7IQNX","previousCounter":0,"rootKey":"Et3rbrpmeSG+7HHPrz0vLaehVvIpG0A8bfhW0tz2UjI="},"indexInfo":{"baseKey":"BWwrP+AAdRbLtvnJFpFmqAcS/xW7fIxtjJqYOE//wyw2","baseKeyType":1,"closed":-1,"used":1691325929868,"created":1691325929868,"remoteIdentityKey":"Bd8xAWe4ugd9Zud3ZX4+uZd0wl/41876kaTYpqsjHOZ7"},"_chains":{"BfS5h7LTB5ayQqEmj6+GlrpkkJsyz3FSKKOJv5NEYFVQ":{"chainKey":{"counter":1,"key":"Tyubz52An/Pg3YLVQA6sk904QsOYcpMu3U66b2qOaYM="},"chainType":1,"messageKeys":{}}},"pendingPreKey":{"signedKeyId":8,"baseKey":"BWwrP+AAdRbLtvnJFpFmqAcS/xW7fIxtjJqYOE//wyw2","preKeyId":1409303}}},"version":"v1"}