{"_sessions":{"BfGZIbPd/JWb2/XVhhZQoWZIkHG2Wi88efCqeCQj5BlQ":{"registrationId":577100529,"currentRatchet":{"ephemeralKeyPair":{"pubKey":"Bcgk5PbDA79cmQ6KGR4+e8BfnRLERUcMzIDxwfMw+g5p","privKey":"kIneed6JAkEQfMXo8kMnnuDRe1yBu7suPF4R094uukE="},"lastRemoteEphemeralKey":"BTTO2F1lwiPosWQmt18/V/iudQvMaQGUbgP3kOdwbM1y","previousCounter":0,"rootKey":"+WvNejZ87v/+d+qvWe6ZXA+33BEzgt7U+J6V5GOL35I="},"indexInfo":{"baseKey":"BfGZIbPd/JWb2/XVhhZQoWZIkHG2Wi88efCqeCQj5BlQ","baseKeyType":1,"closed":-1,"used":1691326022734,"created":1691326022734,"remoteIdentityKey":"BS5G00orGFxAGwaYgc7QDqfGS4jdcWsXssVS899PblM8"},"_chains":{"Bcgk5PbDA79cmQ6KGR4+e8BfnRLERUcMzIDxwfMw+g5p":{"chainKey":{"counter":0,"key":"LkpDLVwsfJov0kDZKvrVYoXXFb584aknej3PsnwbUJ0="},"chainType":1,"messageKeys":{}}},"pendingPreKey":{"signedKeyId":5,"baseKey":"BfGZIbPd/JWb2/XVhhZQoWZIkHG2Wi88efCqeCQj5BlQ","preKeyId":15365330}}},"version":"v1"}