{"_sessions":{"BT7+tnw4A4d1fVmBudCkl/6B0Whbb85+AzB4foF0kqYo":{"registrationId":1935578952,"currentRatchet":{"ephemeralKeyPair":{"pubKey":"BdBqeALVcbiVi43Ifdl8rOyTE/iCK93w7dmaWqb/Edcv","privKey":"UDfsbcZbWoKOPA1CWFQiG8dKGiKXVQu0tq6rEBLCgW8="},"lastRemoteEphemeralKey":"BTC6b6F3dqbk+dpRnHAMjDj6UffHEFF/NuzRqq2kYdRr","previousCounter":0,"rootKey":"KIdJxkSMW7nvfSuzpSryEOAHR3kpiT8iw5Kjd7O9wDc="},"indexInfo":{"baseKey":"BT7+tnw4A4d1fVmBudCkl/6B0Whbb85+AzB4foF0kqYo","baseKeyType":1,"closed":-1,"used":1691325928855,"created":1691325928855,"remoteIdentityKey":"BUoqLiQPaJJBve6iNi0iiISlpuAqskHE1Be/KGwf7XAT"},"_chains":{"BdBqeALVcbiVi43Ifdl8rOyTE/iCK93w7dmaWqb/Edcv":{"chainKey":{"counter":1,"key":"cWALNfhRzD+BKDLA1l/cr+S8Rz21tcv7TKOF84YG8ss="},"chainType":1,"messageKeys":{}}},"pendingPreKey":{"signedKeyId":15,"baseKey":"BT7+tnw4A4d1fVmBudCkl/6B0Whbb85+AzB4foF0kqYo","preKeyId":12158713}}},"version":"v1"}