{"_sessions":{"BTzz+pt+2mkvBspq+WC7KGkenTVmP1ev3a2fpr49py0q":{"registrationId":306493427,"currentRatchet":{"ephemeralKeyPair":{"pubKey":"BYXHq5Q6sC0NQSL04gcFmt0jtAH2Je6HpRW2sNNu5xgx","privKey":"iEKNLQQGH+N5NbHoIpKClw25tVLZO2F19LhcbHVHJmU="},"lastRemoteEphemeralKey":"BVMgSvRgnBy7Kg6uq5RDH+7es+iWw04mfodveh8D8AQa","previousCounter":0,"rootKey":"pADsn8s5BJ7PM1277S3iyftln6kaXHMqJXwTy+ZWwCo="},"indexInfo":{"baseKey":"BTzz+pt+2mkvBspq+WC7KGkenTVmP1ev3a2fpr49py0q","baseKeyType":1,"closed":-1,"used":1691326020148,"created":1691326020148,"remoteIdentityKey":"BT2fEAx81i7uGmQb1a5g+06PR1lIx1P0BS8GJhLNUfgd"},"_chains":{"BYXHq5Q6sC0NQSL04gcFmt0jtAH2Je6HpRW2sNNu5xgx":{"chainKey":{"counter":0,"key":"AFROgXHT7LR80XKGcD80ndhwuur10zgH//wPWocbsa8="},"chainType":1,"messageKeys":{}}},"pendingPreKey":{"signedKeyId":2,"baseKey":"BTzz+pt+2mkvBspq+WC7KGkenTVmP1ev3a2fpr49py0q","preKeyId":12659265}}},"version":"v1"}