{"_sessions":{"BWOKmlNJAd8Wi0Aht300ZHSX7ENye1eo/zAfDDE5uFYj":{"registrationId":1968062199,"currentRatchet":{"ephemeralKeyPair":{"pubKey":"BUrqPxS8H7wLn4OUq6027pFn7FAgEf3VTuBfuGWXUKET","privKey":"oEMWDTBtNG+ldU8WZpn/FDebiCRXKRJmA7wpCAvrDGw="},"lastRemoteEphemeralKey":"Bc8xBlGDzFcxE1VCqwgcy3DOGRKrMcS7K8fndSozNowR","previousCounter":0,"rootKey":"AHqQmgFc7J/QWEh5+HNob4PZbAibyqwHgIqnZAiLpic="},"indexInfo":{"baseKey":"BWOKmlNJAd8Wi0Aht300ZHSX7ENye1eo/zAfDDE5uFYj","baseKeyType":1,"closed":-1,"used":1691325929572,"created":1691325929572,"remoteIdentityKey":"BZsh0zs4FDZLVKe4ZxVhGUsawPurRJtCFBYsE8CVS9FO"},"_chains":{"BUrqPxS8H7wLn4OUq6027pFn7FAgEf3VTuBfuGWXUKET":{"chainKey":{"counter":1,"key":"SrW2LAAlPnwDrCXFQXr5CUyhh/SjpHMM4ZwYec8+YCc="},"chainType":1,"messageKeys":{}}},"pendingPreKey":{"signedKeyId":1,"baseKey":"BWOKmlNJAd8Wi0Aht300ZHSX7ENye1eo/zAfDDE5uFYj","preKeyId":2013266}}},"version":"v1"}