{"_sessions":{"BV3IF0qQ2EyY0KdpALFoG/yYgdnz3fdU0IilC4cVMcsM":{"registrationId":1947285785,"currentRatchet":{"ephemeralKeyPair":{"pubKey":"BR1I/IGg7rWStiAhXXnxbF51n7Phcz4KGRid/HdCYtst","privKey":"UH9WuWel/ttITCyggds848rg8RYVjCJk3VtIUC2Guno="},"lastRemoteEphemeralKey":"BesHCN0BEkL5bd5b1MnaCk3BSfKLL9mZeUuwp3Hh9W4k","previousCounter":0,"rootKey":"TxONvEirwxV4BnnMSu/Hj4M9TtLjKSgiq5sEv11yaD4="},"indexInfo":{"baseKey":"BV3IF0qQ2EyY0KdpALFoG/yYgdnz3fdU0IilC4cVMcsM","baseKeyType":1,"closed":-1,"used":1691326021845,"created":1691326021845,"remoteIdentityKey":"BZCzjktyVq3OmJ/to5oLRKFxe3T6Mjo9niIAn3YTTVcW"},"_chains":{"BR1I/IGg7rWStiAhXXnxbF51n7Phcz4KGRid/HdCYtst":{"chainKey":{"counter":0,"key":"K8Hn5fmEBlUlHwkhcihNJBsa2vEvd77FzusmBS1f5o4="},"chainType":1,"messageKeys":{}}},"pendingPreKey":{"signedKeyId":0,"baseKey":"BV3IF0qQ2EyY0KdpALFoG/yYgdnz3fdU0IilC4cVMcsM"}}},"version":"v1"}