{"_sessions":{"BdQ9GVhLqUMsJNMkohmFNcIG5G/n4XTLaJmlVnz7Q3Ux":{"registrationId":1964412738,"currentRatchet":{"ephemeralKeyPair":{"pubKey":"BfpKvBrtjAfmIGe106D/ZZnPx/kacv8LNqE0FoWyHfo0","privKey":"iCx3V7AnypCncMe1gntr04PFG4gCBkQI1jXY3dkHlUQ="},"lastRemoteEphemeralKey":"BT066pJyA5+1e/rSulFD9ngoYAsbCbfC188gguE9Zb1F","previousCounter":0,"rootKey":"SZWr/dhZHCp7hEo3C961LBWLeVTkZ5EI2GsslDjRQ2I="},"indexInfo":{"baseKey":"BdQ9GVhLqUMsJNMkohmFNcIG5G/n4XTLaJmlVnz7Q3Ux","baseKeyType":1,"closed":-1,"used":1691326020738,"created":1691326020738,"remoteIdentityKey":"BVeCNf27lj7BlSF8lmxCYMqqrQJmLQZnd2YIbtBLc1Nv"},"_chains":{"BfpKvBrtjAfmIGe106D/ZZnPx/kacv8LNqE0FoWyHfo0":{"chainKey":{"counter":0,"key":"IAWz9yf2A29OTZuOSeeyfkUGoJB1/U31zcnWMqq4cZM="},"chainType":1,"messageKeys":{}}},"pendingPreKey":{"signedKeyId":5,"baseKey":"BdQ9GVhLqUMsJNMkohmFNcIG5G/n4XTLaJmlVnz7Q3Ux","preKeyId":13103702}}},"version":"v1"}