{"_sessions":{"Bd+vkBSozG86W8BKNOPCWxu9ip71ad9MB3upcXsgJEFs":{"registrationId":429319700,"currentRatchet":{"ephemeralKeyPair":{"pubKey":"BbnzcZNEVJ9LlAFXnh2gv0Iz6U2CFgJy4tiDajhhEh1C","privKey":"uPYd7hRD4uDx2aogKInOzN8QmvbftD9ngMXnW4ZD0Ug="},"lastRemoteEphemeralKey":"BTFBV1SKiSH96uBdFn6Ja7MpXHx05D1E7t5muhry+HZl","previousCounter":0,"rootKey":"cZt4CGZOt9V907e88Nn2ZN1L1m0Dq7ADboWO7Lh+S3A="},"indexInfo":{"baseKey":"Bd+vkBSozG86W8BKNOPCWxu9ip71ad9MB3upcXsgJEFs","baseKeyType":1,"closed":-1,"used":1691326019874,"created":1691326019874,"remoteIdentityKey":"BXPWLAd9FqYWpaUmCw8XmQh4WS/nsCkyslNMLvuvFKhQ"},"_chains":{"BbnzcZNEVJ9LlAFXnh2gv0Iz6U2CFgJy4tiDajhhEh1C":{"chainKey":{"counter":0,"key":"F+YfqPKupsARM7fa/9Zz0lTeIgwGTKTvmUd1NjnZKS4="},"chainType":1,"messageKeys":{}}},"pendingPreKey":{"signedKeyId":28,"baseKey":"Bd+vkBSozG86W8BKNOPCWxu9ip71ad9MB3upcXsgJEFs"}}},"version":"v1"}