{"_sessions":{"BbHsq4p0m/qBh+X5uP4KonjSnHEMaZmI1+fL0pbp3kAx":{"registrationId":1443399521,"currentRatchet":{"ephemeralKeyPair":{"pubKey":"Ba55rsDM0zkeDAln2qixBEoyUydOZ88+ru3T96doER5Z","privKey":"4C0Vt3kZdzqACUPre24wtUcKqegWtAip61+k/u3eIGI="},"lastRemoteEphemeralKey":"BT93wsqVQZvgbLopUkC4X+b5Kd3asqnvbtHYhfssqhdO","previousCounter":0,"rootKey":"NmrXATxmi79Gm2Um4UqRs+YizduuV2cy2/aH0Eb2R/Q="},"indexInfo":{"baseKey":"BbHsq4p0m/qBh+X5uP4KonjSnHEMaZmI1+fL0pbp3kAx","baseKeyType":1,"closed":-1,"used":1691326023546,"created":1691326023546,"remoteIdentityKey":"BdbcRcFlF/IBlxqc+YliPLH8xbtdI2Zxk43fg4wzCRMl"},"_chains":{"Ba55rsDM0zkeDAln2qixBEoyUydOZ88+ru3T96doER5Z":{"chainKey":{"counter":0,"key":"efwCEu2FSqyYjJDJ/qA6gAmW/c4nH/t/G+MoSHV8x20="},"chainType":1,"messageKeys":{}}},"pendingPreKey":{"signedKeyId":1,"baseKey":"BbHsq4p0m/qBh+X5uP4KonjSnHEMaZmI1+fL0pbp3kAx","preKeyId":15049921}}},"version":"v1"}