{"_sessions":{"BfveGP0yvi3kyK/PTbJZhzmW89gAfI60iiim3HT6ajYo":{"registrationId":1936411696,"currentRatchet":{"ephemeralKeyPair":{"pubKey":"BY1cyuyGVz39SrC+HVyVRP4P2FKG0inP5gx/Dvti61R+","privKey":"AId6DfcWuWPiC6cZH2YyjOVTM2sM9sZG7N7iuSUgjkQ="},"lastRemoteEphemeralKey":"BT32KXvaYgaM4GtzVqh0ejMcugKgZJj8xgfA2f8ChRxI","previousCounter":0,"rootKey":"GA6tRYya2Gc/7lqrgJL2+O1uCuq0lXnP/3VkDUF/hp0="},"indexInfo":{"baseKey":"BfveGP0yvi3kyK/PTbJZhzmW89gAfI60iiim3HT6ajYo","baseKeyType":1,"closed":-1,"used":1691326020845,"created":1691326020845,"remoteIdentityKey":"BZgsw7gZLgiXr0N1Me3Tp44ssgnMy2nQkeyKiSX35rVh"},"_chains":{"BY1cyuyGVz39SrC+HVyVRP4P2FKG0inP5gx/Dvti61R+":{"chainKey":{"counter":0,"key":"pLZsXbk3SCO8D1PHmu6lQkcdmfOCtAtzNkKbt7BdN94="},"chainType":1,"messageKeys":{}}},"pendingPreKey":{"signedKeyId":20,"baseKey":"BfveGP0yvi3kyK/PTbJZhzmW89gAfI60iiim3HT6ajYo","preKeyId":14923953}}},"version":"v1"}