{"_sessions":{"BQHwVllPorJkZ4O7krtFdGVwz5Z5yn8Xg9mnk2cSjM4A":{"registrationId":1518320270,"currentRatchet":{"ephemeralKeyPair":{"pubKey":"BQUVvmdCKjrPvnXnEMRytJOCmuvBUxkG1hizqAEOl+Np","privKey":"iACHox9T/OEOGSVnF+oZlVOe19nX7BHNcjBD34A+o3o="},"lastRemoteEphemeralKey":"BV15fc8Vb0i+VWuNWy9o9vaaP+shinRxlxkID3YGQ1di","previousCounter":0,"rootKey":"QbFtyUCnLpuwzlC3QAQbQ5osOrExMNCRD/VeJdMiWMo="},"indexInfo":{"baseKey":"BQHwVllPorJkZ4O7krtFdGVwz5Z5yn8Xg9mnk2cSjM4A","baseKeyType":1,"closed":-1,"used":1691326023162,"created":1691326023162,"remoteIdentityKey":"BScI8mjs1DxGI0HddC/xscj7MceN0j4rrPOcbiw3No1t"},"_chains":{"BQUVvmdCKjrPvnXnEMRytJOCmuvBUxkG1hizqAEOl+Np":{"chainKey":{"counter":0,"key":"5nJi4fF8FO3jTXrLCzOQ+eu0Tw2ab2AGrw9m9TFwFoI="},"chainType":1,"messageKeys":{}}},"pendingPreKey":{"signedKeyId":0,"baseKey":"BQHwVllPorJkZ4O7krtFdGVwz5Z5yn8Xg9mnk2cSjM4A","preKeyId":14130626}}},"version":"v1"}