{"_sessions":{"BbARH9hToTpPq4PthbCsiGaq0mRYaJWnQExNrvrk3pl7":{"registrationId":880576847,"currentRatchet":{"ephemeralKeyPair":{"pubKey":"BZre2Wu2apYunugNLiCX/2N/upinhNGK35d5rUuYV746","privKey":"GHcf0g+hwxpDT3QzVkGSNcgi46fqk81s2mDhT2W0QGM="},"lastRemoteEphemeralKey":"BfnYvBig9wXO0WpgzFkELhD1INXs/jt+TytuFFJuaDBF","previousCounter":0,"rootKey":"s3HBAf1s3kdglTp1QY6ZUb7Qypw67R4lXIoCkpfOYZk="},"indexInfo":{"baseKey":"BbARH9hToTpPq4PthbCsiGaq0mRYaJWnQExNrvrk3pl7","baseKeyType":1,"closed":-1,"used":1691326019638,"created":1691326019638,"remoteIdentityKey":"BUzJVINFvMQ1lSPU6WILaL/32OH734eaRpd38N4Bn4gi"},"_chains":{"BZre2Wu2apYunugNLiCX/2N/upinhNGK35d5rUuYV746":{"chainKey":{"counter":0,"key":"Pz+9viHbH4Qjd+ReQ+f8T2EgRbzpZx8VzXy37MqWs7k="},"chainType":1,"messageKeys":{}}},"pendingPreKey":{"signedKeyId":4,"baseKey":"BbARH9hToTpPq4PthbCsiGaq0mRYaJWnQExNrvrk3pl7","preKeyId":10499468}}},"version":"v1"}