{"_sessions":{"Bf4mw/nbFHBzIUhCSOn4yxgj2CuhPBxs6TctJuA/6qYA":{"registrationId":1020824135,"currentRatchet":{"ephemeralKeyPair":{"pubKey":"BWSi8hkysUOoAkG7jh+O/VgyxlMy6elarMOu99+bzNBG","privKey":"8A00fep744ygjyFFnQzSytpVGpLMdHEp31s4KJu0LXc="},"lastRemoteEphemeralKey":"Bb8vQD431elYuNAS23+I/MxOtpx3bBAkWmHwIFIhgFlh","previousCounter":0,"rootKey":"Xet419X0g8mXEF38/uKEAkIaDVW2poUktaiv7f8WTA0="},"indexInfo":{"baseKey":"Bf4mw/nbFHBzIUhCSOn4yxgj2CuhPBxs6TctJuA/6qYA","baseKeyType":1,"closed":-1,"used":1691326020557,"created":1691326020557,"remoteIdentityKey":"BSgePzWKdjBxMotOHoy4wKw6J/26gsguWUmkqd1/+0NW"},"_chains":{"BWSi8hkysUOoAkG7jh+O/VgyxlMy6elarMOu99+bzNBG":{"chainKey":{"counter":0,"key":"drPQmh3cyJ+oPplSCzUyiPIdmB4KlK9mANGgJJA/F8s="},"chainType":1,"messageKeys":{}}},"pendingPreKey":{"signedKeyId":11,"baseKey":"Bf4mw/nbFHBzIUhCSOn4yxgj2CuhPBxs6TctJuA/6qYA","preKeyId":1735726}}},"version":"v1"}