{"_sessions":{"BTlzRYqg2lMbbV/Ke2OVHnedf4NoPReWpjCv6/13sPMq":{"registrationId":1508385621,"currentRatchet":{"ephemeralKeyPair":{"pubKey":"BeNu+s34juV1RG86VZx4SCMQbweBxSc0rj1XCVf8yJd4","privKey":"wNlO4Q6GxndgIm1hIsFieWw+7pfigJlvWil695KX0WU="},"lastRemoteEphemeralKey":"BYCSDGwC80LWgZvwkKuch3e1jIh4SsDJg37LEgkK7bYU","previousCounter":0,"rootKey":"x2UylaDtLwyXIfI4grrrzR1QjuOzLE4sTlTaOS9z1g8="},"indexInfo":{"baseKey":"BTlzRYqg2lMbbV/Ke2OVHnedf4NoPReWpjCv6/13sPMq","baseKeyType":1,"closed":-1,"used":1691326018926,"created":1691326018926,"remoteIdentityKey":"BRMZp8JN/2cpZzvkGNqWFglD0b+SL5EvUB+D13FrwT5p"},"_chains":{"BeNu+s34juV1RG86VZx4SCMQbweBxSc0rj1XCVf8yJd4":{"chainKey":{"counter":0,"key":"xmYM/nAdDyabSwKNuj8t9AEcBYFxLnbyIsMWF7MkcQw="},"chainType":1,"messageKeys":{}}},"pendingPreKey":{"signedKeyId":11,"baseKey":"BTlzRYqg2lMbbV/Ke2OVHnedf4NoPReWpjCv6/13sPMq"}}},"version":"v1"}