{"_sessions":{"BTwFnJdbjIGwhOQwyJ25FdK93vdqOMZaa7DXbRldkilL":{"registrationId":1248229766,"currentRatchet":{"ephemeralKeyPair":{"pubKey":"BcZa0nFnDu9UMj/l7lwy7aWmAl3eOmv4zvYEoIAtwPMn","privKey":"aHcdzEpNWsX8kVBhL5+qUyuU7GmhGtAsjP24UG2GeHA="},"lastRemoteEphemeralKey":"BVio0OdpgoR5aszP6Q3xlYcSv4zoeaTPScIjthXLyDRv","previousCounter":0,"rootKey":"ax4FDs0HeCCnJcgYdCbNVBtYnEPjDu1Xm1G4+DGoWzI="},"indexInfo":{"baseKey":"BTwFnJdbjIGwhOQwyJ25FdK93vdqOMZaa7DXbRldkilL","baseKeyType":1,"closed":-1,"used":1691326023372,"created":1691326023372,"remoteIdentityKey":"BU1GiqcU2wswug6Txq3DDi5tIBQfO3SCUcorqFA1Zftk"},"_chains":{"BcZa0nFnDu9UMj/l7lwy7aWmAl3eOmv4zvYEoIAtwPMn":{"chainKey":{"counter":0,"key":"5ighAnVTSuLtlGnK88GdP5f5VPLo7xSwctMlL0YXDBc="},"chainType":1,"messageKeys":{}}},"pendingPreKey":{"signedKeyId":20,"baseKey":"BTwFnJdbjIGwhOQwyJ25FdK93vdqOMZaa7DXbRldkilL","preKeyId":4670850}}},"version":"v1"}