{"_sessions":{"BZNzM47VcXbjVFcYAlQ6eQ5PFezbk4wyTUPN8ajRIRo1":{"registrationId":1532545992,"currentRatchet":{"ephemeralKeyPair":{"pubKey":"BWmFQSPQz7Zx9OlOAk56rUeqM1HXIIq6CFIW4KhqjChr","privKey":"4PhbxjCyTSQtQAwk6ae4J+LDMdh5EIJY56ipQO+riW8="},"lastRemoteEphemeralKey":"Bbdtytt14UjDZkeSA3Dz9XMy+Xq852N6OTTt2SqfyZhv","previousCounter":0,"rootKey":"m1Og/sf+XPncnad3XMOipkgmbjGtt7moOG3gfBkv+YU="},"indexInfo":{"baseKey":"BZNzM47VcXbjVFcYAlQ6eQ5PFezbk4wyTUPN8ajRIRo1","baseKeyType":1,"closed":-1,"used":1691325929630,"created":1691325929630,"remoteIdentityKey":"BaiMVKKXovlBNdWrZ15+SWma8+EFcNTbk6p2mWjW3kVc"},"_chains":{"BWmFQSPQz7Zx9OlOAk56rUeqM1HXIIq6CFIW4KhqjChr":{"chainKey":{"counter":1,"key":"AS05dRdFiw6wMej2tbDfaBNPcgppzgwKYZJpK5OJv9w="},"chainType":1,"messageKeys":{}}},"pendingPreKey":{"signedKeyId":13,"baseKey":"BZNzM47VcXbjVFcYAlQ6eQ5PFezbk4wyTUPN8ajRIRo1","preKeyId":9418484}}},"version":"v1"}