{"_sessions":{"BevymJ+YdrWR+sxLdtRabXC4sOKEOez++0vj2MJGrKJ0":{"registrationId":720231505,"currentRatchet":{"ephemeralKeyPair":{"pubKey":"BdbBoSnNqmCY7zK0EstWHjAsB9LC5WHsDTl0NOTphHJG","privKey":"8AnUjioPAUdrYel2zNvyQVFgZuF0TziCc6XTI7l/43k="},"lastRemoteEphemeralKey":"BWLH5m1zN/jahp9agoGWMbvvath5w8c05OeHx5r2ihRv","previousCounter":0,"rootKey":"t+yZdeGmCYfuXx3RBd8QHCB3WgUXG5suUSeRCMFgtKQ="},"indexInfo":{"baseKey":"BevymJ+YdrWR+sxLdtRabXC4sOKEOez++0vj2MJGrKJ0","baseKeyType":1,"closed":-1,"used":1691326022666,"created":1691326022666,"remoteIdentityKey":"Bc3TtnadZWyh9VmLOxeCFNsbQeRBZ+IRioUfBK9b1JhH"},"_chains":{"BdbBoSnNqmCY7zK0EstWHjAsB9LC5WHsDTl0NOTphHJG":{"chainKey":{"counter":0,"key":"Zvu8/WAXO+tNpZQKMHBiRqLHZ56so1SPBTfFoWrG/HE="},"chainType":1,"messageKeys":{}}},"pendingPreKey":{"signedKeyId":11,"baseKey":"BevymJ+YdrWR+sxLdtRabXC4sOKEOez++0vj2MJGrKJ0","preKeyId":16085718}}},"version":"v1"}