{"_sessions":{"Bd4CXAcvgb7DApYXk/POh3/jo3lm1mt4j8jom7MrHTkb":{"registrationId":523361660,"currentRatchet":{"ephemeralKeyPair":{"pubKey":"BVsO9C2bJT1klyoeHcIQNGXsL8+DkuKDSbKRmJKUhp4R","privKey":"6Dg+8suuFtyzdRKVPlrYlS0Qk+o+EFLrI1mzwNpMXWQ="},"lastRemoteEphemeralKey":"BT6dUsAzjhlLFJdnI0oKp3Wdlqxjt5inlGPAORz1hFUe","previousCounter":0,"rootKey":"kl71mz6VGoTvK3fMr+1587aq5EcTZGkdZ6eksX0xF6k="},"indexInfo":{"baseKey":"Bd4CXAcvgb7DApYXk/POh3/jo3lm1mt4j8jom7MrHTkb","baseKeyType":1,"closed":-1,"used":1691326025667,"created":1691326025667,"remoteIdentityKey":"BeZdUcySjV6rK+xi2sRba/awec0Cb0ln8WpY37/a/Ncl"},"_chains":{"BVsO9C2bJT1klyoeHcIQNGXsL8+DkuKDSbKRmJKUhp4R":{"chainKey":{"counter":0,"key":"VACBlePcmLt0jzdp6RLDubWgsNPP7XjErOX2OrPGySg="},"chainType":1,"messageKeys":{}}},"pendingPreKey":{"signedKeyId":1,"baseKey":"Bd4CXAcvgb7DApYXk/POh3/jo3lm1mt4j8jom7MrHTkb"}}},"version":"v1"}