{"_sessions":{"BfXo65zzlWiHo/uyjFIsFxzTA87zTQ06xCYPhEJNnfp7":{"registrationId":3413711,"currentRatchet":{"ephemeralKeyPair":{"pubKey":"BY+bXwLLCUgvsjxb6H+vakutJ0Li17DK1GTbE6meWl5i","privKey":"kDrMhl+C+EotT9bC/VqeR18SRgyxECv4Xzj59cLPg1s="},"lastRemoteEphemeralKey":"BdqSgfBDkxK/8DZqjKVOvia4vpH7aBBPXZSm2JViEmU7","previousCounter":0,"rootKey":"DbVDvQN4ZN4n2m9MckMKVGzvR4sBGLaL5oFnL/634Eg="},"indexInfo":{"baseKey":"BfXo65zzlWiHo/uyjFIsFxzTA87zTQ06xCYPhEJNnfp7","baseKeyType":1,"closed":-1,"used":1691326019966,"created":1691326019966,"remoteIdentityKey":"BRK3zqwKRVKLTne/rN88VrDSfHK73/4agPMA1w4GwaBg"},"_chains":{"BY+bXwLLCUgvsjxb6H+vakutJ0Li17DK1GTbE6meWl5i":{"chainKey":{"counter":0,"key":"gvnjXnQIpYRgeGbsz9IGv/5XdcIo8F7BWlr668Pneds="},"chainType":1,"messageKeys":{}}},"pendingPreKey":{"signedKeyId":24,"baseKey":"BfXo65zzlWiHo/uyjFIsFxzTA87zTQ06xCYPhEJNnfp7","preKeyId":2331882}}},"version":"v1"}