{"_sessions":{"BRaEr4GwA2MP68ORHoXzBIIQXnnKqzaRWvxvURwQShRq":{"registrationId":350510357,"currentRatchet":{"ephemeralKeyPair":{"pubKey":"BW+kHPL60sP6A7UN2kIQBfnkMQyFiQwQCUaMMEdoPTtW","privKey":"wHYKE0J/q7CMT1DN/nBz34+Ec99mAeWAOnQ3fOrDgWM="},"lastRemoteEphemeralKey":"BaJmfDN6LPVYlvOPEa7UhKq73WeighXxGwFCJ8yC868q","previousCounter":0,"rootKey":"kBT93DypZiw2LLJmZb5Y37GqwsW0vNuQqtQSuNbJww0="},"indexInfo":{"baseKey":"BRaEr4GwA2MP68ORHoXzBIIQXnnKqzaRWvxvURwQShRq","baseKeyType":1,"closed":-1,"used":1691326025372,"created":1691326025372,"remoteIdentityKey":"BTIMmvvSht9a06ABCtXEQDq8Yy9oTMsRkTMdmVopExo+"},"_chains":{"BW+kHPL60sP6A7UN2kIQBfnkMQyFiQwQCUaMMEdoPTtW":{"chainKey":{"counter":0,"key":"Kej2lAT0n/RQWrjYNxmDRcNu+yUCa4ADWM3fAkDCbD8="},"chainType":1,"messageKeys":{}}},"pendingPreKey":{"signedKeyId":0,"baseKey":"BRaEr4GwA2MP68ORHoXzBIIQXnnKqzaRWvxvURwQShRq"}}},"version":"v1"}