{"_sessions":{"BZZA6tA43RKLbq0Tnij63ERiXFCuyGHDpvjm00JAAHtc":{"registrationId":368331387,"currentRatchet":{"ephemeralKeyPair":{"pubKey":"BdJKTRhgwLQRY7li1tuwFVFOCGYfiBctZbKMPu+eFj4M","privKey":"cKDgbk3ilAy+DQ2bnoX8qMUVL2xHtzvXxSHcuShNAGE="},"lastRemoteEphemeralKey":"Be3iIc8oHVuKK9vtdwUG+cJtCBmE34JBp/vByK4Q9Uhq","previousCounter":0,"rootKey":"x70ooI85zKvwM75iPFMQ+aLdm03tDRdnkxYubkBVIs0="},"indexInfo":{"baseKey":"BZZA6tA43RKLbq0Tnij63ERiXFCuyGHDpvjm00JAAHtc","baseKeyType":1,"closed":-1,"used":1691325928555,"created":1691325928555,"remoteIdentityKey":"BRE1i1x2OfexVD2Zt39rYkLWjeDKaFQp9nKo9lf+pkld"},"_chains":{"BdJKTRhgwLQRY7li1tuwFVFOCGYfiBctZbKMPu+eFj4M":{"chainKey":{"counter":1,"key":"MWjNqUN8qiQRZY0vql5HxBrEVGASEApo8ISu+qstb/s="},"chainType":1,"messageKeys":{}}},"pendingPreKey":{"signedKeyId":5,"baseKey":"BZZA6tA43RKLbq0Tnij63ERiXFCuyGHDpvjm00JAAHtc","preKeyId":11975604}}},"version":"v1"}