{"_sessions":{"BQN5ivibFIC0fdRZL2LbkeUnc7MjH64pNi/OlWVP4+sd":{"registrationId":2047070662,"currentRatchet":{"ephemeralKeyPair":{"pubKey":"BaVnr3Q8aT/lDH2MbeqELYJid2nMg3i4w0tgHATA5zQh","privKey":"UMezgg1kkF7uQULmO/MZMQD2cBq1+Bqlm+HfS3f8MUI="},"lastRemoteEphemeralKey":"BX554SHLdndnxwtTcHT0wRsdNLMTRjsRfFh/fKN3iqtK","previousCounter":0,"rootKey":"LnIz0VaDiwawFsSCYghFlAXRUGgacPwjEfruuYnbgh0="},"indexInfo":{"baseKey":"BQN5ivibFIC0fdRZL2LbkeUnc7MjH64pNi/OlWVP4+sd","baseKeyType":1,"closed":-1,"used":1691326022244,"created":1691326022244,"remoteIdentityKey":"BdYkp7ty89exCl1sHZuxK+ZIieASSPXl2hBGN1aiBFMF"},"_chains":{"BaVnr3Q8aT/lDH2MbeqELYJid2nMg3i4w0tgHATA5zQh":{"chainKey":{"counter":0,"key":"7RzeklVCBdmUV5AGcO1FYcNG7mPHgOK18iDJ5+/oECs="},"chainType":1,"messageKeys":{}}},"pendingPreKey":{"signedKeyId":2,"baseKey":"BQN5ivibFIC0fdRZL2LbkeUnc7MjH64pNi/OlWVP4+sd"}}},"version":"v1"}