{"_sessions":{"BRw0Ni6Eq8HPf1iZCCFzIsM5ROiSwkpOrQWWLTj9rmNb":{"registrationId":1207509516,"currentRatchet":{"ephemeralKeyPair":{"pubKey":"BceopFt7k63Qa1EzN8IzJ64n1tl1r+8hmUGKhf51Mhsg","privKey":"6N5H9IKOmFM5q5o8K8N9cyxRRTI58ySXV5jg9lXiRmY="},"lastRemoteEphemeralKey":"BdLxwUZATc6ebXHa2nk+0QqrUwnJgEGguP7zbLiuAdE3","previousCounter":0,"rootKey":"kbLdPwibkNtkiK8wjYWjK8g5LBhWtOQ2HnkpsLLvdyc="},"indexInfo":{"baseKey":"BRw0Ni6Eq8HPf1iZCCFzIsM5ROiSwkpOrQWWLTj9rmNb","baseKeyType":1,"closed":-1,"used":1691325928754,"created":1691325928754,"remoteIdentityKey":"BaBIt08fCCrxVhIjSvdd1DTi0mag/3dKQ5Lb2Z091Aw7"},"_chains":{"BceopFt7k63Qa1EzN8IzJ64n1tl1r+8hmUGKhf51Mhsg":{"chainKey":{"counter":1,"key":"FeDXJytxl9BgIlMdoOsVvf3M+YzAA3r63GZibIt0CCM="},"chainType":1,"messageKeys":{}}},"pendingPreKey":{"signedKeyId":3,"baseKey":"BRw0Ni6Eq8HPf1iZCCFzIsM5ROiSwkpOrQWWLTj9rmNb","preKeyId":3240365}}},"version":"v1"}