{"_sessions":{"BSlUCIYVKqU9AXBsqVIo2OZuwui/coagb/sMXDXdbERD":{"registrationId":641351365,"currentRatchet":{"ephemeralKeyPair":{"pubKey":"BUN0TvJma/B2HtjopRSX5IX0FMDHpoqtYOBPkAHvWGoZ","privKey":"AJbXjHbDhvmdKLbxsWv1XjsdMvduNE1QPegx4Sltu1o="},"lastRemoteEphemeralKey":"BemCPU9H3WWs2ULjddVJWROetpkdUUg8CKEnN6ZFnBR2","previousCounter":0,"rootKey":"+RHDonEs1aBaZxKvOXFKjlY2ImtGvTGQn92uyCgYkbs="},"indexInfo":{"baseKey":"BSlUCIYVKqU9AXBsqVIo2OZuwui/coagb/sMXDXdbERD","baseKeyType":1,"closed":-1,"used":1691326019666,"created":1691326019666,"remoteIdentityKey":"Bci2jQ9BoCvd73QC+oXX9REXCTgqrf9741LeheE6rPBS"},"_chains":{"BUN0TvJma/B2HtjopRSX5IX0FMDHpoqtYOBPkAHvWGoZ":{"chainKey":{"counter":0,"key":"0icMcQ6yJydNz7Mrgx9yjkGAax7hj3HiD6QJyADCj0c="},"chainType":1,"messageKeys":{}}},"pendingPreKey":{"signedKeyId":0,"baseKey":"BSlUCIYVKqU9AXBsqVIo2OZuwui/coagb/sMXDXdbERD"}}},"version":"v1"}