{"_sessions":{"BazbcRplDwrPVH7lAszv3wiYqJrI/NPk7SkANdpsygA3":{"registrationId":363893057,"currentRatchet":{"ephemeralKeyPair":{"pubKey":"Bf2k6/jor/qbLzthX6vdjEUJyJodbDqREgq85dCO6xM/","privKey":"eOQjZqyGGCocIv2qys/Ey1+cpvC2NF3PRm1MBHczPWE="},"lastRemoteEphemeralKey":"BTJwClo6w1+RaJgwqyrgxRFyWIu+dA8XBKpMbg3s3Xhu","previousCounter":0,"rootKey":"dYr14GrHz5vxk2caeJkp+0tV6qnEevI2AoHqAA2rNs8="},"indexInfo":{"baseKey":"BazbcRplDwrPVH7lAszv3wiYqJrI/NPk7SkANdpsygA3","baseKeyType":1,"closed":-1,"used":1691325929757,"created":1691325929757,"remoteIdentityKey":"BTPhI5Mop+Ol0x6qn4dWN9qFW8yYrOZAG+KMV8Gp5/sf"},"_chains":{"Bf2k6/jor/qbLzthX6vdjEUJyJodbDqREgq85dCO6xM/":{"chainKey":{"counter":1,"key":"mEWpCqsfF/iDnp0Lvz6dvWej26w6d08QQ6ocbiGUDyE="},"chainType":1,"messageKeys":{}}},"pendingPreKey":{"signedKeyId":1,"baseKey":"BazbcRplDwrPVH7lAszv3wiYqJrI/NPk7SkANdpsygA3","preKeyId":12823143}}},"version":"v1"}