{"_sessions":{"BYi2d0B5EYYwEKs6mO+rwm8RqUeyNgIT1W4vv0IPu3cM":{"registrationId":1803465371,"currentRatchet":{"ephemeralKeyPair":{"pubKey":"BfrgF2jTC0t+qwCOVYCDWZKaUekEzW9m+d5GXBp9VoJt","privKey":"YKa3BJNz3ti42SJNiBKHcha9BT20W8ewSjBuHpcDkUs="},"lastRemoteEphemeralKey":"BR2K56GNMHxn4winnJGBQLZ5IcGNsr9p2iqnOOlcVMdl","previousCounter":0,"rootKey":"gf/sFVl+emjX2CMkjkt+Cv7TAaamSEje2kTITNxnJwc="},"indexInfo":{"baseKey":"BYi2d0B5EYYwEKs6mO+rwm8RqUeyNgIT1W4vv0IPu3cM","baseKeyType":1,"closed":-1,"used":1691326021330,"created":1691326021330,"remoteIdentityKey":"BSoqTBOL4Ai77ivNrP/4msM/u4JwEs9dIFXp5tVc12Af"},"_chains":{"BfrgF2jTC0t+qwCOVYCDWZKaUekEzW9m+d5GXBp9VoJt":{"chainKey":{"counter":0,"key":"azFr0zV223iyJiSPPVZF3TmmV+qqoIj+MDsCQIfx2Bw="},"chainType":1,"messageKeys":{}}},"pendingPreKey":{"signedKeyId":1,"baseKey":"BYi2d0B5EYYwEKs6mO+rwm8RqUeyNgIT1W4vv0IPu3cM"}}},"version":"v1"}