{"_sessions":{"BbfStNF+DIYyYJAqgxt8+0YRYZAL4+uovEsMZKE5Vm5f":{"registrationId":1374549597,"currentRatchet":{"ephemeralKeyPair":{"pubKey":"Be6I/mB6FLUKcVphaFPIkBDeI3CpKHA9QUK0IQqZgABU","privKey":"EC4N7lTGwOS768/dbWciKbNWiSQtvfwu9Uu3NC6Nd18="},"lastRemoteEphemeralKey":"BcIcHzvf9ZgSlBH7jsI9tIxv33lNRDUyancCneLNQUJ9","previousCounter":0,"rootKey":"XVP1EPIVnV56KlF8rutKqWgnsWrSE4/jkVzeBBMrOIo="},"indexInfo":{"baseKey":"BbfStNF+DIYyYJAqgxt8+0YRYZAL4+uovEsMZKE5Vm5f","baseKeyType":1,"closed":-1,"used":1691326021038,"created":1691326021038,"remoteIdentityKey":"BfUeFUxgTTXNwiKOkkCQrB6ew+1CsL5D6dTJFuC5Kolg"},"_chains":{"Be6I/mB6FLUKcVphaFPIkBDeI3CpKHA9QUK0IQqZgABU":{"chainKey":{"counter":0,"key":"+GVimVN7NCEYM/ow3aaDnbqSB7SbE+jPnE9MwVoyJLc="},"chainType":1,"messageKeys":{}}},"pendingPreKey":{"signedKeyId":1,"baseKey":"BbfStNF+DIYyYJAqgxt8+0YRYZAL4+uovEsMZKE5Vm5f"}}},"version":"v1"}