{"_sessions":{"Bb8FOqrPfTrrbdgkO4muLRQHq9XTUh93N4rNHeplktwZ":{"registrationId":712034170,"currentRatchet":{"ephemeralKeyPair":{"pubKey":"BXuNHXWtqqj5saqD6n7DzGHZdugLEOcS7joI5TpOxkAQ","privKey":"INvpSitKR7IkotkIz7q/VU7vfOeg96oQ36WI100zM3w="},"lastRemoteEphemeralKey":"BUJJUqSSxgQQ6tBaxngqg5tes2mZrTAXA4EPlBNNIR13","previousCounter":0,"rootKey":"5oJWJjxA5deaGd/YcrgQspY9LDqGRmPqcb3Bm7coMlw="},"indexInfo":{"baseKey":"Bb8FOqrPfTrrbdgkO4muLRQHq9XTUh93N4rNHeplktwZ","baseKeyType":1,"closed":-1,"used":1691326020947,"created":1691326020947,"remoteIdentityKey":"BSZrxOmfUr9NKFpGRZ2Ek/OL8kXTdM9t7x/32E3gKoht"},"_chains":{"BXuNHXWtqqj5saqD6n7DzGHZdugLEOcS7joI5TpOxkAQ":{"chainKey":{"counter":0,"key":"WAoeazCQYrqXRS6ywIdRkwzh4qfNbnvBLef2gFhkOn8="},"chainType":1,"messageKeys":{}}},"pendingPreKey":{"signedKeyId":10,"baseKey":"Bb8FOqrPfTrrbdgkO4muLRQHq9XTUh93N4rNHeplktwZ","preKeyId":612984}}},"version":"v1"}