{"_sessions":{"BU0YdFS5p/OZH1C9dm+bs1UrF0kAz0OVQhM4PcQFrkNO":{"registrationId":1178010842,"currentRatchet":{"ephemeralKeyPair":{"pubKey":"BfdyKWv9d6nXmEwcAuedw5IBo1+9sooGOHIJBP0BFcID","privKey":"kHqciV9ZhhCRJKNJWNvCPh1Wgc2ssmzAVK1667lZ50s="},"lastRemoteEphemeralKey":"BW4h+S9gcFXClfD2YyGeZNVpKbqrIHdPqrj5h+rDl+cP","previousCounter":0,"rootKey":"c74N9YlknmYaE2CzC2UxHmxh+d2ifKYYwnx9aTl+YTU="},"indexInfo":{"baseKey":"BU0YdFS5p/OZH1C9dm+bs1UrF0kAz0OVQhM4PcQFrkNO","baseKeyType":1,"closed":-1,"used":1691326025339,"created":1691326025339,"remoteIdentityKey":"BWq9bwgH2zpBPQYmJ2ueiVFGTTXou9kPjgvQHwp2Ultb"},"_chains":{"BfdyKWv9d6nXmEwcAuedw5IBo1+9sooGOHIJBP0BFcID":{"chainKey":{"counter":0,"key":"SV/ysiF4ZltENSqifB33Z3ejhACqWR4bTrAOQ/aPgyI="},"chainType":1,"messageKeys":{}}},"pendingPreKey":{"signedKeyId":5,"baseKey":"BU0YdFS5p/OZH1C9dm+bs1UrF0kAz0OVQhM4PcQFrkNO","preKeyId":515426}}},"version":"v1"}