{"_sessions":{"BTCeMm2ud9nDcvTJ7TGfFZhWsTd/gperDvkaVN8QLSwu":{"registrationId":1278409991,"currentRatchet":{"ephemeralKeyPair":{"pubKey":"BcCWFJjJC7lbtR6UAdbyYsTX9Zt9prME0d45CF1aAJYr","privKey":"WIUBEoGHg2AaeZZ+u+hZR4CLdpSw1NirdB5Ku7JPKFs="},"lastRemoteEphemeralKey":"BYdKQdM579xaFgJvotbLgn/L23ks22cdfX+wFGzdJTJf","previousCounter":0,"rootKey":"M7hnsltq9KVjzz4RLDaPFZR+ENt82fjAHO56mEUH6d8="},"indexInfo":{"baseKey":"BTCeMm2ud9nDcvTJ7TGfFZhWsTd/gperDvkaVN8QLSwu","baseKeyType":1,"closed":-1,"used":1691326022229,"created":1691326022229,"remoteIdentityKey":"BcciwqRJvMfq/dCeBpuPzCT1SpGgBp5TWBUpXUQ08S41"},"_chains":{"BcCWFJjJC7lbtR6UAdbyYsTX9Zt9prME0d45CF1aAJYr":{"chainKey":{"counter":0,"key":"u3SF41ltPQqG2U+af4+mJSEpsR1D5ocZTdrpF+iKw0Q="},"chainType":1,"messageKeys":{}}},"pendingPreKey":{"signedKeyId":1,"baseKey":"BTCeMm2ud9nDcvTJ7TGfFZhWsTd/gperDvkaVN8QLSwu","preKeyId":7894955}}},"version":"v1"}