{"_sessions":{"BWkZjpY1lfcXlp98NxuiDvrTy3ywm/dl///2UG7e0Xhw":{"registrationId":2028298687,"currentRatchet":{"ephemeralKeyPair":{"pubKey":"BXMo7FA+sUzTchPIIkNiUPOW3Rfz6PtvVxNOYAD2pG0B","privKey":"CKLO5eNT7j4k8OCsWG6o9/KqW7brNE2vmsAEzuXC1WU="},"lastRemoteEphemeralKey":"BTyZhp4tHmOacDHNzhj9FROsS7iKF2x5/JgQejh/eHRr","previousCounter":0,"rootKey":"gQU+i90QnnYGeN9gsPhq7+eVYVk+BcwvPcxqTKGGJd8="},"indexInfo":{"baseKey":"BWkZjpY1lfcXlp98NxuiDvrTy3ywm/dl///2UG7e0Xhw","baseKeyType":1,"closed":-1,"used":1691326018873,"created":1691326018873,"remoteIdentityKey":"BbIf5I/TAfI5pHE8gIDRar0GisNARpMmX37OlNFx/sJM"},"_chains":{"BXMo7FA+sUzTchPIIkNiUPOW3Rfz6PtvVxNOYAD2pG0B":{"chainKey":{"counter":0,"key":"k+T/D0ZyQMEGHFrbLvO5nfIWmPUUOHD6bC4mB5yCHFI="},"chainType":1,"messageKeys":{}}},"pendingPreKey":{"signedKeyId":9,"baseKey":"BWkZjpY1lfcXlp98NxuiDvrTy3ywm/dl///2UG7e0Xhw","preKeyId":8473589}}},"version":"v1"}