{"_sessions":{"BWHn/lclXxa8YzeLnygcHFBI693RA+K7xag8q0i3Jk9R":{"registrationId":1521955418,"currentRatchet":{"ephemeralKeyPair":{"pubKey":"Bevdn+bxBcvdEtUAwnjBkjieiw2ZMggfesrVT6N0msZD","privKey":"4CxrT53E9NcGMja1IazJmLTl7TMocbRUuPbheL8Z/lM="},"lastRemoteEphemeralKey":"BXzeNn0P9dc/Ln2Co/h1TUXuxNc8RJBXujMXvQBJRjlq","previousCounter":0,"rootKey":"6gYQFTk+/bYlRA1yiK5tDFaUfpPUkjbyc40HworwUq0="},"indexInfo":{"baseKey":"BWHn/lclXxa8YzeLnygcHFBI693RA+K7xag8q0i3Jk9R","baseKeyType":1,"closed":-1,"used":1691326019249,"created":1691326019249,"remoteIdentityKey":"BXJqnZQTtTyRsAt6fpFg1gTZYzSIfjV8S2z+vsKFj6sJ"},"_chains":{"Bevdn+bxBcvdEtUAwnjBkjieiw2ZMggfesrVT6N0msZD":{"chainKey":{"counter":0,"key":"eWFnh6R1AnMxk9i3IedPlQg7TNNdph2yEnvnJvEBEBU="},"chainType":1,"messageKeys":{}}},"pendingPreKey":{"signedKeyId":1,"baseKey":"BWHn/lclXxa8YzeLnygcHFBI693RA+K7xag8q0i3Jk9R","preKeyId":15111385}}},"version":"v1"}