{"_sessions":{"BbAnu+Sj2I/dpAnvNBsoiGqMs7vGKnwHkeJu8HNfThAe":{"registrationId":231876316,"currentRatchet":{"ephemeralKeyPair":{"pubKey":"BVp9AjfmxuX22EuH+Bf8dLbCNpNfhEpdRvS7trBz/DsO","privKey":"KMm5mnbsIwuDNp2pbqYZa2IJTo94rxsR2bciZBUSiH4="},"lastRemoteEphemeralKey":"Bf1Y0WBfIwIL2rJwHk3WHy2rup9Xpm9oOQoajz2pilh4","previousCounter":0,"rootKey":"jCcHnf3R5fVTf1wIMC4MnLav1YCUE6CAMnPSfjOQK/k="},"indexInfo":{"baseKey":"BbAnu+Sj2I/dpAnvNBsoiGqMs7vGKnwHkeJu8HNfThAe","baseKeyType":1,"closed":-1,"used":1691326024672,"created":1691326024672,"remoteIdentityKey":"BdU0axLZkVPWS/VQI+er62cBGq/kt7XpGOe4CfRDKFVt"},"_chains":{"BVp9AjfmxuX22EuH+Bf8dLbCNpNfhEpdRvS7trBz/DsO":{"chainKey":{"counter":0,"key":"/Ad/g3xYboJ2QQO4Qs6ISg3VppxzUonHkSk6deawrbE="},"chainType":1,"messageKeys":{}}},"pendingPreKey":{"signedKeyId":4,"baseKey":"BbAnu+Sj2I/dpAnvNBsoiGqMs7vGKnwHkeJu8HNfThAe"}}},"version":"v1"}