{"_sessions":{"Bbp26omsZfYBzb1OwcoL7FZbF0mR/BAwFVAZzgPkOINF":{"registrationId":225577275,"currentRatchet":{"ephemeralKeyPair":{"pubKey":"BTSOFQRQrhbehIxepwb8ie/H+aQIMNFsDLX+xrbCilt9","privKey":"uMAjJCNHUdupZokkJTuY6CqoXjbLQYtQhvANk9jcAEY="},"lastRemoteEphemeralKey":"BQkSfYaJEu0dqFP4RA2rhivfTlxBHqDv+76U9N2K7Wga","previousCounter":0,"rootKey":"JeWC4bSOXUzQP6pX4MBO1IAHCJ44+rU5eMJSsDUDt30="},"indexInfo":{"baseKey":"Bbp26omsZfYBzb1OwcoL7FZbF0mR/BAwFVAZzgPkOINF","baseKeyType":1,"closed":-1,"used":1691326019834,"created":1691326019834,"remoteIdentityKey":"BQdJqs1E/iYcDGFqSatg5AzGYLfh9x2Uz/SEsOFPc7c5"},"_chains":{"BTSOFQRQrhbehIxepwb8ie/H+aQIMNFsDLX+xrbCilt9":{"chainKey":{"counter":0,"key":"CVznxt9tNjTS94cGQupmSe8rLqjoHNTjwj4yi/sxsjg="},"chainType":1,"messageKeys":{}}},"pendingPreKey":{"signedKeyId":4,"baseKey":"Bbp26omsZfYBzb1OwcoL7FZbF0mR/BAwFVAZzgPkOINF"}}},"version":"v1"}