{"_sessions":{"BRCV4pEjiI+jtkX/yhLvlPQnWEKxlQj7cvHJQt7Iwrwl":{"registrationId":254095130,"currentRatchet":{"ephemeralKeyPair":{"pubKey":"BYYkY8KxdTrCfIZbQ/kOWrnVHrgAkht0t8nV+DtudOAb","privKey":"4LuULSIuS+jcLuNxwCvoG8IvgTY4n3ctX9UMeeQs9FU="},"lastRemoteEphemeralKey":"BQ0CZJ4MhHbC10pxSABRQbKLHVR+3iG3bH5U7214/Cgu","previousCounter":0,"rootKey":"oa9tEZzeEdJZes3PMRTuma79Q0vODfE9sfcsvDk9i2o="},"indexInfo":{"baseKey":"BRCV4pEjiI+jtkX/yhLvlPQnWEKxlQj7cvHJQt7Iwrwl","baseKeyType":1,"closed":-1,"used":1691326020668,"created":1691326020668,"remoteIdentityKey":"BbB4oUUUT2wycXo5x/DZcRnou74zgFQ++WM5On1Q22Vd"},"_chains":{"BYYkY8KxdTrCfIZbQ/kOWrnVHrgAkht0t8nV+DtudOAb":{"chainKey":{"counter":0,"key":"YowIgjUPxPF6Dm5Po2UMh0oShtNt8o+BJtFz/O7q7aU="},"chainType":1,"messageKeys":{}}},"pendingPreKey":{"signedKeyId":31,"baseKey":"BRCV4pEjiI+jtkX/yhLvlPQnWEKxlQj7cvHJQt7Iwrwl","preKeyId":6425742}}},"version":"v1"}