{"_sessions":{"BSADCSjrSag9Uwjx+Fgj8P3IsSktHnuBzyAWv//jY24p":{"registrationId":1143951819,"currentRatchet":{"ephemeralKeyPair":{"pubKey":"BdCqsjgrGrHZ7zamqE4NWaDLoMn8cykCduRqLsT41Bkx","privKey":"CNDSBLO2DXvR6uh0kolnO07gj9ZCcdGlgB5IpU/mhmg="},"lastRemoteEphemeralKey":"BVrMbG5mr+Cv9DAvPbIejxSR4gJgMDeOb7vU72UpzA8w","previousCounter":0,"rootKey":"axZ3mCxYnMp35p4mOKbXEghVYMFyAbJLrO0/BUIHJ2w="},"indexInfo":{"baseKey":"BSADCSjrSag9Uwjx+Fgj8P3IsSktHnuBzyAWv//jY24p","baseKeyType":1,"closed":-1,"used":1691326022959,"created":1691326022959,"remoteIdentityKey":"BWGfn8Q4/0Q+B/UrCPAvi6sXtNkannrolybTMEIiRIR8"},"_chains":{"BdCqsjgrGrHZ7zamqE4NWaDLoMn8cykCduRqLsT41Bkx":{"chainKey":{"counter":0,"key":"cJVrM47ReJpRkvULsxWu7EunvsOQIWTwsY19TA346yg="},"chainType":1,"messageKeys":{}}},"pendingPreKey":{"signedKeyId":7,"baseKey":"BSADCSjrSag9Uwjx+Fgj8P3IsSktHnuBzyAWv//jY24p","preKeyId":7332510}}},"version":"v1"}