{"_sessions":{"BWuTowFzvCTmWXus/gWP6i9C2HDLUcGMddBEeHfRV4F7":{"registrationId":1814050025,"currentRatchet":{"ephemeralKeyPair":{"pubKey":"BWu716j78FtlyVHIIWg+9ZrnfgNtNDkxdqlmYiJqiRt6","privKey":"mC3FCh6wzhJhmBiWrfMIiPFY6P6E0tJzehUrY+sRjXA="},"lastRemoteEphemeralKey":"BfYxgQ9xt/8QC5zapXSGrJTeAzNT0hjZRU4NKp4vLQ4B","previousCounter":0,"rootKey":"v98wHE4LcKczTfLiiXX0j+tvfelRDjyiy9+Crb02rtM="},"indexInfo":{"baseKey":"BWuTowFzvCTmWXus/gWP6i9C2HDLUcGMddBEeHfRV4F7","baseKeyType":1,"closed":-1,"used":1691325929346,"created":1691325929346,"remoteIdentityKey":"BVE9rHNrA04OVenVMctTzwoedOHasvHG5euPpUt3T2h2"},"_chains":{"BWu716j78FtlyVHIIWg+9ZrnfgNtNDkxdqlmYiJqiRt6":{"chainKey":{"counter":1,"key":"g/tFHaY0OiPFHwsZjZAE/xB9w77mTZJz79YECy+eawg="},"chainType":1,"messageKeys":{}}},"pendingPreKey":{"signedKeyId":2,"baseKey":"BWuTowFzvCTmWXus/gWP6i9C2HDLUcGMddBEeHfRV4F7","preKeyId":1775750}}},"version":"v1"}