{"_sessions":{"BQPD0IQxEU8b9AyBqqC6IU1LJotKBnWIySFE6FDZ0Cp/":{"registrationId":308280438,"currentRatchet":{"ephemeralKeyPair":{"pubKey":"BT1iNby1kaqbzY/neVuAt0vgkdeErxf3mFGoctw0P4Vj","privKey":"EHAiOc0JXSKTNQiNUVHy7tCoJpey8wkzlneo8SZrglQ="},"lastRemoteEphemeralKey":"BZRgHnqkpEVOT8B+jF36UEZgmPTr5ADHYNmDaYylQQQj","previousCounter":0,"rootKey":"hCKB1XHBYz0yeCxbUxos43h06PBtVYTquMORRr6fkGs="},"indexInfo":{"baseKey":"BQPD0IQxEU8b9AyBqqC6IU1LJotKBnWIySFE6FDZ0Cp/","baseKeyType":1,"closed":-1,"used":1691325928769,"created":1691325928769,"remoteIdentityKey":"BX9g3KIg9ArhFqXmo/Cn5sK6FRH4Xyu2N/pqEJedGEAt"},"_chains":{"BT1iNby1kaqbzY/neVuAt0vgkdeErxf3mFGoctw0P4Vj":{"chainKey":{"counter":2,"key":"XXg2xKFFKpPu50PUAm/y6mFpDRzu3ZglP4ubfS/n9a4="},"chainType":1,"messageKeys":{}}},"pendingPreKey":{"signedKeyId":1,"baseKey":"BQPD0IQxEU8b9AyBqqC6IU1LJotKBnWIySFE6FDZ0Cp/","preKeyId":11492291}}},"version":"v1"}