{"_sessions":{"BXgf2EimsU03ekS1FNhyBhyHomYFMhgn1up03pG04Wsz":{"registrationId":925081708,"currentRatchet":{"ephemeralKeyPair":{"pubKey":"BbTfVs3YjGwn2f12cgFpm4RmHyQ4m1qgd25lDA5a2Kpb","privKey":"EIb5lSE23I5xH8x7pK8+7qa0CHRJj7MP7z+yNOESsEU="},"lastRemoteEphemeralKey":"BYo+tt4SVKI+g4ZqRccmM4XRDEcywY4HCv0OIuZKm5dk","previousCounter":0,"rootKey":"YUP2XEGbv4yYEcZMT31sd4wNQHbYb7DNWuSD/vIZDxg="},"indexInfo":{"baseKey":"BXgf2EimsU03ekS1FNhyBhyHomYFMhgn1up03pG04Wsz","baseKeyType":1,"closed":-1,"used":1691326024574,"created":1691326024574,"remoteIdentityKey":"Bd/E71ubbYRyiKTbctnCjS2ynH2iryfZzfO4b1xKw895"},"_chains":{"BbTfVs3YjGwn2f12cgFpm4RmHyQ4m1qgd25lDA5a2Kpb":{"chainKey":{"counter":0,"key":"V5x5cAn7shzDDG6CaKBuP4ONnnsTIAhW62Hi9vAW+a4="},"chainType":1,"messageKeys":{}}},"pendingPreKey":{"signedKeyId":3,"baseKey":"BXgf2EimsU03ekS1FNhyBhyHomYFMhgn1up03pG04Wsz"}}},"version":"v1"}