{"_sessions":{"BaRd/tHiIZ7NEIuROy2SB8GTrm2kHPTXWBq+h/OI47lN":{"registrationId":1623171179,"currentRatchet":{"ephemeralKeyPair":{"pubKey":"BTbtRmwWbs1SMSMv0/P0QBau5/scY8p4tNpXxnI1JnA1","privKey":"eHXQSM4QRoyyS664xWlk4Ez/X1w2stGl+t0p8y+JB0c="},"lastRemoteEphemeralKey":"BfnQDThlcJ0teZsFyfU/ya+nR5lphDguuO2ewhLLM7xx","previousCounter":0,"rootKey":"z7JGaaQZZBaoXNoN8756RwSGC/oRSkgPhZRF9UY+jRE="},"indexInfo":{"baseKey":"BaRd/tHiIZ7NEIuROy2SB8GTrm2kHPTXWBq+h/OI47lN","baseKeyType":1,"closed":-1,"used":1691326020355,"created":1691326020355,"remoteIdentityKey":"BeFyop6hDh/PsCNCc5Im3tmRzQUCTB4a2FYc7pwL3Ygc"},"_chains":{"BTbtRmwWbs1SMSMv0/P0QBau5/scY8p4tNpXxnI1JnA1":{"chainKey":{"counter":0,"key":"BeeJrPKAy/WkjhnPSBGxEcwGxZMI1WkuxFkJNKem0hc="},"chainType":1,"messageKeys":{}}},"pendingPreKey":{"signedKeyId":1,"baseKey":"BaRd/tHiIZ7NEIuROy2SB8GTrm2kHPTXWBq+h/OI47lN"}}},"version":"v1"}