{"_sessions":{"BRmmMa0pSAI5/l0v9VxND8naY1heOd+Z9ZpgdA28BEVF":{"registrationId":1519460751,"currentRatchet":{"ephemeralKeyPair":{"pubKey":"BYLyVbUDkZ/srqMiWsnQGNuAuJsBOyiKSIGJZbHHJ1MB","privKey":"8P1vvJ6mAbYO+BRtYYayH4jUteVt6m2wydD+H60LVG4="},"lastRemoteEphemeralKey":"BbO1oM/5ZroHWswASp+0FKbucwBPAEy5TfyjCoyPcbdN","previousCounter":0,"rootKey":"oTQP3lHIujCngCunjOhSRSQ+Pdc95cNYQIGqiQmFhR4="},"indexInfo":{"baseKey":"BRmmMa0pSAI5/l0v9VxND8naY1heOd+Z9ZpgdA28BEVF","baseKeyType":1,"closed":-1,"used":1691326021545,"created":1691326021545,"remoteIdentityKey":"BXsmgzbdLFmXtSfqoOnpzjJNVKooz9+Rx14uXzpabTUQ"},"_chains":{"BYLyVbUDkZ/srqMiWsnQGNuAuJsBOyiKSIGJZbHHJ1MB":{"chainKey":{"counter":0,"key":"5xufl3Pi74jsjTRGDCZbFPNVXU+APP2f6mlvP0Z4DoU="},"chainType":1,"messageKeys":{}}},"pendingPreKey":{"signedKeyId":3,"baseKey":"BRmmMa0pSAI5/l0v9VxND8naY1heOd+Z9ZpgdA28BEVF","preKeyId":7951373}}},"version":"v1"}