{"_sessions":{"BWKyqxgIxIYngbiX7hX472Bv/PlZapal0D+B0bKkuipS":{"registrationId":1222298320,"currentRatchet":{"ephemeralKeyPair":{"pubKey":"BcZp+FcWoCh933LH6tpW8M97sWwIKr3hnbRdOXnsh6BX","privKey":"8Hov2xFj8Mx12OgQJfWvjN0rXMZ7KCokS4k9yxnUcFQ="},"lastRemoteEphemeralKey":"BUzPs171/pQgy6t0sEwWrB77MCMUjughMuOcr057SrRF","previousCounter":0,"rootKey":"5ryIdkLqT4PcbjDQ87IWmnkFLx9xNumFHFGCfuSVo3E="},"indexInfo":{"baseKey":"BWKyqxgIxIYngbiX7hX472Bv/PlZapal0D+B0bKkuipS","baseKeyType":1,"closed":-1,"used":1691326025448,"created":1691326025448,"remoteIdentityKey":"BQ0piD5e8UsMcT7i78Y7l2lAmZDWrUIEZIfQm6buzHcz"},"_chains":{"BcZp+FcWoCh933LH6tpW8M97sWwIKr3hnbRdOXnsh6BX":{"chainKey":{"counter":0,"key":"/tWSAclMK7ZackSRPnkAQh1ApeIlkUzSi5I80nYKhj0="},"chainType":1,"messageKeys":{}}},"pendingPreKey":{"signedKeyId":1,"baseKey":"BWKyqxgIxIYngbiX7hX472Bv/PlZapal0D+B0bKkuipS"}}},"version":"v1"}