{"_sessions":{"BR/DJOroaeoikAcEXZ9CfV+ol+y1bhExeHDslbf3XBhf":{"registrationId":1969500559,"currentRatchet":{"ephemeralKeyPair":{"pubKey":"BQXYdhliXat/CG5SCmjv9Afi7A5jmnU8xpZBrKMPN25N","privKey":"CIHI0o2VMfp+zD1wOGiLTUV2IcXMWrQqW7HzMNjbrU8="},"lastRemoteEphemeralKey":"BUiNCtDMpsj4Mcqo4ZG5D/J13c0MBwtCJTHbl0SzPikk","previousCounter":0,"rootKey":"fXtQQgebCHvXJTdM49olsE1JrVQpIF8Po9E/9fowI8o="},"indexInfo":{"baseKey":"BR/DJOroaeoikAcEXZ9CfV+ol+y1bhExeHDslbf3XBhf","baseKeyType":1,"closed":-1,"used":1691325928675,"created":1691325928675,"remoteIdentityKey":"BcZmsHO6oEhLrlfEX31nVZAtIbz9uqeWKzeBgW+JHLMf"},"_chains":{"BQXYdhliXat/CG5SCmjv9Afi7A5jmnU8xpZBrKMPN25N":{"chainKey":{"counter":1,"key":"vwtjUDqjpY3QD0fKde0qLEWG8rxyAFFGydkt0CGxLuc="},"chainType":1,"messageKeys":{}}},"pendingPreKey":{"signedKeyId":31,"baseKey":"BR/DJOroaeoikAcEXZ9CfV+ol+y1bhExeHDslbf3XBhf","preKeyId":12875381}}},"version":"v1"}