{"_sessions":{"BUxU0BsPma8JjUVmCFsyTHrw5DhCb1l47+XH8Aq8vlgA":{"registrationId":1509072737,"currentRatchet":{"ephemeralKeyPair":{"pubKey":"BRwxKJ9zgV2OLugY/i7Alj8rVZH7R4sXQUptqhJ4FmEh","privKey":"EF2zYn5hfwBBwE/qjmuqBxraB/l1LQAmGRS3VNxPnEo="},"lastRemoteEphemeralKey":"BfxujqLP+z4rRE9tgR6L+8+CqzTuff/DBBcQDyWyinQm","previousCounter":0,"rootKey":"1HjHEmRG5adMerNcglH5HCZ9qgnSxvJUz/BTIApTAgY="},"indexInfo":{"baseKey":"BUxU0BsPma8JjUVmCFsyTHrw5DhCb1l47+XH8Aq8vlgA","baseKeyType":1,"closed":-1,"used":1691325929353,"created":1691325929353,"remoteIdentityKey":"Bb2YsM3EQIo+s+1v3BiA6OcjrIewp97FxoXlqN78RhEb"},"_chains":{"BRwxKJ9zgV2OLugY/i7Alj8rVZH7R4sXQUptqhJ4FmEh":{"chainKey":{"counter":1,"key":"T9SXP1mALsKtixT2D4i6XOWe72jxlBMNf1IQer86xgg="},"chainType":1,"messageKeys":{}}},"pendingPreKey":{"signedKeyId":4,"baseKey":"BUxU0BsPma8JjUVmCFsyTHrw5DhCb1l47+XH8Aq8vlgA"}}},"version":"v1"}