{"_sessions":{"BUPXjJRXE/BTlRii1znEpD1NpRhJOpBGjC9ZMJkn2M5M":{"registrationId":1064108502,"currentRatchet":{"ephemeralKeyPair":{"pubKey":"BVtFVzuv+Nhu9AM9bbaqDL3Bzcupgukh0WqBsnCYl4JL","privKey":"OJK3GoLtlwtutEsnmaKJQ3KQcjnVOos0zCyLr32sf0Y="},"lastRemoteEphemeralKey":"BX3++EjCc2zYCJOfxuVTQornkZKev9dDUl0MZUBidRMT","previousCounter":0,"rootKey":"NvaXX7PuGC+lfrVHLibcYOLfTLX+uZ8lro++O0goZEw="},"indexInfo":{"baseKey":"BUPXjJRXE/BTlRii1znEpD1NpRhJOpBGjC9ZMJkn2M5M","baseKeyType":1,"closed":-1,"used":1691326020860,"created":1691326020860,"remoteIdentityKey":"BVv6qwdHdYrmqasBJVNTRljULKHAxkxYDxzsv9yv5O1Z"},"_chains":{"BVtFVzuv+Nhu9AM9bbaqDL3Bzcupgukh0WqBsnCYl4JL":{"chainKey":{"counter":0,"key":"9Rd3VbN0DY56wvQxBLkE20T22QFTMibhImQGHc3ZZIg="},"chainType":1,"messageKeys":{}}},"pendingPreKey":{"signedKeyId":0,"baseKey":"BUPXjJRXE/BTlRii1znEpD1NpRhJOpBGjC9ZMJkn2M5M","preKeyId":1851448}}},"version":"v1"}