{"_sessions":{"BScht084wlG25NK0WEVUbyCRvqjlsriGAz52FrCltckr":{"registrationId":1102041386,"currentRatchet":{"ephemeralKeyPair":{"pubKey":"BakGQyei7+VnIDahmC2I5UrDg2qmyP+I9nC6H8Drhuku","privKey":"QOTM1eaCoX8JRwcbkEQlIIk9fVaE07TPvBSpxmswf20="},"lastRemoteEphemeralKey":"BV1ZBmY7vyHMKNzVZ9bPpatmMtNPGONmRVkTxA3GeII3","previousCounter":0,"rootKey":"6+ol7rJ7LtkkNn4C4iW8ZecGDbXSioN/zXcZFqYtbxU="},"indexInfo":{"baseKey":"BScht084wlG25NK0WEVUbyCRvqjlsriGAz52FrCltckr","baseKeyType":1,"closed":-1,"used":1691326024452,"created":1691326024452,"remoteIdentityKey":"BW8WMgK8K7uHKPGUdAOAJ+Hugw8XpAK1WkrJurrAha41"},"_chains":{"BakGQyei7+VnIDahmC2I5UrDg2qmyP+I9nC6H8Drhuku":{"chainKey":{"counter":0,"key":"i0dI4xr1E+9TDXtvbVoIbrkcNG17zrWbVkpVH7a7lS4="},"chainType":1,"messageKeys":{}}},"pendingPreKey":{"signedKeyId":0,"baseKey":"BScht084wlG25NK0WEVUbyCRvqjlsriGAz52FrCltckr"}}},"version":"v1"}