{"_sessions":{"Bbm+M8JusSDx8byqPcKLsSfLGdpXHrcI1kJGr5PzHBhI":{"registrationId":501425609,"currentRatchet":{"ephemeralKeyPair":{"pubKey":"BRNq/jdc82/LRefoTAoLYMnr16ozB4njmleTz6pehUR9","privKey":"eGKL+hH0ger5Qv/zDMuo8xOu1gl+p7jQDpx2AYDwOH4="},"lastRemoteEphemeralKey":"BdZOnKFzIERfhFumN08zrTxAd1BTrloXjm78OaUeskVo","previousCounter":0,"rootKey":"Gh14DxZRqh/eSc6YfXi2DFoukSxqCkuQjX9KkvsSDO0="},"indexInfo":{"baseKey":"Bbm+M8JusSDx8byqPcKLsSfLGdpXHrcI1kJGr5PzHBhI","baseKeyType":2,"closed":-1,"used":1691326034572,"created":1691326034572,"remoteIdentityKey":"BUwXDe2i01FnzLVCLnHCweh2TxaZbSYbphvT/KPTnSVH"},"_chains":{"BdZOnKFzIERfhFumN08zrTxAd1BTrloXjm78OaUeskVo":{"chainKey":{"counter":0,"key":"b7rSQexGk23b0me34LcB6YNtOrxFcy1LxbocyC2g0Fc="},"chainType":2,"messageKeys":{}},"BRNq/jdc82/LRefoTAoLYMnr16ozB4njmleTz6pehUR9":{"chainKey":{"counter":-1,"key":"I2rkAYcC7SHL5EWWhZQQzh0q05hoZCj5SdWL2GI1Bhc="},"chainType":1,"messageKeys":{}}}}},"version":"v1"}