{"_sessions":{"BQzJ4IGv+L6jhJkbcMzNc5pSABXmygdxpyhekXwaVdER":{"registrationId":1889409993,"currentRatchet":{"ephemeralKeyPair":{"pubKey":"BTsRoaE9hB36PcvwRJmSwwO7kWqtHi4S06yn6vbMqEN6","privKey":"8E4tqKJrdBx+yKW6+ixBIaVD7eSMR2f9CDtr71pgc14="},"lastRemoteEphemeralKey":"BbT8ikkJe6CKZgpbrn1h9UCjYsJ7nbHqquL61J8o8H1l","previousCounter":0,"rootKey":"v1/x0j8Ug4yZDoN6Twz5kIgUXPlNWh+fYfuWmMcldw0="},"indexInfo":{"baseKey":"BQzJ4IGv+L6jhJkbcMzNc5pSABXmygdxpyhekXwaVdER","baseKeyType":1,"closed":-1,"used":1691326019278,"created":1691326019278,"remoteIdentityKey":"BcsM2Udd7UKblMAlGSFkvnEqY5C41LbU4mRZuRLaoh9d"},"_chains":{"BTsRoaE9hB36PcvwRJmSwwO7kWqtHi4S06yn6vbMqEN6":{"chainKey":{"counter":0,"key":"Ju/GtmWPbtoiy1aU4WbpMAlAmqYiIeSQgoua4Uc4PMo="},"chainType":1,"messageKeys":{}}},"pendingPreKey":{"signedKeyId":0,"baseKey":"BQzJ4IGv+L6jhJkbcMzNc5pSABXmygdxpyhekXwaVdER"}}},"version":"v1"}