{"_sessions":{"BUvzzOJnJUot7g6vtHBUFdg+LXnmL7O7Zd0vbFeIT+xd":{"registrationId":1090135288,"currentRatchet":{"ephemeralKeyPair":{"pubKey":"BYMeSMJIQxzMLoUWjGKBoImR1pgBMzG88jf7jhGKWjZq","privKey":"QEL4x/sMaPYiokB+okocqL02ccG2Dgvtr4JhfmtH1WA="},"lastRemoteEphemeralKey":"BdoO6TkCmpo4G8SFIy/0G9sIJPwNWig0S4mJPudtM255","previousCounter":0,"rootKey":"jQdtSqa3nHVnl4g0wThlQ0EEbD7TQxIoSzVg/n86oIk="},"indexInfo":{"baseKey":"BUvzzOJnJUot7g6vtHBUFdg+LXnmL7O7Zd0vbFeIT+xd","baseKeyType":1,"closed":-1,"used":1691326023076,"created":1691326023076,"remoteIdentityKey":"BaeCVyQE6Mrk8+Ybiif4bORkyHqZKvbu4HPuBnPYPpYq"},"_chains":{"BYMeSMJIQxzMLoUWjGKBoImR1pgBMzG88jf7jhGKWjZq":{"chainKey":{"counter":0,"key":"bAkvKkNQaYwtro8l/bom7XmoU1JQcVqJl38Qc4qTkJs="},"chainType":1,"messageKeys":{}}},"pendingPreKey":{"signedKeyId":14,"baseKey":"BUvzzOJnJUot7g6vtHBUFdg+LXnmL7O7Zd0vbFeIT+xd","preKeyId":3634600}}},"version":"v1"}