{"_sessions":{"BWM8NzqQ4npApzXHAAf4F7RfqUX3TjIhODe+hDMBMzFC":{"registrationId":79,"currentRatchet":{"ephemeralKeyPair":{"pubKey":"BTKN/yDPoeJtWR4uXEcONdyoL6DWCV/xQX0DviXWqigC","privKey":"uFHRoHhPaPIBFjBYZDC0WTOyZ0juiUMe4CiZzo9gYms="},"lastRemoteEphemeralKey":"BY+Z/MhiEHJVbZTcj6hL3+wLD5EnQQ2p0/2YHBQJtmgW","previousCounter":0,"rootKey":"jQt/5R06pelPJFm61lwQGd4ypxrO1qGoAzuRHjNdtag="},"indexInfo":{"baseKey":"BWM8NzqQ4npApzXHAAf4F7RfqUX3TjIhODe+hDMBMzFC","baseKeyType":1,"closed":-1,"used":1691325928333,"created":1691325928333,"remoteIdentityKey":"BRWpx6SHkQSZOePFkO7yAtmyWH7b1AOzzHWVlZK7cv8U"},"_chains":{"BTKN/yDPoeJtWR4uXEcONdyoL6DWCV/xQX0DviXWqigC":{"chainKey":{"counter":1,"key":"nK3GwNEwrs2ASyU2PVIskSyvClNYXNVrg3Fvwveig2w="},"chainType":1,"messageKeys":{}}},"pendingPreKey":{"signedKeyId":1,"baseKey":"BWM8NzqQ4npApzXHAAf4F7RfqUX3TjIhODe+hDMBMzFC"}}},"version":"v1"}