{"_sessions":{"BXUzBx6fRfExFfbe6C/228ZVRVCa65nnLy7I2di420oD":{"registrationId":2025136309,"currentRatchet":{"ephemeralKeyPair":{"pubKey":"BVkTXZt+z8o54t6H/YfIMGTBZZXUy22o+a34Wnn2MqpI","privKey":"eN0F51vQtz/J3j5XmftFZ6oS77e9AJRQo8XQQ0KGB0Q="},"lastRemoteEphemeralKey":"BcC+f4qMAM2aiDl0g5wXsvQ+gK7bpl30BLwnrdhDO3RF","previousCounter":0,"rootKey":"jHIHc9a3McaOphICseKIzCl9G+tzRGBsJZB7H4bPUrs="},"indexInfo":{"baseKey":"BXUzBx6fRfExFfbe6C/228ZVRVCa65nnLy7I2di420oD","baseKeyType":1,"closed":-1,"used":1691326022866,"created":1691326022866,"remoteIdentityKey":"BRblJdNMDmdXfF8PuS9RIk7Ylh/DpRM3i2pp435juXpi"},"_chains":{"BVkTXZt+z8o54t6H/YfIMGTBZZXUy22o+a34Wnn2MqpI":{"chainKey":{"counter":0,"key":"kA06ffGurvRy9wC8VVZP6TYJEESC2L1Za4YrVAmv31c="},"chainType":1,"messageKeys":{}}},"pendingPreKey":{"signedKeyId":6,"baseKey":"BXUzBx6fRfExFfbe6C/228ZVRVCa65nnLy7I2di420oD","preKeyId":8015391}}},"version":"v1"}