{"_sessions":{"BdypZQE24pR6KD02VDnptl2JlZRa5+pa+OZA1nnHITRF":{"registrationId":1547509889,"currentRatchet":{"ephemeralKeyPair":{"pubKey":"BfV5T8kmL+PzBzI4LtqpxJG6RdAXAKr4V66foiRRqU4U","privKey":"KNAyUeJg6EzodQtDXCHU7mHyiKQp9TlYUOIqXTUw2Fw="},"lastRemoteEphemeralKey":"BZ8fywhcDOXsHI0JWFBa3Z3DkDSKg8DtIjQJPi0WQJ15","previousCounter":0,"rootKey":"b2BHeIP8ixDWDnzGJ4uI26z1H+jzNHVj8uvrAdk5XMk="},"indexInfo":{"baseKey":"BdypZQE24pR6KD02VDnptl2JlZRa5+pa+OZA1nnHITRF","baseKeyType":1,"closed":-1,"used":1691326022852,"created":1691326022852,"remoteIdentityKey":"Bb06G4MDst3kOUm+TLz/QaCLVZvWtwveFNHb9jOPNPZT"},"_chains":{"BfV5T8kmL+PzBzI4LtqpxJG6RdAXAKr4V66foiRRqU4U":{"chainKey":{"counter":0,"key":"dj3m300Bbutm4UTfuRdbGQywh0qvwBBVZN9dJj26K1Q="},"chainType":1,"messageKeys":{}}},"pendingPreKey":{"signedKeyId":1,"baseKey":"BdypZQE24pR6KD02VDnptl2JlZRa5+pa+OZA1nnHITRF"}}},"version":"v1"}