{"_sessions":{"BfXznLYDkf5zG7cX/S5haH19qHlGDcXjKsqXj5JNPdEC":{"registrationId":1033710762,"currentRatchet":{"ephemeralKeyPair":{"pubKey":"Bf8yQED3H6x1cEMQ4aY4U2SugvhoOW/hQF4bGw7sJSEz","privKey":"AKhQt4vgpFnmmt0rMcERWsXmVdhRrhC9ScGgTN7Q/0U="},"lastRemoteEphemeralKey":"BYGgg95v+p6ZIBesHm7ZRirK8EELJhGnse0H/8RYarRK","previousCounter":0,"rootKey":"rXwF1A4k0SKyYwXZbbYEXisk96+Tcj9OGMrex4Dl2A8="},"indexInfo":{"baseKey":"BfXznLYDkf5zG7cX/S5haH19qHlGDcXjKsqXj5JNPdEC","baseKeyType":1,"closed":-1,"used":1691326020448,"created":1691326020448,"remoteIdentityKey":"BazsAsC+871DKfV3gAXVxarZhOvzy4WVregL5ONo6VNb"},"_chains":{"Bf8yQED3H6x1cEMQ4aY4U2SugvhoOW/hQF4bGw7sJSEz":{"chainKey":{"counter":0,"key":"A0Fef+pW4ESTGQ4sURx1B73ljTGd4jQwyqlfTijGFIE="},"chainType":1,"messageKeys":{}}},"pendingPreKey":{"signedKeyId":6,"baseKey":"BfXznLYDkf5zG7cX/S5haH19qHlGDcXjKsqXj5JNPdEC","preKeyId":14264595}}},"version":"v1"}