{"_sessions":{"BRWREk0tbINVORfJQFeCESf4IzMu1T8CC7ZIaaoIEkpA":{"registrationId":13064,"currentRatchet":{"ephemeralKeyPair":{"pubKey":"BeiCZx0VEYBndjejp3ZHC4sztg/yUzX1jSQcZRQvEUsf","privKey":"WGeau7RxCr919WAzeA4C3wZmRFE9xmQ7at5Mj4qohXA="},"lastRemoteEphemeralKey":"BcO7QCgCnNoHUZxaaNj47rWHpTlZsNtgnCPEevsAcNY2","previousCounter":0,"rootKey":"sflKE9x0gdrj5k9Mqte0LhDERuiN0OQI2CUlj+wPH48="},"indexInfo":{"baseKey":"BRWREk0tbINVORfJQFeCESf4IzMu1T8CC7ZIaaoIEkpA","baseKeyType":1,"closed":-1,"used":1691325928350,"created":1691325928350,"remoteIdentityKey":"BVKjBCqHQv8b+bju8/UYmnLqaQCLPZvcB35qd83j0zc3"},"_chains":{"BeiCZx0VEYBndjejp3ZHC4sztg/yUzX1jSQcZRQvEUsf":{"chainKey":{"counter":1,"key":"WAMjH0NSHyhzy2NRYA/xXbvvMJxUD9cM4leE+nQKS4Q="},"chainType":1,"messageKeys":{}}},"pendingPreKey":{"signedKeyId":1,"baseKey":"BRWREk0tbINVORfJQFeCESf4IzMu1T8CC7ZIaaoIEkpA"}}},"version":"v1"}