{"_sessions":{"BbiDCsAwJLcX0rSWI29LZ5/SjgOux5co/huEZhYeEdAs":{"registrationId":1560213066,"currentRatchet":{"ephemeralKeyPair":{"pubKey":"BR0uAVdu5NI4JsEEuHE3r9yZ5AP0yTH6BeBhAMmIFwZ5","privKey":"CLehJem1E9EA5FITY9Pg1c+dXOZzJqSFYl1x2NxSDmU="},"lastRemoteEphemeralKey":"BfgGdllNSACqAp6/G/fGXdZygH/TtoKmvzmckqY8WKN9","previousCounter":0,"rootKey":"GHdIymeDs9yWXGODYkiav9gCxerArqIH0+SSqEhX4nc="},"indexInfo":{"baseKey":"BbiDCsAwJLcX0rSWI29LZ5/SjgOux5co/huEZhYeEdAs","baseKeyType":1,"closed":-1,"used":1691326025640,"created":1691326025640,"remoteIdentityKey":"BeLnra0kzHzWE1JJ/JACPegTGewfiKbjpvbyMcbWvphp"},"_chains":{"BR0uAVdu5NI4JsEEuHE3r9yZ5AP0yTH6BeBhAMmIFwZ5":{"chainKey":{"counter":0,"key":"/iSm/p6aj8xNIAglJC13akmIEZEeZnmTKxPGKdFkM38="},"chainType":1,"messageKeys":{}}},"pendingPreKey":{"signedKeyId":2,"baseKey":"BbiDCsAwJLcX0rSWI29LZ5/SjgOux5co/huEZhYeEdAs"}}},"version":"v1"}