{"_sessions":{"BbVpnQXSFQEP+Q/ZaY6ZdpdguYJXHNigLjKMDVZNOTZK":{"registrationId":708862268,"currentRatchet":{"ephemeralKeyPair":{"pubKey":"BV3aQPhbjZSsNZJwyurBc0XWRahyIf6WHJlXcMa44zFn","privKey":"8KKtJtSseAiWrVzoNbUlO4U98ivFdyArRoYM3B5oFU0="},"lastRemoteEphemeralKey":"BSExD6WX4xtWYt0CF3NfjNIQ3iFoZ2/qO5w34DMb/I9K","previousCounter":0,"rootKey":"/DTXnhp6C0eNV86JGbJfMyxO2en52NhyISOzK5rrkxw="},"indexInfo":{"baseKey":"BbVpnQXSFQEP+Q/ZaY6ZdpdguYJXHNigLjKMDVZNOTZK","baseKeyType":1,"closed":-1,"used":1691325929957,"created":1691325929957,"remoteIdentityKey":"BSJZqpXzb+WAT9hWYzTSLgH7lodAUAmJsDxeSrh1fhEj"},"_chains":{"BV3aQPhbjZSsNZJwyurBc0XWRahyIf6WHJlXcMa44zFn":{"chainKey":{"counter":1,"key":"EQ5IpdCweQqPzZTYA0VKb6q4rXKtpUpjqRb4xfpPYsQ="},"chainType":1,"messageKeys":{}}},"pendingPreKey":{"signedKeyId":5,"baseKey":"BbVpnQXSFQEP+Q/ZaY6ZdpdguYJXHNigLjKMDVZNOTZK"}}},"version":"v1"}