{"_sessions":{"BQnzuTlndWsp6HPTytwVuqMMol2Iwwno26BVTKVBQqQE":{"registrationId":1617582769,"currentRatchet":{"ephemeralKeyPair":{"pubKey":"BUxXMK5fP+4r9kRsA9W7KpvcUdIowk1PCahhYmZnGgQi","privKey":"GIatf3w9+f9jTuczsnm4iYyrYKyeF83nPhnu05O2P1M="},"lastRemoteEphemeralKey":"BabBZ9l9m4aqMn4m75QPmYgBEvbGVga5rCDlzwGK3lpv","previousCounter":0,"rootKey":"zsljcVbJfg6hd06WE3zCJ1U3WokfpP4YAd34G4YfYzo="},"indexInfo":{"baseKey":"BQnzuTlndWsp6HPTytwVuqMMol2Iwwno26BVTKVBQqQE","baseKeyType":1,"closed":-1,"used":1691326025237,"created":1691326025237,"remoteIdentityKey":"BcC9msporVs4EVi18Ym6jy/Inb8hJUBbqyTZUBRy6alR"},"_chains":{"BUxXMK5fP+4r9kRsA9W7KpvcUdIowk1PCahhYmZnGgQi":{"chainKey":{"counter":0,"key":"aCcCDPtBGLUd/qJFexBXt90KoOVUT72DkUIFq800DO8="},"chainType":1,"messageKeys":{}}},"pendingPreKey":{"signedKeyId":0,"baseKey":"BQnzuTlndWsp6HPTytwVuqMMol2Iwwno26BVTKVBQqQE"}}},"version":"v1"}