{"_sessions":{"BdaE8ap1KNlIIhK2xlMmlkyNd7xbD+BP0k6RvrgEqsch":{"registrationId":4513,"currentRatchet":{"ephemeralKeyPair":{"pubKey":"BSbIB0ZfasIS7Q3cf/RFe9jlpS8/TIyMgRXe5YeEXbpU","privKey":"ONUguBdSFsH3AtBz1PHsfyz91XJWUDJK2mpzM6bh+mo="},"lastRemoteEphemeralKey":"BUsp6jn6uqbbEq0+ph0vXpya2abZG4uVSbGIlth8iX9j","previousCounter":0,"rootKey":"pb2gMdBCzFPRUpeWm7MmfBtJiWJghOmDHcy/BleDfEs="},"indexInfo":{"baseKey":"BdaE8ap1KNlIIhK2xlMmlkyNd7xbD+BP0k6RvrgEqsch","baseKeyType":1,"closed":-1,"used":1691325928328,"created":1691325928328,"remoteIdentityKey":"BRQMm5lZgUyKavqiOtLysRkGDtvJH2CWiLY8JuCWdp9G"},"_chains":{"BSbIB0ZfasIS7Q3cf/RFe9jlpS8/TIyMgRXe5YeEXbpU":{"chainKey":{"counter":1,"key":"1855HwOg2v4kpTxmc9w81s09rd72+XzwjkVB0NxzwiU="},"chainType":1,"messageKeys":{}}},"pendingPreKey":{"signedKeyId":1,"baseKey":"BdaE8ap1KNlIIhK2xlMmlkyNd7xbD+BP0k6RvrgEqsch"}}},"version":"v1"}