{"_sessions":{"BdTZxQsapOG2KVhIfhfTiAi02U7GPKtVr4d28HPvmehk":{"registrationId":305795892,"currentRatchet":{"ephemeralKeyPair":{"pubKey":"Bd8I1siXKTs/+rbsAlHPD/qByvYvV/NSfMhTiHdLWT1K","privKey":"CME/10dXojfSHb+hgjLlJKPlS0R9qz/geIQQ1klV90c="},"lastRemoteEphemeralKey":"BXDGbHUpA+aCtWfvtGmli8H/9kb4OiYxhVqFnGwEhFYB","previousCounter":0,"rootKey":"dytyr4AoB8NC0NoJsGybVSjk4snHeiDKDysI4Gzsl1g="},"indexInfo":{"baseKey":"BdTZxQsapOG2KVhIfhfTiAi02U7GPKtVr4d28HPvmehk","baseKeyType":1,"closed":-1,"used":1691326022135,"created":1691326022135,"remoteIdentityKey":"BSIk2/nIyvxIbS7cw8wfr3gqhatRnD8nmn8gkDHJPtBt"},"_chains":{"Bd8I1siXKTs/+rbsAlHPD/qByvYvV/NSfMhTiHdLWT1K":{"chainKey":{"counter":0,"key":"L2ltVRhja781/upYq3eUOKB5/k3hq+cEGTVxm97QWxs="},"chainType":1,"messageKeys":{}}},"pendingPreKey":{"signedKeyId":2,"baseKey":"BdTZxQsapOG2KVhIfhfTiAi02U7GPKtVr4d28HPvmehk","preKeyId":14953192}}},"version":"v1"}