{"_sessions":{"Bc96V5ZGPm3ozxX6y6pLzeuzjIXnCQ7QMGmkJlCfmd9f":{"registrationId":1489839849,"currentRatchet":{"ephemeralKeyPair":{"pubKey":"Bc3/1RgKYlr1dRAqzeZP2zPY/95a+uoWAGeRYkLAQ8R/","privKey":"uP7MoOmrnOi0Q3oEtMrwXPhDVKp7lKXvovQhxrc2w3A="},"lastRemoteEphemeralKey":"Bf6Gi3+L5J2MeFJpg1hjnekrFDzwA2a0NRJelt1XDG9W","previousCounter":0,"rootKey":"jS5Q5ZvtjRH0FuJPdSvkpxjpT0l/oOp14B534GOubX4="},"indexInfo":{"baseKey":"Bc96V5ZGPm3ozxX6y6pLzeuzjIXnCQ7QMGmkJlCfmd9f","baseKeyType":1,"closed":-1,"used":1691326025254,"created":1691326025254,"remoteIdentityKey":"BfVVCOrvA8yg3jbqMzyqkD0Ig42Dlp4J1/m2chV8SDgF"},"_chains":{"Bc3/1RgKYlr1dRAqzeZP2zPY/95a+uoWAGeRYkLAQ8R/":{"chainKey":{"counter":0,"key":"Ur+ccCRV832rVkmz8VDVOTXI2drBgXoquavMIzYEAjk="},"chainType":1,"messageKeys":{}}},"pendingPreKey":{"signedKeyId":1,"baseKey":"Bc96V5ZGPm3ozxX6y6pLzeuzjIXnCQ7QMGmkJlCfmd9f","preKeyId":4392001}}},"version":"v1"}