{"_sessions":{"BWs20vRND/NcsBuOOsqkbxyVrq4qpPhmpIKtZvhl4y1e":{"registrationId":202532085,"currentRatchet":{"ephemeralKeyPair":{"pubKey":"BS5ySM/6us76LzVaF37VTXv1BTMPadTDaIDY1+S5X857","privKey":"aNoipuozk06vk4y96g77rf3LXbBKiQEdnNKNMS48RE0="},"lastRemoteEphemeralKey":"BfoD0KEKwZw9Ds08jEZP+JA8745pqz0t0Aigy6txvAIz","previousCounter":0,"rootKey":"kEDbEUg5M9ZhKTwlUwoBSs4Dfk7lkaCezcvJkgxEFc8="},"indexInfo":{"baseKey":"BWs20vRND/NcsBuOOsqkbxyVrq4qpPhmpIKtZvhl4y1e","baseKeyType":1,"closed":-1,"used":1691326020074,"created":1691326020074,"remoteIdentityKey":"Bc+xacXqg9kbysduSyoh+JYPOIbg/eHH1EqD9TxgWX9+"},"_chains":{"BS5ySM/6us76LzVaF37VTXv1BTMPadTDaIDY1+S5X857":{"chainKey":{"counter":0,"key":"9/iji24HVLjC3vUK9rFO8LR/vej58dx/sOnNB9Io42Y="},"chainType":1,"messageKeys":{}}},"pendingPreKey":{"signedKeyId":2,"baseKey":"BWs20vRND/NcsBuOOsqkbxyVrq4qpPhmpIKtZvhl4y1e","preKeyId":419618}}},"version":"v1"}