{"_sessions":{"Bdqs2CRkH/J7jI4/1ZzqB33Gj0psHGNaUVInVmdEe3w/":{"registrationId":830595831,"currentRatchet":{"ephemeralKeyPair":{"pubKey":"BVINrmdsy/PwhPx+MQq6zDrF+01BmfdAkdw5TqjmxpoB","privKey":"aMClRW6zwHv3kNdRUChzA20qohUWdj9l640liPF1r1Q="},"lastRemoteEphemeralKey":"Bc7b2V8Q7elrLGUt7L2eLBOWKL+yyMznLcqltHbs9fcv","previousCounter":0,"rootKey":"VPwDEMmaGK8nw2RbQV3g6D/ICXn/kLjTFKy5RNCHtws="},"indexInfo":{"baseKey":"Bdqs2CRkH/J7jI4/1ZzqB33Gj0psHGNaUVInVmdEe3w/","baseKeyType":1,"closed":-1,"used":1691326021244,"created":1691326021244,"remoteIdentityKey":"BXdy5efgJ6wD6UqgANf+95FK4ji8UIPPNz4mb+ayxvEv"},"_chains":{"BVINrmdsy/PwhPx+MQq6zDrF+01BmfdAkdw5TqjmxpoB":{"chainKey":{"counter":0,"key":"fANQrE3JxplD0POie9QU0kwphTmQhHaSMGUh23R+9RM="},"chainType":1,"messageKeys":{}}},"pendingPreKey":{"signedKeyId":4,"baseKey":"Bdqs2CRkH/J7jI4/1ZzqB33Gj0psHGNaUVInVmdEe3w/"}}},"version":"v1"}