{"_sessions":{"Bf51cPd+GVBNWFrHCX3WpeaUlUCPCfTiT8sOPTv+/kNj":{"registrationId":1705326621,"currentRatchet":{"ephemeralKeyPair":{"pubKey":"BbEHNBgRGqBO2rItG/Qmz880QRJDBuz7qru3+WSIZk0F","privKey":"2Lg7tMa7tX8OsmUOSRQvq48WoGUscH2aqvPdBwRCV3o="},"lastRemoteEphemeralKey":"BfiPuN2lOyCDjd86bxkpvp+FEMh2SRt3wct32HjMP1IE","previousCounter":0,"rootKey":"JBMMrH6ocAJvYzNBHGrKRCSpDwY6M/JHbK3UQT7Sqqs="},"indexInfo":{"baseKey":"Bf51cPd+GVBNWFrHCX3WpeaUlUCPCfTiT8sOPTv+/kNj","baseKeyType":1,"closed":-1,"used":1691326025536,"created":1691326025536,"remoteIdentityKey":"BejWHVjaBaN6s9RJvhPlXNFSv1sr3PV8VcaBoaVTAK8f"},"_chains":{"BbEHNBgRGqBO2rItG/Qmz880QRJDBuz7qru3+WSIZk0F":{"chainKey":{"counter":0,"key":"YYWzNuPZFd+oL3yL0GnZw/yRhNT9qY/+nxzKgeo1Awc="},"chainType":1,"messageKeys":{}}},"pendingPreKey":{"signedKeyId":0,"baseKey":"Bf51cPd+GVBNWFrHCX3WpeaUlUCPCfTiT8sOPTv+/kNj"}}},"version":"v1"}