{"_sessions":{"BQ10Q/bigxAJxIhcYevuIMJ+3jbbmPDwkNdq0K1R/sx8":{"registrationId":1476340518,"currentRatchet":{"ephemeralKeyPair":{"pubKey":"BXK+wvIgLI4WfY5qyR6Cj4O+lUbJlHzmNsJGhN+LLUhi","privKey":"UArrt+UHAA5KeW+gFxjZeGvBuMunIVmn0uW9SRCMNWI="},"lastRemoteEphemeralKey":"BdwGDfidwY5lhr/eHBj9/7vKg7uw+9ZpQeBt2PjQYj8A","previousCounter":0,"rootKey":"fhOczOsz10s0c5rczyI0C+/WlVJ/ZYmSAJrNO896XYI="},"indexInfo":{"baseKey":"BQ10Q/bigxAJxIhcYevuIMJ+3jbbmPDwkNdq0K1R/sx8","baseKeyType":1,"closed":-1,"used":1691326024541,"created":1691326024541,"remoteIdentityKey":"BSBI82HOahCnmwgwUWhpOMKAcOTTA1Kk6EWsfhVH76UF"},"_chains":{"BXK+wvIgLI4WfY5qyR6Cj4O+lUbJlHzmNsJGhN+LLUhi":{"chainKey":{"counter":0,"key":"F+0Y5fSMw7t5FW9tulvYDsBZSZ/vfkOyL/kGYfREEds="},"chainType":1,"messageKeys":{}}},"pendingPreKey":{"signedKeyId":0,"baseKey":"BQ10Q/bigxAJxIhcYevuIMJ+3jbbmPDwkNdq0K1R/sx8"}}},"version":"v1"}