{"_sessions":{"BVkq0025WCjwOsAmmFbA9nm9BWL8Ty0mLe1pUGVKml0z":{"registrationId":698378406,"currentRatchet":{"ephemeralKeyPair":{"pubKey":"BTNhqM3eHs2TWNEb/+gf/7s2A1lK1xl8uHvJiX01Icwn","privKey":"8NPrzWYl+lEoWd9ezMsNGVQb7wLbA23V0RbMhwXNbnw="},"lastRemoteEphemeralKey":"BTKZEZ/kmGW4QNrwOlqVY/w8i3sPw/kBez9QGy7JszdM","previousCounter":0,"rootKey":"qr8Dky8Rk8rxD0YtelX0nSnv7GiZScL29KPUGht3UH8="},"indexInfo":{"baseKey":"BVkq0025WCjwOsAmmFbA9nm9BWL8Ty0mLe1pUGVKml0z","baseKeyType":1,"closed":-1,"used":1691326024631,"created":1691326024631,"remoteIdentityKey":"BQyYRXjcMJoLpA7x1+lFe6cmW+qoIkMLVBnntUN/bG4q"},"_chains":{"BTNhqM3eHs2TWNEb/+gf/7s2A1lK1xl8uHvJiX01Icwn":{"chainKey":{"counter":0,"key":"dGhshjfHhqxEw5HnKJRWu/S0YHRYyTXWUTmHSEcUltY="},"chainType":1,"messageKeys":{}}},"pendingPreKey":{"signedKeyId":1,"baseKey":"BVkq0025WCjwOsAmmFbA9nm9BWL8Ty0mLe1pUGVKml0z"}}},"version":"v1"}