{"_sessions":{"BX0tyKyXyIz07HF3+8LNV82jG07hKcyRpOZTOgcg2iNQ":{"registrationId":1506669983,"currentRatchet":{"ephemeralKeyPair":{"pubKey":"BeQW8s3rvEev0tUWQpBT2hg5ksd0J0QpEFMi9LlCEuIP","privKey":"aGCxfvAPE74zrzWp3SAcVZQVpJWpCnFoTJm90bxaVkw="},"lastRemoteEphemeralKey":"BcNxF9ZzY8X17xWlIDnMe2w1dko1srp+siW+gzpwzjh5","previousCounter":0,"rootKey":"rwhAsKD+9GYcXWlhf5iA8JNUOnYAOAGyGRarC/96j8E="},"indexInfo":{"baseKey":"BX0tyKyXyIz07HF3+8LNV82jG07hKcyRpOZTOgcg2iNQ","baseKeyType":1,"closed":-1,"used":1691326019242,"created":1691326019242,"remoteIdentityKey":"BW2jI00woDsmwx7uXPf9/Dr4eV2FmvLcpdYaA36HpPc5"},"_chains":{"BeQW8s3rvEev0tUWQpBT2hg5ksd0J0QpEFMi9LlCEuIP":{"chainKey":{"counter":0,"key":"3CDlyYfOKHeo/kXndbx48aMtKlsgoVH1x0FQqZaEwW0="},"chainType":1,"messageKeys":{}}},"pendingPreKey":{"signedKeyId":4,"baseKey":"BX0tyKyXyIz07HF3+8LNV82jG07hKcyRpOZTOgcg2iNQ","preKeyId":1108144}}},"version":"v1"}