{"_sessions":{"Bc/7Vh7Ed90BuRZROhJ0Bui/4QZmkEoqYnFWqNFX+qZn":{"registrationId":287998523,"currentRatchet":{"ephemeralKeyPair":{"pubKey":"BWT7p3ms3qyqLpJSPyKL1rSXm6bSxBObcxZeIfJasGEy","privKey":"eJPjEGs8t+1Kxv3gmAy7fNNiEvV1yEb1LuwoVPnQ0UA="},"lastRemoteEphemeralKey":"BcMldMSxy0MVRUBBIVsAbVn02DQoCA/JvA/1Kun8BSpv","previousCounter":0,"rootKey":"zdZeIyuQgaNSt2NfIqbXNpGSVPOc5pg9SYTa1W8xyNg="},"indexInfo":{"baseKey":"Bc/7Vh7Ed90BuRZROhJ0Bui/4QZmkEoqYnFWqNFX+qZn","baseKeyType":1,"closed":-1,"used":1691326023656,"created":1691326023656,"remoteIdentityKey":"Ba280wcj2b7cjLwOZ1XroG6k/AtzvcoF8Ew2v2VtUJhj"},"_chains":{"BWT7p3ms3qyqLpJSPyKL1rSXm6bSxBObcxZeIfJasGEy":{"chainKey":{"counter":0,"key":"r8lFjRQHTN+uAyXBOEfVr7YrvCt6i3oa2KJWl/rSzuw="},"chainType":1,"messageKeys":{}}},"pendingPreKey":{"signedKeyId":2,"baseKey":"Bc/7Vh7Ed90BuRZROhJ0Bui/4QZmkEoqYnFWqNFX+qZn","preKeyId":15011639}}},"version":"v1"}