{"_sessions":{"BQK7cHiculP3tpi5aTia5k5VU5peyRcW+cwm3kfmnuBi":{"registrationId":739444967,"currentRatchet":{"ephemeralKeyPair":{"pubKey":"BaX426sEDKAT14Cu7NJhh5tuDwRH2L7cqvenzQ2GVt8W","privKey":"GPR+OxL5n3od9Yut10D7pZ0gQc2Y1Ycykm3TbXECPHI="},"lastRemoteEphemeralKey":"BfFmszZURGTU197QtznH1SXkDWPNtspewxT5n7X2hEM2","previousCounter":0,"rootKey":"yu9FPuRBrlHIG2dULUAcVExI95lZpWLfdGRkimEFoH4="},"indexInfo":{"baseKey":"BQK7cHiculP3tpi5aTia5k5VU5peyRcW+cwm3kfmnuBi","baseKeyType":1,"closed":-1,"used":1691326023066,"created":1691326023066,"remoteIdentityKey":"BQC9dx7fRUkgffWM9XFh3kQq1PaBp19WAxiv8aw3UVh6"},"_chains":{"BaX426sEDKAT14Cu7NJhh5tuDwRH2L7cqvenzQ2GVt8W":{"chainKey":{"counter":0,"key":"NVAJ+ClNEczAzko7bFNjrmgrSAKjgPh/4nwFwu59wpI="},"chainType":1,"messageKeys":{}}},"pendingPreKey":{"signedKeyId":1,"baseKey":"BQK7cHiculP3tpi5aTia5k5VU5peyRcW+cwm3kfmnuBi","preKeyId":15832832}}},"version":"v1"}