{"_sessions":{"BXl23jjlBJ1J22Wmav6NDq33Tqdjnla2U34SJVvkXFld":{"registrationId":1734234884,"currentRatchet":{"ephemeralKeyPair":{"pubKey":"Bfr4gH0VxNKN4x2bey1HWgGLTRn4aH6xoRG1VFFdbSM8","privKey":"QJjLNLOL1xuXmhXdq1JJknJ7KaE8oPvWZsaQ7AC1BEA="},"lastRemoteEphemeralKey":"Ba52zZ0iMcpPRPQb8zS/AinYmI/FDHKRSRt0Wl25bZ55","previousCounter":0,"rootKey":"x9l6fKU20wkXFWYcIlzdQ0VXsqRNdMLFHOiILvTYg88="},"indexInfo":{"baseKey":"BXl23jjlBJ1J22Wmav6NDq33Tqdjnla2U34SJVvkXFld","baseKeyType":1,"closed":-1,"used":1691326020563,"created":1691326020563,"remoteIdentityKey":"BVsTAc+l72gisAlM/vZnIrXLxARcA3xI5qv0U3W9GrEu"},"_chains":{"Bfr4gH0VxNKN4x2bey1HWgGLTRn4aH6xoRG1VFFdbSM8":{"chainKey":{"counter":0,"key":"uc1xe+pSzTQaaUYSinGDlTPoZkgInIGIjY8Hvsg4qqk="},"chainType":1,"messageKeys":{}}},"pendingPreKey":{"signedKeyId":2,"baseKey":"BXl23jjlBJ1J22Wmav6NDq33Tqdjnla2U34SJVvkXFld","preKeyId":10856931}}},"version":"v1"}