{"_sessions":{"BSHC6+3godfcdHQkU8x0gyO03eENORpeWLxWHBxKjZVp":{"registrationId":986141201,"currentRatchet":{"ephemeralKeyPair":{"pubKey":"BWoeq4L4AHpp+CYKAw9OwVBV9aiDSipNJlsYLRMcpGZh","privKey":"sOJkyubr0STX/1SsiGMhCra3AqqUATbu6ow5HMCrY1Q="},"lastRemoteEphemeralKey":"BUy1x9eDp8qxwvY65bv3zHM7BnBQ8elBFvZm8MUP0Msd","previousCounter":0,"rootKey":"XTUOmnyjM1BNMhA4z6KU0+ztg7cxWLMAqENXwEK/TZ4="},"indexInfo":{"baseKey":"BSHC6+3godfcdHQkU8x0gyO03eENORpeWLxWHBxKjZVp","baseKeyType":1,"closed":-1,"used":1691326024460,"created":1691326024460,"remoteIdentityKey":"BRTaGUHPSpMfCDQv25xqSpqL77EelNZIISTzFcNYRIxv"},"_chains":{"BWoeq4L4AHpp+CYKAw9OwVBV9aiDSipNJlsYLRMcpGZh":{"chainKey":{"counter":0,"key":"e5XpsCZf98WipbKezNi+F9XQ1nBLoxz1xv/PRnZjMys="},"chainType":1,"messageKeys":{}}},"pendingPreKey":{"signedKeyId":10,"baseKey":"BSHC6+3godfcdHQkU8x0gyO03eENORpeWLxWHBxKjZVp","preKeyId":8268122}}},"version":"v1"}