{"_sessions":{"BbycXmDh7DuvqvXwHmrOhO+Nit4SiiNvWHWwCwWQ9A1W":{"registrationId":1508620130,"currentRatchet":{"ephemeralKeyPair":{"pubKey":"BdAQgF8szBdHxT/DYR4FCibOJAegCmmHMUfTIFRsIbg8","privKey":"cBmx/jCXVL9Cxazv/ds1QBxFzKpvwp00AdN8APh0BHA="},"lastRemoteEphemeralKey":"BZt4CIhD3vjPdrHkWMhRbOPeMWFOo3CcKlaDTuXW7PF1","previousCounter":0,"rootKey":"6mdnyZsQX1jU/1SQzu5i5HIodVbnuVrUuuBlIqRW1zQ="},"indexInfo":{"baseKey":"BbycXmDh7DuvqvXwHmrOhO+Nit4SiiNvWHWwCwWQ9A1W","baseKeyType":1,"closed":-1,"used":1691326023844,"created":1691326023844,"remoteIdentityKey":"BaPm05EKBpazfItWSMU+WBe497iAbrOR0ahog90YQuR3"},"_chains":{"BdAQgF8szBdHxT/DYR4FCibOJAegCmmHMUfTIFRsIbg8":{"chainKey":{"counter":0,"key":"0eiK+AEPunRxtEvY96WR67sE+OqsnIVAmQBbiGNSGzk="},"chainType":1,"messageKeys":{}}},"pendingPreKey":{"signedKeyId":1,"baseKey":"BbycXmDh7DuvqvXwHmrOhO+Nit4SiiNvWHWwCwWQ9A1W"}}},"version":"v1"}