{"_sessions":{"BQFEcw/ApYVXQ5IKinkwBCYy5AOl8LpQfMPsv0eBpVsV":{"registrationId":25294784,"currentRatchet":{"ephemeralKeyPair":{"pubKey":"BZGxxD/Eqz7nHUqpBaWpvKvgrED3Xm0aTF11d1ikXNRY","privKey":"cF5a3b8p7HItQf67lRrQRns0GseyXFhtiIWRIPC86mw="},"lastRemoteEphemeralKey":"BQ6N36EhqxNAypOLfq/Zjh/NU4cS6z+sy+wC9J3Ez9Re","previousCounter":0,"rootKey":"Y2GE9sN6RLD7ksvHFrMILs3Yp8NAKI/rEbl1F44L0DE="},"indexInfo":{"baseKey":"BQFEcw/ApYVXQ5IKinkwBCYy5AOl8LpQfMPsv0eBpVsV","baseKeyType":1,"closed":-1,"used":1691326023432,"created":1691326023432,"remoteIdentityKey":"BXLDyWL0gzRSco8DcRbYZnwHiS68DDkpgnHPkiLodbgE"},"_chains":{"BZGxxD/Eqz7nHUqpBaWpvKvgrED3Xm0aTF11d1ikXNRY":{"chainKey":{"counter":0,"key":"fwtGg2QUFZHINJOeDy8Qg6OPVQomu/R/q2AV9cjsrpg="},"chainType":1,"messageKeys":{}}},"pendingPreKey":{"signedKeyId":0,"baseKey":"BQFEcw/ApYVXQ5IKinkwBCYy5AOl8LpQfMPsv0eBpVsV"}}},"version":"v1"}