{"_sessions":{"BZvBjXx5PBaVJvTQcl9/yfHBhqr1LJXmXAPJN7SMHHkr":{"registrationId":979023166,"currentRatchet":{"ephemeralKeyPair":{"pubKey":"BQre+Of8+pb7tYDgw0X4NQk3XQo8Uat8b5B6B1MpQxcj","privKey":"GHF76vdLyA9THpVJxzRtoylhexlHMjOOMsSYlhn5ZkY="},"lastRemoteEphemeralKey":"BbhQoJmIHCmv1UGWtpzVBDLbu5WrhkZP5AFWAhStsVcI","previousCounter":0,"rootKey":"6r0Q2++g+9O0+8tmB6xNW1bFCtm12kzk8qEYaYIj+Dk="},"indexInfo":{"baseKey":"BZvBjXx5PBaVJvTQcl9/yfHBhqr1LJXmXAPJN7SMHHkr","baseKeyType":1,"closed":-1,"used":1691326019534,"created":1691326019534,"remoteIdentityKey":"Bd34tWFjThY6y7CHCSA0vuyFoBqTiP888DO4Tw/GdCht"},"_chains":{"BQre+Of8+pb7tYDgw0X4NQk3XQo8Uat8b5B6B1MpQxcj":{"chainKey":{"counter":0,"key":"kcK1ohJbmSO/1Fj+iIbj1/z+WvjPteF7ec/1LyZa4Ko="},"chainType":1,"messageKeys":{}}},"pendingPreKey":{"signedKeyId":2,"baseKey":"BZvBjXx5PBaVJvTQcl9/yfHBhqr1LJXmXAPJN7SMHHkr","preKeyId":11761351}}},"version":"v1"}