{"_sessions":{"BVPxkr1Mv6DogZscqEq+HXbKECiJ/fe8rInnQeMJfCUr":{"registrationId":820844839,"currentRatchet":{"ephemeralKeyPair":{"pubKey":"BUs9uHPCcAW1H6DgvbOeVwu/txC2wfhr23tBxYKdkDhS","privKey":"eEfj3Bn1EJVXRSjYP+nSxGvqlHrC8xQDovbmWcp8wFs="},"lastRemoteEphemeralKey":"BdLR6bPNXxX/FpHj6cM5H3gsyyd9XRa6rjkUjpbKg/ww","previousCounter":0,"rootKey":"r3tj7t7aSuPcugucEsY8CNMLTZOiXdZpbapqSqNmddo="},"indexInfo":{"baseKey":"BVPxkr1Mv6DogZscqEq+HXbKECiJ/fe8rInnQeMJfCUr","baseKeyType":1,"closed":-1,"used":1691326020574,"created":1691326020574,"remoteIdentityKey":"BeRqW0CyczGe1K1j9uzlPOpgJ3a4Cjwfv6cnkB67mcxW"},"_chains":{"BUs9uHPCcAW1H6DgvbOeVwu/txC2wfhr23tBxYKdkDhS":{"chainKey":{"counter":0,"key":"IRCd/dmEqrZDj3XpikLkbzaKX3bfo28/Mi7yi4FD3tM="},"chainType":1,"messageKeys":{}}},"pendingPreKey":{"signedKeyId":4,"baseKey":"BVPxkr1Mv6DogZscqEq+HXbKECiJ/fe8rInnQeMJfCUr","preKeyId":6066094}}},"version":"v1"}