{"_sessions":{"BeWiiM384OOVsl4lSlZ+N10JAYhYkErxuhFx7QX5kgQu":{"registrationId":1566977097,"currentRatchet":{"ephemeralKeyPair":{"pubKey":"BUrJKhYjzKQlh1MSUmWfUCapkl81JRzmUWtYK0glIds9","privKey":"4NUFwzbb/JUL8TdLVsKCv5RQqEHhr3JreJUipgS1EE4="},"lastRemoteEphemeralKey":"BfIL9CaGVwXq1cyPVbL+z65R2x1tzxPjuToFoqxgcaAw","previousCounter":0,"rootKey":"Ds/h3WqskBHcuNlqmwL82k28wdnHj0Z6qCtv5WEqGBc="},"indexInfo":{"baseKey":"BeWiiM384OOVsl4lSlZ+N10JAYhYkErxuhFx7QX5kgQu","baseKeyType":1,"closed":-1,"used":1691326024262,"created":1691326024262,"remoteIdentityKey":"BUW6oxdGuVTZGfiPMoL9sS8C6C4P4z3uDyNo20qA/BRl"},"_chains":{"BUrJKhYjzKQlh1MSUmWfUCapkl81JRzmUWtYK0glIds9":{"chainKey":{"counter":0,"key":"2dZHoc2oriOXcgoPS+to7LYA8NHrhcn08wR3Da9oymQ="},"chainType":1,"messageKeys":{}}},"pendingPreKey":{"signedKeyId":5,"baseKey":"BeWiiM384OOVsl4lSlZ+N10JAYhYkErxuhFx7QX5kgQu","preKeyId":10317845}}},"version":"v1"}