{"_sessions":{"BQiJmW+tSnAL/SRyTX6fP4hUwy2WxqHKhYayv7UHeodI":{"registrationId":880185441,"currentRatchet":{"ephemeralKeyPair":{"pubKey":"BWs9gg33/AleWfCDD2LA4Snouyvq+7OrRWvCZrh/HppP","privKey":"SN97/A0x/eyQtLKjxJjHMgPcXd4iEKoilHW6go6LWXw="},"lastRemoteEphemeralKey":"Bav0dIUmkNK6BayO6DjUu0ikGrpOCH7jRWfGNKAA6d1f","previousCounter":0,"rootKey":"HTGmwQ64VTjLTAZic0p3JnhpeYDygqQy+AdXNN99D9E="},"indexInfo":{"baseKey":"BQiJmW+tSnAL/SRyTX6fP4hUwy2WxqHKhYayv7UHeodI","baseKeyType":1,"closed":-1,"used":1691326019944,"created":1691326019944,"remoteIdentityKey":"BXMuVo31uNjCMp0p0Sy234q9d7fs/Otf5mbQ2ZejX7Mf"},"_chains":{"BWs9gg33/AleWfCDD2LA4Snouyvq+7OrRWvCZrh/HppP":{"chainKey":{"counter":0,"key":"hC4YzWCYbc0vvb7lT5pjAX4sqQ3TltvZzxkIDAWY1Dg="},"chainType":1,"messageKeys":{}}},"pendingPreKey":{"signedKeyId":9,"baseKey":"BQiJmW+tSnAL/SRyTX6fP4hUwy2WxqHKhYayv7UHeodI","preKeyId":4641012}}},"version":"v1"}