{"_sessions":{"BQ0o2tGX3GZRqezHhTaBxGRjqS/zn/wD/aDhDKEMeCB3":{"registrationId":1969701347,"currentRatchet":{"ephemeralKeyPair":{"pubKey":"Bf8m1vX3V40+jqF1eKyVoYNBX75PcElBqVRHzdETS/hn","privKey":"sBxhel8dXKbRNjh0XQgywl0eHUTzJkw/ejBAFpTS5F8="},"lastRemoteEphemeralKey":"BS+9X6kpWbF800YndQtoCOrc1MSC9AOzdQROVjXF2bcI","previousCounter":0,"rootKey":"2IK5gsSAc3JICke7/0sawoFPtepG9RC6CfMsyxYdqPI="},"indexInfo":{"baseKey":"BQ0o2tGX3GZRqezHhTaBxGRjqS/zn/wD/aDhDKEMeCB3","baseKeyType":1,"closed":-1,"used":1691326019132,"created":1691326019132,"remoteIdentityKey":"BQ5ktMidFfBR8UtdWHR2i0rixvairWlKtrGoMPnZSQkh"},"_chains":{"Bf8m1vX3V40+jqF1eKyVoYNBX75PcElBqVRHzdETS/hn":{"chainKey":{"counter":0,"key":"HGhRMh7bJ0fizFasvtIJGdp0phi4/QdgUwKSwOT01o0="},"chainType":1,"messageKeys":{}}},"pendingPreKey":{"signedKeyId":6,"baseKey":"BQ0o2tGX3GZRqezHhTaBxGRjqS/zn/wD/aDhDKEMeCB3"}}},"version":"v1"}