{"_sessions":{"BeY7PjSf4xbF9o5qjW/yLlZir1LI9X9aPaxM2xLkLzRH":{"registrationId":1765239522,"currentRatchet":{"ephemeralKeyPair":{"pubKey":"BaBA+69m1yKKe4+2wNvHu51RgQ0nA3JiRBLlME/jzbJm","privKey":"SH4XeupWYGrURbd9WIDvIgnwfUi36ru35+xYk1IGJV0="},"lastRemoteEphemeralKey":"BSNK/Ykce59QxqGY2/ykJ3sVrrTmYADOvbGZ2+MkWE9W","previousCounter":0,"rootKey":"OmXy+UpDYiPrVvYh1TIbEVidIS0oW5B25eGqWzR4MgY="},"indexInfo":{"baseKey":"BeY7PjSf4xbF9o5qjW/yLlZir1LI9X9aPaxM2xLkLzRH","baseKeyType":1,"closed":-1,"used":1691326024555,"created":1691326024555,"remoteIdentityKey":"BVJ1dbQK91U159nCWEAH6Od718vcmjNqXKhoMgYQxxEl"},"_chains":{"BaBA+69m1yKKe4+2wNvHu51RgQ0nA3JiRBLlME/jzbJm":{"chainKey":{"counter":0,"key":"c0PkS+B+sF1EYi7UXRt90WDCSnKO7zbdYb3dvitR4fo="},"chainType":1,"messageKeys":{}}},"pendingPreKey":{"signedKeyId":4864492,"baseKey":"BeY7PjSf4xbF9o5qjW/yLlZir1LI9X9aPaxM2xLkLzRH"}}},"version":"v1"}