{"_sessions":{"BbsQ6tceny4Igrb5VdscN5TfETrkXA2AmmXmI3/LROtW":{"registrationId":277167886,"currentRatchet":{"ephemeralKeyPair":{"pubKey":"BcB9THKA7OeLdTm/7KCRbj2bOY/Xn8vWZijad8RyuO9F","privKey":"qK/hQX8fOULGydpoQxcgzIxsD3bYIoWlfiyNP7imj0s="},"lastRemoteEphemeralKey":"BbE0/cYAnErtnh6Oswf4rwftDedsEn0FHoDxqhp0TKMF","previousCounter":0,"rootKey":"1IsKI3s1CMukqKwYrC6rLDX1zI7IPFF7/49zQB/ym/Y="},"indexInfo":{"baseKey":"BbsQ6tceny4Igrb5VdscN5TfETrkXA2AmmXmI3/LROtW","baseKeyType":1,"closed":-1,"used":1691326021829,"created":1691326021829,"remoteIdentityKey":"BZFizZrAKxfIq6K7rnGHfXvxsEJVzs0S7QT/KWjfFFMP"},"_chains":{"BcB9THKA7OeLdTm/7KCRbj2bOY/Xn8vWZijad8RyuO9F":{"chainKey":{"counter":0,"key":"CeNC6+h3zdL4UhVyGCMV0+gIKPImGnXGv/tajheeivk="},"chainType":1,"messageKeys":{}}},"pendingPreKey":{"signedKeyId":0,"baseKey":"BbsQ6tceny4Igrb5VdscN5TfETrkXA2AmmXmI3/LROtW"}}},"version":"v1"}