{"_sessions":{"BRxYcojIn4FTO21RigLMhnS0AXB/J86EszB0dNSRnK8U":{"registrationId":748920179,"currentRatchet":{"ephemeralKeyPair":{"pubKey":"BbZ0XxNgLYHZAx9qCnEnYxxzTHMby1DIK13zJTVfLzkb","privKey":"ECVD757xARked13hgELV862+FJ8PPM97eS3QP8Acv18="},"lastRemoteEphemeralKey":"BWgUuL/sr6nUn5q5hO1vzFphufswIRoBC9CC9SMz+cx4","previousCounter":0,"rootKey":"A9GUJvmU6VSkTvTn0tlFZQNyeCXLw/9WEyNOpqCHius="},"indexInfo":{"baseKey":"BRxYcojIn4FTO21RigLMhnS0AXB/J86EszB0dNSRnK8U","baseKeyType":1,"closed":-1,"used":1691325928580,"created":1691325928580,"remoteIdentityKey":"BW2ghoCMqb/AKFlHfZ7j7Z8em9cOuR/lix4zgjn1HYYS"},"_chains":{"BbZ0XxNgLYHZAx9qCnEnYxxzTHMby1DIK13zJTVfLzkb":{"chainKey":{"counter":1,"key":"qKA8HJ7BcVXGFrxRQC6QKTcHpoxWAoznd3L2NoFlCG4="},"chainType":1,"messageKeys":{}}},"pendingPreKey":{"signedKeyId":8,"baseKey":"BRxYcojIn4FTO21RigLMhnS0AXB/J86EszB0dNSRnK8U","preKeyId":11578325}}},"version":"v1"}