{"_sessions":{"BfcPoIX5xsPXrprqeKaLYGyVt0IkN24/7oWDeHfXs7I6":{"registrationId":580818201,"currentRatchet":{"ephemeralKeyPair":{"pubKey":"Be3XyVtKOqDzYtVFHqnZ8N/1IyNwADb6UWTZTQWHfY12","privKey":"iJ1aMXaagjBsl0ZFiB2Oj9zuSmtPwQrDgM/Id3hjX1g="},"lastRemoteEphemeralKey":"BSOGqZ4He3M7HQxYhl052Ga1ruZJYLMDTdYkhMSIvecD","previousCounter":0,"rootKey":"FV7vCmMLCNm8AhR2qBtJOzBWkuNcCwYDxpSzAeTrLOs="},"indexInfo":{"baseKey":"BfcPoIX5xsPXrprqeKaLYGyVt0IkN24/7oWDeHfXs7I6","baseKeyType":1,"closed":-1,"used":1691326019355,"created":1691326019355,"remoteIdentityKey":"BaWWxnrqzjad+Cmf20sE2VHln9Du4WapQSpT7NAZ6vIN"},"_chains":{"Be3XyVtKOqDzYtVFHqnZ8N/1IyNwADb6UWTZTQWHfY12":{"chainKey":{"counter":0,"key":"WqIeeTDQvmrIo/RV7eH7jAt/6nksBvntBUAkTNiIwFg="},"chainType":1,"messageKeys":{}}},"pendingPreKey":{"signedKeyId":19,"baseKey":"BfcPoIX5xsPXrprqeKaLYGyVt0IkN24/7oWDeHfXs7I6","preKeyId":1836120}}},"version":"v1"}