{"_sessions":{"BWgC1CfAjtK7VWKGN79gAxmW8Jl0U74LTzX8T0/jKuNW":{"registrationId":301977623,"currentRatchet":{"ephemeralKeyPair":{"pubKey":"BeNsqpMnMApFm3lR63ilDp+QHBdFVYcPvaQHWF3o8OlL","privKey":"qDZay7ohkifXFjNWB2aRM2lsP7Giii9IiJNs2vJUqV4="},"lastRemoteEphemeralKey":"BYayasXBd9RRefl23UYB3g4ZYMfWf0Du1gZ0pILyqaFE","previousCounter":0,"rootKey":"mvNgVdbpkEyEh1xCp2d3+deuB4c1OQ3vWrr1UmPKdRc="},"indexInfo":{"baseKey":"BWgC1CfAjtK7VWKGN79gAxmW8Jl0U74LTzX8T0/jKuNW","baseKeyType":1,"closed":-1,"used":1691326024638,"created":1691326024638,"remoteIdentityKey":"BaV25dUBY/ux4zQ8N9VkaJd/Te8bacGorTxt3YXGxKw/"},"_chains":{"BeNsqpMnMApFm3lR63ilDp+QHBdFVYcPvaQHWF3o8OlL":{"chainKey":{"counter":0,"key":"Ss4wQG/Chaz446FPBBRdVQMqJM5Qh61YpD74GSpyYqc="},"chainType":1,"messageKeys":{}}},"pendingPreKey":{"signedKeyId":8,"baseKey":"BWgC1CfAjtK7VWKGN79gAxmW8Jl0U74LTzX8T0/jKuNW","preKeyId":7973734}}},"version":"v1"}