{"_sessions":{"BZR7jYs7oMiI/ny5ymibsagGxMW2n79/Pf/uWOhM0+Fm":{"registrationId":574563334,"currentRatchet":{"ephemeralKeyPair":{"pubKey":"BbcrBA4uYJeerwpeOptuehCQqr9qxqNm0Ft//S7g1+54","privKey":"eM/J6OTlAFEl5zcQgPrq3qVyDjIssXekKeRAB5Wn6EU="},"lastRemoteEphemeralKey":"BdLj0hnYf7ywEdRUh6/lnHXnuOEHfkbjLx0NI8DpFrY+","previousCounter":0,"rootKey":"9YoV2zGbY29a8bh/h5baA8YROncvkK0VP4NXtfDQubY="},"indexInfo":{"baseKey":"BZR7jYs7oMiI/ny5ymibsagGxMW2n79/Pf/uWOhM0+Fm","baseKeyType":1,"closed":-1,"used":1691325929264,"created":1691325929264,"remoteIdentityKey":"Ba0u9Yvt+JPn9nnLv71LlcoAyu05wN7RAQ4pE+We5nld"},"_chains":{"BbcrBA4uYJeerwpeOptuehCQqr9qxqNm0Ft//S7g1+54":{"chainKey":{"counter":1,"key":"QCielFfM4xICVVcm10vR7E52wcc7qhZDQPY4sHqymS4="},"chainType":1,"messageKeys":{}}},"pendingPreKey":{"signedKeyId":3,"baseKey":"BZR7jYs7oMiI/ny5ymibsagGxMW2n79/Pf/uWOhM0+Fm","preKeyId":2946575}}},"version":"v1"}