{"_sessions":{"BZrXuOhcybAXcp1XXvI3HtKM0cD7hYX0dUvn/xQ9mVdN":{"registrationId":12696908,"currentRatchet":{"ephemeralKeyPair":{"pubKey":"BUXKzNSlXk7UCSt9WZPTgaj+Bzu2KgL7uSDY9/znJlZ/","privKey":"mDjJ63SeYRx6rrZ0Is0eCVkYoj27eKV+imJkQd2+AFI="},"lastRemoteEphemeralKey":"BdNOGj0HvJ709c2VmCeoeG+Q2mr+ianiAc/bRPrCuool","previousCounter":0,"rootKey":"2JdVyCyD30L9i38oEZRvmVozzXV04sQSCXRR56Fx1Jc="},"indexInfo":{"baseKey":"BZrXuOhcybAXcp1XXvI3HtKM0cD7hYX0dUvn/xQ9mVdN","baseKeyType":1,"closed":-1,"used":1691325928642,"created":1691325928642,"remoteIdentityKey":"BSrqtLaZKxxpfougItylk+cl7SYlpYR/Zz4BQhfBwSNt"},"_chains":{"BUXKzNSlXk7UCSt9WZPTgaj+Bzu2KgL7uSDY9/znJlZ/":{"chainKey":{"counter":1,"key":"N8TnqaIqU0f42vP5b5w1We+rLnJ+gRNX1uuUeEdzQ14="},"chainType":1,"messageKeys":{}}},"pendingPreKey":{"signedKeyId":5,"baseKey":"BZrXuOhcybAXcp1XXvI3HtKM0cD7hYX0dUvn/xQ9mVdN","preKeyId":8549655}}},"version":"v1"}