{"_sessions":{"BROca7pl6/oCz//4kB/33dG0QWxEGQfkb8atrbtcDLkZ":{"registrationId":276122877,"currentRatchet":{"ephemeralKeyPair":{"pubKey":"BTW6vYfxSYUPxLaEy6DpQfa2XsUDojAVuHv22ltfpclT","privKey":"WPOaTTF098hJux9XBdqoPlxPcxYab8WDABNzu4XRDHs="},"lastRemoteEphemeralKey":"Bezkb8IUiiCfW7gNbdhAAUIa2E30NR1qRncgXB61qwoW","previousCounter":0,"rootKey":"IvUQiT3FXc1I42IgWh+ND7I5oN0TB/U0YNikjT/U7Jg="},"indexInfo":{"baseKey":"BROca7pl6/oCz//4kB/33dG0QWxEGQfkb8atrbtcDLkZ","baseKeyType":1,"closed":-1,"used":1691325930039,"created":1691325930039,"remoteIdentityKey":"BdlYMgfTPP3LNPeT26dt/4YZPRWaH379hpDkr9G3uLMZ"},"_chains":{"BTW6vYfxSYUPxLaEy6DpQfa2XsUDojAVuHv22ltfpclT":{"chainKey":{"counter":1,"key":"wWUFSoHmdhdUV4bMyhJTUbex7nwBNf83/5BZ2mTGHEI="},"chainType":1,"messageKeys":{}}},"pendingPreKey":{"signedKeyId":0,"baseKey":"BROca7pl6/oCz//4kB/33dG0QWxEGQfkb8atrbtcDLkZ"}}},"version":"v1"}