{"_sessions":{"BWPdegy5cV36PGol/AJGHGYZiRx261MD0dDkAbOyFbwI":{"registrationId":1926502515,"currentRatchet":{"ephemeralKeyPair":{"pubKey":"BXzkEm8e7SK0VE93NBLGONRHZSPpinAA7iuEQGupFudD","privKey":"uNCcLGQljgmffJ7Fz1PdcQcopH3IubaZrWcPgvvAOEQ="},"lastRemoteEphemeralKey":"BdCcj5eD4ZgZNdAp2EfitrTdfVMHR7gnznMTg1YBXMwU","previousCounter":0,"rootKey":"sEKj3tgw10urZKq4IxKLm+jY9gyoB48HTTiqkMC6usE="},"indexInfo":{"baseKey":"BWPdegy5cV36PGol/AJGHGYZiRx261MD0dDkAbOyFbwI","baseKeyType":1,"closed":-1,"used":1691325929556,"created":1691325929556,"remoteIdentityKey":"BTK541COvhmUBn08+P/BV7fSiYkS+xKlUGLiPs7k7TQW"},"_chains":{"BXzkEm8e7SK0VE93NBLGONRHZSPpinAA7iuEQGupFudD":{"chainKey":{"counter":1,"key":"7asvLL9ocUAyX+RUTBnG8+/vGQizPz6bT76ycpdMp6E="},"chainType":1,"messageKeys":{}}},"pendingPreKey":{"signedKeyId":1,"baseKey":"BWPdegy5cV36PGol/AJGHGYZiRx261MD0dDkAbOyFbwI","preKeyId":9310871}}},"version":"v1"}