{"_sessions":{"Be2H8ReTEzjT1gBav1yNQA0E6VbOduC4FjK8br7O0bhK":{"registrationId":1741945212,"currentRatchet":{"ephemeralKeyPair":{"pubKey":"BSMRi4CnqXv6S2kmQDxxOzorAlPOyZH6w3qvWXcdHc0y","privKey":"ePpMdjtkyB2IKQ+cXxg6dI/xxSxYDhpI3RyqmRAA+0Y="},"lastRemoteEphemeralKey":"BZGpdHthAzOoSrIAz0Uj+vCUaCt2NQVN4fb9qNabYUR1","previousCounter":0,"rootKey":"qHlNTgzfKWGpsN27Sm57qZyf3oFPbm8N0VK9xjl+P3c="},"indexInfo":{"baseKey":"Be2H8ReTEzjT1gBav1yNQA0E6VbOduC4FjK8br7O0bhK","baseKeyType":1,"closed":-1,"used":1691326018954,"created":1691326018954,"remoteIdentityKey":"BaqMTfSk6O4GMa7tJPfsyboemmYZzDfCS/UcAs3y1/Vt"},"_chains":{"BSMRi4CnqXv6S2kmQDxxOzorAlPOyZH6w3qvWXcdHc0y":{"chainKey":{"counter":0,"key":"IOmSvB0x1fqnFOy1v3FFqKQnJ7GHuO1PzMZe1+ePOPY="},"chainType":1,"messageKeys":{}}},"pendingPreKey":{"signedKeyId":3,"baseKey":"Be2H8ReTEzjT1gBav1yNQA0E6VbOduC4FjK8br7O0bhK","preKeyId":13116699}}},"version":"v1"}