{"_sessions":{"BdbK3JP2n/NyAR97+11AkTfWVwyRckgwEDlQ0PZ9NNlA":{"registrationId":37592052,"currentRatchet":{"ephemeralKeyPair":{"pubKey":"BUD2xdCsjMhoFg+9e7cvduvG5C9rq+itstwkQTa6fgxA","privKey":"ADhBz8pjscEtqs68mvjiy0LztAUpa91EY8TTPYNyp3U="},"lastRemoteEphemeralKey":"BcrEtIOaaVpttqIXZkyy9dOvEbInZ/IoDaxzoVsKAKt1","previousCounter":0,"rootKey":"f/yrU6dRO/zgu8YfDTUGW303fJe2hmQ+9RWR0zWNMnk="},"indexInfo":{"baseKey":"BdbK3JP2n/NyAR97+11AkTfWVwyRckgwEDlQ0PZ9NNlA","baseKeyType":1,"closed":-1,"used":1691326025571,"created":1691326025571,"remoteIdentityKey":"Bc2jRRRTpzgPTH+8rwK6QIKx9nPSLJv0aI+Stcc0dw0P"},"_chains":{"BUD2xdCsjMhoFg+9e7cvduvG5C9rq+itstwkQTa6fgxA":{"chainKey":{"counter":0,"key":"DkS7jAoYmnFDoOdeq9lx0ZEIv1Fd6ex1/SRDWeJc1BI="},"chainType":1,"messageKeys":{}}},"pendingPreKey":{"signedKeyId":0,"baseKey":"BdbK3JP2n/NyAR97+11AkTfWVwyRckgwEDlQ0PZ9NNlA"}}},"version":"v1"}