{"_sessions":{"BZkNYZ0ucA8aIFxyi6dnXPhaTtg9nOOotCtujX1/04o5":{"registrationId":1439650311,"currentRatchet":{"ephemeralKeyPair":{"pubKey":"Bd02zajXqbtdtOnxnKU+6VE0tO2BpEGmK3tdHS8mN1lv","privKey":"ULH5B/E6/mrUpij2fxV27dM41FYROd+m6ixNqm69a1o="},"lastRemoteEphemeralKey":"BTf3E5U5oycVgLwfY66RQDfEUyGmy99x2H+rMBtlO/BV","previousCounter":0,"rootKey":"tw7cm/+HkpRGYGWraQk3IOnEf2owapOkSU+HtEm+8QU="},"indexInfo":{"baseKey":"BZkNYZ0ucA8aIFxyi6dnXPhaTtg9nOOotCtujX1/04o5","baseKeyType":1,"closed":-1,"used":1691326021855,"created":1691326021855,"remoteIdentityKey":"BfUtep+H6UrazLkMZnrbjeUZdIgUDbV+PP1nrH8I4Fp4"},"_chains":{"Bd02zajXqbtdtOnxnKU+6VE0tO2BpEGmK3tdHS8mN1lv":{"chainKey":{"counter":0,"key":"OMu8LtCHPBKTOeNQgMy1NikpYGzTrpqfef4GEKwal3U="},"chainType":1,"messageKeys":{}}},"pendingPreKey":{"signedKeyId":1,"baseKey":"BZkNYZ0ucA8aIFxyi6dnXPhaTtg9nOOotCtujX1/04o5"}}},"version":"v1"}