{"_sessions":{"BX9WXrq2HAhXtxDpKkJCRIW5llbauCiAXeSgOKA3+Uph":{"registrationId":1779366524,"currentRatchet":{"ephemeralKeyPair":{"pubKey":"BajbnpWbPbAHoiCpHhVWq3h1SuBXup24u41GGkeEvnAe","privKey":"iMLhoFYLBtRj8X0DEPM8lcgUA6+wG5DXBNAvTk3VL1M="},"lastRemoteEphemeralKey":"BUmCYoVoDxNH/jq8/MbXiXVwm39xIawSUhGnpcJIWf10","previousCounter":0,"rootKey":"DIXgpz3FYitzMyU7HVYS8HlETHDOFOYKq9tmGfOitRg="},"indexInfo":{"baseKey":"BX9WXrq2HAhXtxDpKkJCRIW5llbauCiAXeSgOKA3+Uph","baseKeyType":1,"closed":-1,"used":1691326021252,"created":1691326021252,"remoteIdentityKey":"BaLz/7iFUECPWYpLHASu5MoZCF48XGoicrWJFFSZfaMD"},"_chains":{"BajbnpWbPbAHoiCpHhVWq3h1SuBXup24u41GGkeEvnAe":{"chainKey":{"counter":0,"key":"pMFTqEB0/4q8lt9DhgccERmozXXm1BjJ3dHkyrD1izY="},"chainType":1,"messageKeys":{}}},"pendingPreKey":{"signedKeyId":2,"baseKey":"BX9WXrq2HAhXtxDpKkJCRIW5llbauCiAXeSgOKA3+Uph"}}},"version":"v1"}