{"_sessions":{"BUVdSq8Z+FXbvtCGWSb2LT0L1635gRhB4gq3cfQJB6Bg":{"registrationId":1822454075,"currentRatchet":{"ephemeralKeyPair":{"pubKey":"BTUdSchHhioR5og3tI2Bh4FTG7U4jmZaZoKJ6sed/Px+","privKey":"YLhy7dDf5TdPRn9vtsMiQxn2o5dEOOh2iENxfsAKdXg="},"lastRemoteEphemeralKey":"BQwq5815+fQ2qJIq+8pHqrapMSETU93dxvIM4ZTXjZ9i","previousCounter":0,"rootKey":"vUsbQAKSVWymN99qiTcblENpRsR6lL6ODkhUSCoolGE="},"indexInfo":{"baseKey":"BUVdSq8Z+FXbvtCGWSb2LT0L1635gRhB4gq3cfQJB6Bg","baseKeyType":1,"closed":-1,"used":1691326024375,"created":1691326024375,"remoteIdentityKey":"BbIsgMlM0yClKkaExQUhRJ1Gd2ucmLn+Rm7E6wGEcPkH"},"_chains":{"BTUdSchHhioR5og3tI2Bh4FTG7U4jmZaZoKJ6sed/Px+":{"chainKey":{"counter":0,"key":"Q1Fq4jItfFzY5561Gm1DhsJsvXVguL0Tmc8IDVWlrF0="},"chainType":1,"messageKeys":{}}},"pendingPreKey":{"signedKeyId":1,"baseKey":"BUVdSq8Z+FXbvtCGWSb2LT0L1635gRhB4gq3cfQJB6Bg","preKeyId":7700162}}},"version":"v1"}