{"_sessions":{"BSGxx+KijpP6YSl2oR+Nyo4Yx053Mc/2op8MNZccNdY/":{"registrationId":474347393,"currentRatchet":{"ephemeralKeyPair":{"pubKey":"BUft0PJosgs6+beyuBIxviUenxsNOrbp/BNooZrI3c8l","privKey":"yM/h5jAx7FQ4p5bOBTtdK9p4Rb9a260JEgIER7LxXGM="},"lastRemoteEphemeralKey":"BeU8wb+cFyB5rsTfuQHFcm4Q+VWxZRaIQjmuSBFdJh9R","previousCounter":0,"rootKey":"+qopns9grNvh9x481BQJedZfAM23irtijk5ccbr4+Io="},"indexInfo":{"baseKey":"BSGxx+KijpP6YSl2oR+Nyo4Yx053Mc/2op8MNZccNdY/","baseKeyType":1,"closed":-1,"used":1691326019861,"created":1691326019861,"remoteIdentityKey":"BZgDERcD2N2v4D8vqZMTPBMJSTCwjhKvIX5614Z0PGRW"},"_chains":{"BUft0PJosgs6+beyuBIxviUenxsNOrbp/BNooZrI3c8l":{"chainKey":{"counter":0,"key":"xJbnQV5UfCCBCMWl3NLCQ/KtkJzADnWOTgJ4OqtKVQw="},"chainType":1,"messageKeys":{}}},"pendingPreKey":{"signedKeyId":3,"baseKey":"BSGxx+KijpP6YSl2oR+Nyo4Yx053Mc/2op8MNZccNdY/","preKeyId":4686825}}},"version":"v1"}