{"_sessions":{"BTTgtJAp/Ln/P3LlQyNzMccYwJuKAjs+wgiw612eWEFi":{"registrationId":1173101370,"currentRatchet":{"ephemeralKeyPair":{"pubKey":"BTFhzMBe92CUEtbxialqPvRBbRBkxB0J/pb5GI4JCFdS","privKey":"2DbxAtIGaqidWeDCURHPhw4bOUKlTqNiXYx0AhLsQEs="},"lastRemoteEphemeralKey":"BRFhA8OfOEUv8fJsJkPJbHyWhIk2KQ/lKKV/ppMFoeJl","previousCounter":0,"rootKey":"d1d8S6JE8kdbbKvjJRvjFza4dNz1mtOiLJEt7JYqEZg="},"indexInfo":{"baseKey":"BTTgtJAp/Ln/P3LlQyNzMccYwJuKAjs+wgiw612eWEFi","baseKeyType":1,"closed":-1,"used":1691326024434,"created":1691326024434,"remoteIdentityKey":"BTD+ZJQrm1IhMBAu6QeUXcQPlR3jIq6Yppsq121pKXEN"},"_chains":{"BTFhzMBe92CUEtbxialqPvRBbRBkxB0J/pb5GI4JCFdS":{"chainKey":{"counter":0,"key":"gY0ArWe6H5QnT2cnzAfuHiQHDup1B2bvuUPHWZ+TZgw="},"chainType":1,"messageKeys":{}}},"pendingPreKey":{"signedKeyId":2,"baseKey":"BTTgtJAp/Ln/P3LlQyNzMccYwJuKAjs+wgiw612eWEFi","preKeyId":11005869}}},"version":"v1"}