{"_sessions":{"BefKJd65gc7BlmchTL8yyypVBEiIlgPvWQXQzSKyIPJ+":{"registrationId":818107445,"currentRatchet":{"ephemeralKeyPair":{"pubKey":"Baga9lUeArai2SqFnpuC6bGqcGJ/6tyDHK1VfDc96nwU","privKey":"uI+6uBlx2Ydm01KjDNOyLfOxywwoBkbNxzrEr4pux00="},"lastRemoteEphemeralKey":"BfuKnkI1u3FkyvTuVWJN9mNCFA5AYMT252cMKBD4+Qlm","previousCounter":0,"rootKey":"tfxGkiumDp3Jyeeb1qDjwBYZFht8xvj1PrCdaNYwzZI="},"indexInfo":{"baseKey":"BefKJd65gc7BlmchTL8yyypVBEiIlgPvWQXQzSKyIPJ+","baseKeyType":1,"closed":-1,"used":1691326025275,"created":1691326025275,"remoteIdentityKey":"BQZshqEOh4+RlUDWmZrxLFVO4HELVqrddMs7V8LgBIBz"},"_chains":{"Baga9lUeArai2SqFnpuC6bGqcGJ/6tyDHK1VfDc96nwU":{"chainKey":{"counter":0,"key":"CUFHkh0SwjpukGE2VvWnGhM0NnDqcK/6Wnj2DfANvBs="},"chainType":1,"messageKeys":{}}},"pendingPreKey":{"signedKeyId":13,"baseKey":"BefKJd65gc7BlmchTL8yyypVBEiIlgPvWQXQzSKyIPJ+","preKeyId":10623838}}},"version":"v1"}