{"_sessions":{"BaglWu8VLxwZaaAGzpXG6+8INT6Ss77Qrp5mOe03rC4r":{"registrationId":409849931,"currentRatchet":{"ephemeralKeyPair":{"pubKey":"BY8o31Blx9YFgRyRq6AR/keRtFuQov7DKrfUHXL9bH0l","privKey":"6LFgGX+8JNlEXvKHRriqyU0och/rSs6bBgfnksORJnU="},"lastRemoteEphemeralKey":"BcoweYyGq96gd7uxnDs1ne4S0/gsnORy0Bobbjf4DV54","previousCounter":0,"rootKey":"+RuUTqk0JlCEVGvM5QmVCVAW/Mbf3YMGfamfHPWI2Go="},"indexInfo":{"baseKey":"BaglWu8VLxwZaaAGzpXG6+8INT6Ss77Qrp5mOe03rC4r","baseKeyType":1,"closed":-1,"used":1691326018971,"created":1691326018971,"remoteIdentityKey":"BbMV6UI3ojHFgyC/vz7pCd4xMBFe0bJwdp8sBt88h7Y0"},"_chains":{"BY8o31Blx9YFgRyRq6AR/keRtFuQov7DKrfUHXL9bH0l":{"chainKey":{"counter":0,"key":"l8H2FQKUz3FMcE8iL0buwIHnwMGXUaAMPFagR4e4ChA="},"chainType":1,"messageKeys":{}}},"pendingPreKey":{"signedKeyId":0,"baseKey":"BaglWu8VLxwZaaAGzpXG6+8INT6Ss77Qrp5mOe03rC4r"}}},"version":"v1"}