{"_sessions":{"BVEast+iXm/atmAdABNQDgnGtlgzD0Icm4vyK8O9GFYB":{"registrationId":878668241,"currentRatchet":{"ephemeralKeyPair":{"pubKey":"BXJRUmjlifEr2bxB2SpMiiDwGbmg/EQfIjsedYgAE1gu","privKey":"MN4Yx9QbgGjuhcTnPFqjbqeWxdnmYvJCyZcZ4IDllXo="},"lastRemoteEphemeralKey":"BfBn4CYaI+hX5xDbNNSih9eDDMejsbRXg59OHTLV4nhH","previousCounter":0,"rootKey":"gP+kmK2HS5LeEDZnfbUIrUvxFKhWByM43fRWUFhb3+0="},"indexInfo":{"baseKey":"BVEast+iXm/atmAdABNQDgnGtlgzD0Icm4vyK8O9GFYB","baseKeyType":1,"closed":-1,"used":1691326020175,"created":1691326020175,"remoteIdentityKey":"BRGCNRhVBbWs9vT46txmWVXc6VYTS+S99lFtEq+cQi5d"},"_chains":{"BXJRUmjlifEr2bxB2SpMiiDwGbmg/EQfIjsedYgAE1gu":{"chainKey":{"counter":0,"key":"AKFUg6b+GIPp6gc9ww35IwP0GNfWZHC+3+CCTbe5oRE="},"chainType":1,"messageKeys":{}}},"pendingPreKey":{"signedKeyId":12,"baseKey":"BVEast+iXm/atmAdABNQDgnGtlgzD0Icm4vyK8O9GFYB","preKeyId":14069097}}},"version":"v1"}