{"_sessions":{"BUS4KVgaRH7aR42TpuCyOs/I/d1G2X3oQSBltJSuZdl7":{"registrationId":1982559897,"currentRatchet":{"ephemeralKeyPair":{"pubKey":"BY4+OO3O4IfyiYCTi6yuQuuCZEZYjy6mATYaL9fqoipX","privKey":"oMO122p/1tH8VcW5deZvUKjC9lK9/dXCp+2ejUgOkk4="},"lastRemoteEphemeralKey":"BUsJdvxpES4h9uR9Z3P0AQtqOdouNy5spBUR4KpDiF8/","previousCounter":0,"rootKey":"chNLYA88B7RHRj3GArpDeDfKXHBX9yTYZzXxgUQxS34="},"indexInfo":{"baseKey":"BUS4KVgaRH7aR42TpuCyOs/I/d1G2X3oQSBltJSuZdl7","baseKeyType":1,"closed":-1,"used":1691326023169,"created":1691326023169,"remoteIdentityKey":"BbOPqXgdhs6dy65XYcfkpa7yXjBHSk+dH4OMvXoqJwEc"},"_chains":{"BY4+OO3O4IfyiYCTi6yuQuuCZEZYjy6mATYaL9fqoipX":{"chainKey":{"counter":0,"key":"ohD/je2vMjPClwns7zKDgVIq1Isy8I/Vd09fDjiSlao="},"chainType":1,"messageKeys":{}}},"pendingPreKey":{"signedKeyId":11,"baseKey":"BUS4KVgaRH7aR42TpuCyOs/I/d1G2X3oQSBltJSuZdl7","preKeyId":11383134}}},"version":"v1"}