{"_sessions":{"BeKtatSWrA3+USP0jXu1xpc9yeKFia3/g9XNDGAzhrdG":{"registrationId":343351960,"currentRatchet":{"ephemeralKeyPair":{"pubKey":"BeKlpKmH2LsXvIS/v0/ZnSBCxm37PJXi2y5qd5R/TeMR","privKey":"kNW8WAX1yzCJO2uMdRw24rMeMdMnKsufssIK73S5FWo="},"lastRemoteEphemeralKey":"BXcw4I55+MyElDLoNNjbnGbr73AVqugtdUaJyis3IvdM","previousCounter":0,"rootKey":"j8JnIGsReEzWpwjac8qDBHBIxpP86N3Kz4r2BiduPmM="},"indexInfo":{"baseKey":"BeKtatSWrA3+USP0jXu1xpc9yeKFia3/g9XNDGAzhrdG","baseKeyType":1,"closed":-1,"used":1691326020276,"created":1691326020276,"remoteIdentityKey":"BfLNPeHkXayvXYR7ZHELkDaSYVg/9v72iwxQT3JdV9kK"},"_chains":{"BeKlpKmH2LsXvIS/v0/ZnSBCxm37PJXi2y5qd5R/TeMR":{"chainKey":{"counter":0,"key":"I+bKFmJsv3Mz+8DUrLuIFdJtu4gXGJTdS+kNbNMJCR0="},"chainType":1,"messageKeys":{}}},"pendingPreKey":{"signedKeyId":5,"baseKey":"BeKtatSWrA3+USP0jXu1xpc9yeKFia3/g9XNDGAzhrdG"}}},"version":"v1"}