{"_sessions":{"Bbncj3mxo/4lkpsh71Q4xqvCZj3SDe8nVCnx7A07wXh1":{"registrationId":1662171125,"currentRatchet":{"ephemeralKeyPair":{"pubKey":"Bf6BPAoUihGWq219R7ew9cLBSEESxmjbHlUA9LMfz48r","privKey":"4N7ciMMxl3Hhd+Ly8JW91XX92L8HSoyKGoijjD2Ss2g="},"lastRemoteEphemeralKey":"Bb6rP/zDv2m1MlTJsT9hJ1IDHd2ZYMuZvWkU7htlBgFf","previousCounter":0,"rootKey":"QjAB1xJhDkpUEKj/2CvgDvu/Wu9MF6uSp1LEADj09sA="},"indexInfo":{"baseKey":"Bbncj3mxo/4lkpsh71Q4xqvCZj3SDe8nVCnx7A07wXh1","baseKeyType":1,"closed":-1,"used":1691326023636,"created":1691326023636,"remoteIdentityKey":"BVLDrIJA5RrPzeP8b7a6/Y8lQWdHQVK4jzZ2vHPH3N1L"},"_chains":{"Bf6BPAoUihGWq219R7ew9cLBSEESxmjbHlUA9LMfz48r":{"chainKey":{"counter":0,"key":"JG6wjIu1DDtb/lTUSHopxxB7NPgRWNfOvZzQu/t1XoE="},"chainType":1,"messageKeys":{}}},"pendingPreKey":{"signedKeyId":3,"baseKey":"Bbncj3mxo/4lkpsh71Q4xqvCZj3SDe8nVCnx7A07wXh1","preKeyId":2049223}}},"version":"v1"}