{"_sessions":{"BXouPlCm55ElQY3J6LTJ8Spq30TbQXK0NddD/DFaaAZT":{"registrationId":681216427,"currentRatchet":{"ephemeralKeyPair":{"pubKey":"BbX6ZEQliFvtDscQ/t31gcJ0YWv791/0c3sZ2ljTFYQ9","privKey":"2JOtQoe0s4t+MvEXXzQEP8Dw1e7gUVz46Bafz4BI6F0="},"lastRemoteEphemeralKey":"BekOwx+yGc6AwynQ2NrlD9fRJf7X+1DaCd8g0rQpLepi","previousCounter":0,"rootKey":"Z69lhbpNBkIVCZGMMp885CHl9gEGWcO7RK+Q5DzkCRs="},"indexInfo":{"baseKey":"BXouPlCm55ElQY3J6LTJ8Spq30TbQXK0NddD/DFaaAZT","baseKeyType":1,"closed":-1,"used":1691325929773,"created":1691325929773,"remoteIdentityKey":"BR6V1WBT+soiW+8VvLvVUwaSFDYvYt0FWVuFngwykUYC"},"_chains":{"BbX6ZEQliFvtDscQ/t31gcJ0YWv791/0c3sZ2ljTFYQ9":{"chainKey":{"counter":1,"key":"vB6gL4M1OltPHQ0YIc8Z2jEhJLvMAcvfKUwOMGZoc7U="},"chainType":1,"messageKeys":{}}},"pendingPreKey":{"signedKeyId":0,"baseKey":"BXouPlCm55ElQY3J6LTJ8Spq30TbQXK0NddD/DFaaAZT","preKeyId":304386}}},"version":"v1"}