{"_sessions":{"BbduREJYdairKKvR3aFxTzxvPCgTQepXd7Hs7q14+HRL":{"registrationId":1652320949,"currentRatchet":{"ephemeralKeyPair":{"pubKey":"BSerSRbhT27kVqUgKvZlwmNiCTb/2MfcnRwrIX2sWulg","privKey":"8DIzNhZgynJujzGxqIRSuk+5qsJRrPret9KQdljfS0w="},"lastRemoteEphemeralKey":"BXMvvPRsllmhTFAF06tu/0vjvfvgjEqmY7BFvnshmFgB","previousCounter":0,"rootKey":"LiE1axVcRd4PAwzyTqsFK9XRjA8a7DSi5mff4QHrurc="},"indexInfo":{"baseKey":"BbduREJYdairKKvR3aFxTzxvPCgTQepXd7Hs7q14+HRL","baseKeyType":1,"closed":-1,"used":1691326023042,"created":1691326023042,"remoteIdentityKey":"BfCSFDdnE90aioe1MfDFsg0Q/8LNYkItWDG0F1G8KvR/"},"_chains":{"BSerSRbhT27kVqUgKvZlwmNiCTb/2MfcnRwrIX2sWulg":{"chainKey":{"counter":0,"key":"F4hXJ0VJXY9d6gaiL+a1JjR/sLW6skr/dq0isOQm+bg="},"chainType":1,"messageKeys":{}}},"pendingPreKey":{"signedKeyId":0,"baseKey":"BbduREJYdairKKvR3aFxTzxvPCgTQepXd7Hs7q14+HRL"}}},"version":"v1"}