{"_sessions":{"BUOj24kO9W2GxNERllr/PxCAzocbNgy5q44r+/1LoJMD":{"registrationId":1718989916,"currentRatchet":{"ephemeralKeyPair":{"pubKey":"BS09FVTb6bThELZc34k5/aii++QC7LUR7odQA1x8u15O","privKey":"mNTGaUCdPYKSp35IN0eweaBJVaJ7YQsq/azb4Jz7fnM="},"lastRemoteEphemeralKey":"BSzpDIRlxFE/Y33C/ULzQ1+2NQ8+PaHC+kE86GGrGh5l","previousCounter":0,"rootKey":"QvD2XF/OKfpDU9LFFZ6W/BRragC04ujHlGPUAqKf4I4="},"indexInfo":{"baseKey":"BUOj24kO9W2GxNERllr/PxCAzocbNgy5q44r+/1LoJMD","baseKeyType":1,"closed":-1,"used":1691325929542,"created":1691325929542,"remoteIdentityKey":"BRCWuhRms5bQBzTHdhjKvK9MBlxqUtA4uZMB5SjwBIoy"},"_chains":{"BS09FVTb6bThELZc34k5/aii++QC7LUR7odQA1x8u15O":{"chainKey":{"counter":1,"key":"Jmd/494uX/XS9OAfet5mOH7f+Z/fmIZphmuSm5oi/rg="},"chainType":1,"messageKeys":{}}},"pendingPreKey":{"signedKeyId":14,"baseKey":"BUOj24kO9W2GxNERllr/PxCAzocbNgy5q44r+/1LoJMD","preKeyId":11493990}}},"version":"v1"}