{"_sessions":{"BffP9kxsHWTFL/J4ICE00qJPsOJRZ9g/2X3FjS93xko+":{"registrationId":1802626457,"currentRatchet":{"ephemeralKeyPair":{"pubKey":"Bd1WXqVyPaHDEc7QTgbIEgKCWlaFFXcBWRnmGmraE7gY","privKey":"CIrl7qikAaBgvaour5vfRGve895kavCu27niCagiNEc="},"lastRemoteEphemeralKey":"BeL5lfHzJteaFFtGlvvo5IdzXZ5yu+jFaoJQCSiKqfxf","previousCounter":0,"rootKey":"IuhvDdA2jdzvq9kki3pxlyq/9DmQO7MMMXw6M2HxJjA="},"indexInfo":{"baseKey":"BffP9kxsHWTFL/J4ICE00qJPsOJRZ9g/2X3FjS93xko+","baseKeyType":1,"closed":-1,"used":1691326023177,"created":1691326023177,"remoteIdentityKey":"BadE3xS5+7bu8h1RSIuQrrDs4faaT6vKJmLCoI0N9lI0"},"_chains":{"Bd1WXqVyPaHDEc7QTgbIEgKCWlaFFXcBWRnmGmraE7gY":{"chainKey":{"counter":0,"key":"ZjHmikv/VPHcqY8EVQoezSu5LL/ydfMZht1JNerSumY="},"chainType":1,"messageKeys":{}}},"pendingPreKey":{"signedKeyId":2,"baseKey":"BffP9kxsHWTFL/J4ICE00qJPsOJRZ9g/2X3FjS93xko+","preKeyId":6797223}}},"version":"v1"}