{"_sessions":{"BUlIjKlRjZP6N7EXyb54Y/3yoPHJV9Cyjs2y8wNmOosP":{"registrationId":1306102223,"currentRatchet":{"ephemeralKeyPair":{"pubKey":"BXnXwnTWTktgfORPsxsYW7R6nQHAx8TmpMZMbrhhouEW","privKey":"IEX3kC4o+JLC1mgFaS6ZX02DKA24+RfEp13WPXYNzWI="},"lastRemoteEphemeralKey":"BdqzbtL33KIwbYg0tipT4qtxh5SQto300NFMGFVBNZEk","previousCounter":0,"rootKey":"38xmCpzekZEp+pjnbDpWSRjiOd44gR7hXO/4lDc9HCY="},"indexInfo":{"baseKey":"BUlIjKlRjZP6N7EXyb54Y/3yoPHJV9Cyjs2y8wNmOosP","baseKeyType":1,"closed":-1,"used":1691326024472,"created":1691326024472,"remoteIdentityKey":"BSV2fhfv8ob3IcXQzaFEuDVWfwi/3YsVnmiVqEk6NxZf"},"_chains":{"BXnXwnTWTktgfORPsxsYW7R6nQHAx8TmpMZMbrhhouEW":{"chainKey":{"counter":0,"key":"RNnTzsglCpFNx6KHjllCtYMf4+398P4vcjIGrQt9kAY="},"chainType":1,"messageKeys":{}}},"pendingPreKey":{"signedKeyId":2,"baseKey":"BUlIjKlRjZP6N7EXyb54Y/3yoPHJV9Cyjs2y8wNmOosP"}}},"version":"v1"}