{"_sessions":{"BXdV4LsED+Mq5EHPdkZhZNEcjKIQDgrTfOZe2L86gu5/":{"registrationId":454825351,"currentRatchet":{"ephemeralKeyPair":{"pubKey":"BVD6NKITK21XvfeMkVCdjMz2R3NOz50YBnh5vk9iu+4u","privKey":"wK35VvSpG5LR5hjagL+4ZmRaZadx7yEUdBfE7sdXKXU="},"lastRemoteEphemeralKey":"Bc0222JtSO+5xTtzByASRp/Qg9w5yCqrdC06ANW3hs8p","previousCounter":0,"rootKey":"h6gk8NHC56X97EvlydhmuZFkoOaPCwcCy4KGXFQd86Y="},"indexInfo":{"baseKey":"BXdV4LsED+Mq5EHPdkZhZNEcjKIQDgrTfOZe2L86gu5/","baseKeyType":1,"closed":-1,"used":1691326019854,"created":1691326019854,"remoteIdentityKey":"BbDNYTEEZzXO7YhLROEoGt78VlmCRjhRbYJteomf6PJB"},"_chains":{"BVD6NKITK21XvfeMkVCdjMz2R3NOz50YBnh5vk9iu+4u":{"chainKey":{"counter":0,"key":"xTVwXfMrQhZxYnQXtDocxKLjDGkGd6lT3ffIOnlmpRA="},"chainType":1,"messageKeys":{}}},"pendingPreKey":{"signedKeyId":5,"baseKey":"BXdV4LsED+Mq5EHPdkZhZNEcjKIQDgrTfOZe2L86gu5/"}}},"version":"v1"}