{"_sessions":{"BUFa5V0FnnitonIZMueVmHS9Mm1UEW1DB5tPH3DvDHhD":{"registrationId":181,"currentRatchet":{"ephemeralKeyPair":{"pubKey":"BTi0dsSuP2dDRIdnHZHJcXp0Y6r1/66xE0VpZ/NpfPoz","privKey":"MKaMIvRdHgkFia/S2s/rnPwp3dcAC0YeFrOJihI+VWo="},"lastRemoteEphemeralKey":"BQDavz2cpqce3+PzZLXxJY7JzcQzPYgWt7t6f4t4zwsp","previousCounter":0,"rootKey":"w7ec455Ra2pPqwX5skbYQH4UVdZMLRWgHe7rZEn303g="},"indexInfo":{"baseKey":"BUFa5V0FnnitonIZMueVmHS9Mm1UEW1DB5tPH3DvDHhD","baseKeyType":1,"closed":-1,"used":1691326018840,"created":1691326018840,"remoteIdentityKey":"BTJ9QzHqz03xtWoOwW7YxgcMLsR5gy5MGIh6nAA+NJ4o"},"_chains":{"BTi0dsSuP2dDRIdnHZHJcXp0Y6r1/66xE0VpZ/NpfPoz":{"chainKey":{"counter":0,"key":"1CyxnFBcTqF2lbe6K9bMxq/RbXUzyOagIcdbXGXSo6M="},"chainType":1,"messageKeys":{}}},"pendingPreKey":{"signedKeyId":1,"baseKey":"BUFa5V0FnnitonIZMueVmHS9Mm1UEW1DB5tPH3DvDHhD"}}},"version":"v1"}