{"_sessions":{"BfOSEY8XsgSNLYpUQYeyDWTLWWGPaG82HmUkRTddFMEu":{"registrationId":1500841373,"currentRatchet":{"ephemeralKeyPair":{"pubKey":"BcdtBf/tMeveLcWjE6geXVYoxi0NoC4Mq1d/+7A7cBVT","privKey":"SDcXq64k8GE9abvVglXAF+BKdHLonkC1XmYVuqoDfmU="},"lastRemoteEphemeralKey":"BaGnufpbz60aLc3sUXv9slDsvctgfEpgFCgN4uZEbxNx","previousCounter":0,"rootKey":"xvoz0Pim6vG87lmtZ4DC7mkH4rvTbYf89TQNLfcgMjw="},"indexInfo":{"baseKey":"BfOSEY8XsgSNLYpUQYeyDWTLWWGPaG82HmUkRTddFMEu","baseKeyType":1,"closed":-1,"used":1691326021567,"created":1691326021567,"remoteIdentityKey":"BaNpQ3QH596XlfLLiczJQEIONoL2OX0StSvFE1rSOCQI"},"_chains":{"BcdtBf/tMeveLcWjE6geXVYoxi0NoC4Mq1d/+7A7cBVT":{"chainKey":{"counter":0,"key":"4X3Z0Rd4VSTwi/v5mLfbDx9S1VWYJzS1l246G+br8B4="},"chainType":1,"messageKeys":{}}},"pendingPreKey":{"signedKeyId":2,"baseKey":"BfOSEY8XsgSNLYpUQYeyDWTLWWGPaG82HmUkRTddFMEu","preKeyId":5430462}}},"version":"v1"}