{"_sessions":{"BduqKGPLoy+Cn0imcbBs8cklp/nrQXAT2as4oM4wIIt9":{"registrationId":733234124,"currentRatchet":{"ephemeralKeyPair":{"pubKey":"BVfVEUrR8ATmf8KlsLxcB41mGKA9tNszWTF3OHvJsT0c","privKey":"yMwpFbRI3kFq8wUZ39mELxGd/vXAwR3/LLxvRje9+F4="},"lastRemoteEphemeralKey":"BTkZfKbax2OwH1mIFX/29cIJrd8wCeF6ZeN3TW5EUPcQ","previousCounter":0,"rootKey":"Qnb2oxxdv9D+qVnjBW1cavmDxzqKX+5NLY+Ez12tchE="},"indexInfo":{"baseKey":"BduqKGPLoy+Cn0imcbBs8cklp/nrQXAT2as4oM4wIIt9","baseKeyType":1,"closed":1691326103312,"used":1691325929130,"created":1691325929130,"remoteIdentityKey":"BXrqvjB/DHV1XNLt4+SDdwaj7OR9Xh2IWIYs1JBSyEdm"},"_chains":{"BVfVEUrR8ATmf8KlsLxcB41mGKA9tNszWTF3OHvJsT0c":{"chainKey":{"counter":1,"key":"Qwz9NP8tGwIwFGoyctJEOwVafgRtGaH6RunBkKvANi8="},"chainType":1,"messageKeys":{}}},"pendingPreKey":{"signedKeyId":2,"baseKey":"BduqKGPLoy+Cn0imcbBs8cklp/nrQXAT2as4oM4wIIt9","preKeyId":10113306}},"BZWDQ4GwkwQOhVnyF96xlzV50y8wSQ+VX7JD/FDePXdP":{"registrationId":733234124,"currentRatchet":{"ephemeralKeyPair":{"pubKey":"BUvxjF1fZOp5Wk+/EYMAGXPLOruiB1TdGzy8i57BJigZ","privKey":"GM6dzTApgMkW3CAd+VSHWjxcpDBeTDYJA7+pWucHt3w="},"lastRemoteEphemeralKey":"BTkZfKbax2OwH1mIFX/29cIJrd8wCeF6ZeN3TW5EUPcQ","previousCounter":0,"rootKey":"ZXUU95RiLVazaKEYZtrvvedUrS6M9IDNUS4nwmJfL+k="},"indexInfo":{"baseKey":"BZWDQ4GwkwQOhVnyF96xlzV50y8wSQ+VX7JD/FDePXdP","baseKeyType":1,"closed":1691326108160,"used":1691326103309,"created":1691326103309,"remoteIdentityKey":"BXrqvjB/DHV1XNLt4+SDdwaj7OR9Xh2IWIYs1JBSyEdm"},"_chains":{"BUvxjF1fZOp5Wk+/EYMAGXPLOruiB1TdGzy8i57BJigZ":{"chainKey":{"counter":-1,"key":"MXvYb53tufHjNJw8jauouY8SYHoEq7/uP7pgxT2+72I="},"chainType":1,"messageKeys":{}}},"pendingPreKey":{"signedKeyId":2,"baseKey":"BZWDQ4GwkwQOhVnyF96xlzV50y8wSQ+VX7JD/FDePXdP","preKeyId":10113334}},"BaxT5WuE6CVepwpUGQWWu+IHmpMivcVlQDC9o31be3kX":{"registrationId":733234124,"currentRatchet":{"ephemeralKeyPair":{"pubKey":"Bal+sAL4zsM5IA+9hR9cU+e90qI7E2Iw3D8orVMgeDUi","privKey":"GMcvyLIfgN3LFq1f4rtcjmEHDkNbQxR+/aGBhiZjQWk="},"lastRemoteEphemeralKey":"BTkZfKbax2OwH1mIFX/29cIJrd8wCeF6ZeN3TW5EUPcQ","previousCounter":0,"rootKey":"D3rc10edLfydVzv547uVTa9PJn25U43nwuD4zJxuMGI="},"indexInfo":{"baseKey":"BaxT5WuE6CVepwpUGQWWu+IHmpMivcVlQDC9o31be3kX","baseKeyType":1,"closed":-1,"used":1691326108157,"created":1691326108157,"remoteIdentityKey":"BXrqvjB/DHV1XNLt4+SDdwaj7OR9Xh2IWIYs1JBSyEdm"},"_chains":{"Bal+sAL4zsM5IA+9hR9cU+e90qI7E2Iw3D8orVMgeDUi":{"chainKey":{"counter":-1,"key":"lekXOhIpRl1LMqKrdt1LDQrEIMymngy76hdQT90Vg+o="},"chainType":1,"messageKeys":{}}},"pendingPreKey":{"signedKeyId":2,"baseKey":"BaxT5WuE6CVepwpUGQWWu+IHmpMivcVlQDC9o31be3kX","preKeyId":10112544}}},"version":"v1"}