{"_sessions":{"BfXXrkM19Ia4VPSrqsQj+PggvlnqDWUx/PzyZ+6VmcRn":{"registrationId":1688003275,"currentRatchet":{"ephemeralKeyPair":{"pubKey":"BYD3HQ/qD1/tY71KYYhGa6Skrb8u/eJHm0vRxqyanVpS","privKey":"OOOrHvlUDVBMxNEnv0bP9jyLtnZzPDs2w2BzVAcbAVs="},"lastRemoteEphemeralKey":"BQH/a6rtFjfq5tsEAiYejN2dmzLpprAdXtBhHfIsscws","previousCounter":0,"rootKey":"/qHoC0byz5cqgZE7jVacluV9DodSPwyHN9CwP2gdI3E="},"indexInfo":{"baseKey":"BfXXrkM19Ia4VPSrqsQj+PggvlnqDWUx/PzyZ+6VmcRn","baseKeyType":1,"closed":-1,"used":1691325930048,"created":1691325930048,"remoteIdentityKey":"BQk4bakxrifPNugCmCbZrofWCTGw8vVFeALCn2xYqB9P"},"_chains":{"BYD3HQ/qD1/tY71KYYhGa6Skrb8u/eJHm0vRxqyanVpS":{"chainKey":{"counter":1,"key":"ju21wbrhdxfdr9rclwb6K4B3/VFav5a18thPxfP/01Q="},"chainType":1,"messageKeys":{}}},"pendingPreKey":{"signedKeyId":7,"baseKey":"BfXXrkM19Ia4VPSrqsQj+PggvlnqDWUx/PzyZ+6VmcRn","preKeyId":10763767}}},"version":"v1"}