{"_sessions":{"BREnlzZfnUmb0nI0rge94wCBCVMCVgxt8WGnkqofIqUN":{"registrationId":1290773423,"currentRatchet":{"ephemeralKeyPair":{"pubKey":"BQtUfrcjEAbjScl5Yv//WkuOZQuN62f8gavJiS/bY2AA","privKey":"cP07Ryfugymk92JQ6OZGPLW0/O0gaMcm3L4EXjNufH4="},"lastRemoteEphemeralKey":"BYr8ij7HJ+NOCxv6Ci0xRLzKa72HfkLf+N/WPtGwXP8F","previousCounter":0,"rootKey":"oICFFNPrYml5CSb8/9Ivc2Atfs/52ti0I0S+38zFIjQ="},"indexInfo":{"baseKey":"BREnlzZfnUmb0nI0rge94wCBCVMCVgxt8WGnkqofIqUN","baseKeyType":1,"closed":-1,"used":1691326025653,"created":1691326025653,"remoteIdentityKey":"BYhtZHGedmWNdAkoU6h2aMSyAvfeyM0dILnsIkwmOgZJ"},"_chains":{"BQtUfrcjEAbjScl5Yv//WkuOZQuN62f8gavJiS/bY2AA":{"chainKey":{"counter":0,"key":"XR8bl0+9wFfKgLHoFEDKAb6AXG5j9Wj7JG+v9/iHc7I="},"chainType":1,"messageKeys":{}}},"pendingPreKey":{"signedKeyId":1,"baseKey":"BREnlzZfnUmb0nI0rge94wCBCVMCVgxt8WGnkqofIqUN"}}},"version":"v1"}