{"_sessions":{"BU5iM5HOc3H9/DI8KAUSufS9aKuXJemmWH61TIqrUDVD":{"registrationId":1877397661,"currentRatchet":{"ephemeralKeyPair":{"pubKey":"Bba1y0elROsoi90dG/i1LYNWkkHnM7p3K8O7wX2MHe0+","privKey":"yNizvahsWCU+VskatHZUC5DA4G432zwjuTZTMXbqamk="},"lastRemoteEphemeralKey":"BVhCC9yMeBL/2AzmWA1oED2wFwouCWwnCZmmWIu54dcb","previousCounter":0,"rootKey":"YZxzVk+4qurSHMjBCVFzRxxosVRCk6AaFmQknDlIbZw="},"indexInfo":{"baseKey":"BU5iM5HOc3H9/DI8KAUSufS9aKuXJemmWH61TIqrUDVD","baseKeyType":1,"closed":-1,"used":1691326021371,"created":1691326021371,"remoteIdentityKey":"BTRb6Hhj2y/B2WgaizWatILZmrBw8Rva3x5BmvophBFZ"},"_chains":{"Bba1y0elROsoi90dG/i1LYNWkkHnM7p3K8O7wX2MHe0+":{"chainKey":{"counter":0,"key":"+BqDClyHa/MFu0e8X8zNFtzYcak1xTSolp61I40VypY="},"chainType":1,"messageKeys":{}}},"pendingPreKey":{"signedKeyId":1,"baseKey":"BU5iM5HOc3H9/DI8KAUSufS9aKuXJemmWH61TIqrUDVD"}}},"version":"v1"}