{"_sessions":{"BZegcCcRA4LZ0JjjRItMCzS95yL+jnCSHcVnn20MC6Rj":{"registrationId":1915073109,"currentRatchet":{"ephemeralKeyPair":{"pubKey":"BZE/qqn6vYvemdeLcbRRI8Nqm+2V6e9NsBibki8Olux5","privKey":"oCLd/vvTikHWDFS5Jh5/c0MmeEcRQm6kEhsQpxvUyEI="},"lastRemoteEphemeralKey":"BUmWChKGhTHAHpvV4lVNgcIk8R4T8tjmdLvrcPXIJ50F","previousCounter":0,"rootKey":"/p81DHySWbeYYB6P/7aTy8RNhnRyOJ37RYrlRiMOL6c="},"indexInfo":{"baseKey":"BZegcCcRA4LZ0JjjRItMCzS95yL+jnCSHcVnn20MC6Rj","baseKeyType":1,"closed":-1,"used":1691325929050,"created":1691325929050,"remoteIdentityKey":"BQzbZd8UqqVnLFVjQcQEbWV1paaCePjyd7Lj7bbuONZS"},"_chains":{"BZE/qqn6vYvemdeLcbRRI8Nqm+2V6e9NsBibki8Olux5":{"chainKey":{"counter":1,"key":"5hzAKGPqIZbix68hPMmw1cfktF9aDXo1aN84Ua9b3h0="},"chainType":1,"messageKeys":{}}},"pendingPreKey":{"signedKeyId":1,"baseKey":"BZegcCcRA4LZ0JjjRItMCzS95yL+jnCSHcVnn20MC6Rj","preKeyId":9763640}}},"version":"v1"}