{"_sessions":{"BbQWzvp7DeBPP8G5Pi/MQQPgjV/dCQPvxuA0Xz7hCYV4":{"registrationId":753142429,"currentRatchet":{"ephemeralKeyPair":{"pubKey":"Bdr1IfBZpEptaPVNPH503PtPtmKUZOhF2HugxT5CrlVx","privKey":"8HN3yK7vIb7PEtKyTZ/fZ+IgwdZJCLfYPhh4KYJcHFw="},"lastRemoteEphemeralKey":"BTjebJ/6aLvv96wV4jHLUHyIiKR+7Av4/5VAUefNQOcs","previousCounter":0,"rootKey":"vDREPLn8gPfQ8XHC0GLOYuZhBL6jnKGb4c2QMDl14UM="},"indexInfo":{"baseKey":"BbQWzvp7DeBPP8G5Pi/MQQPgjV/dCQPvxuA0Xz7hCYV4","baseKeyType":1,"closed":-1,"used":1691326020540,"created":1691326020540,"remoteIdentityKey":"BfWOlp3ne+GN3b6o9nhTzxddroqVvjpQYzSGCdOrwXtO"},"_chains":{"Bdr1IfBZpEptaPVNPH503PtPtmKUZOhF2HugxT5CrlVx":{"chainKey":{"counter":0,"key":"buDm+svng/F9Mnd7iK8y93Yi2s1KghAs0VGYawGoJ00="},"chainType":1,"messageKeys":{}}},"pendingPreKey":{"signedKeyId":1,"baseKey":"BbQWzvp7DeBPP8G5Pi/MQQPgjV/dCQPvxuA0Xz7hCYV4","preKeyId":8084004}}},"version":"v1"}