{"_sessions":{"BS8LzlNONfGtj1RvHoTjiQwebhweDzciLfqTlJ3qLQdh":{"registrationId":2070092878,"currentRatchet":{"ephemeralKeyPair":{"pubKey":"BQJkGmWwgRoTa0GBS+Gcc0R4XhmLr0cuiwzHkMSHXlR9","privKey":"EKNKCNfU5VeIl7bEUTHzVXV3csnXXPSx/fwrRTVRzEk="},"lastRemoteEphemeralKey":"BbUg0I6Ff9IjXv4dudQevqMrJJBSTCBOHq9xfTLIlsUs","previousCounter":0,"rootKey":"uMFsDwVHWmdo25HZenbqfIuVSR3wX/KohjeNEq4Cc24="},"indexInfo":{"baseKey":"BS8LzlNONfGtj1RvHoTjiQwebhweDzciLfqTlJ3qLQdh","baseKeyType":1,"closed":-1,"used":1691325929838,"created":1691325929838,"remoteIdentityKey":"BWelRae9T2qyqRp8AQhZEBRYKD4KVZPF9Z76Fs0UwVQm"},"_chains":{"BQJkGmWwgRoTa0GBS+Gcc0R4XhmLr0cuiwzHkMSHXlR9":{"chainKey":{"counter":1,"key":"ZTr6bdH1AlxgcLBpHxIWx3UAnNdn74HJ05/eQa43kN0="},"chainType":1,"messageKeys":{}}},"pendingPreKey":{"signedKeyId":2,"baseKey":"BS8LzlNONfGtj1RvHoTjiQwebhweDzciLfqTlJ3qLQdh","preKeyId":7531810}}},"version":"v1"}