{"_sessions":{"BSfZkaIQcEd5gt85VHQ+UQEKlqHHkcSlENfTH0AJAe80":{"registrationId":920410496,"currentRatchet":{"ephemeralKeyPair":{"pubKey":"BZb8yRfpYa0WwzfAKyhx8SbRGZpM+Z/1S9HHmWbvo9Y/","privKey":"mM6NkfJaZeDIKBPh4bHh1NcA3FbVX1fgyVcw/1tZvGA="},"lastRemoteEphemeralKey":"BV428PgfOvIRu9XdFIOISOoY1OOg1KBiyamCfBjaYvh7","previousCounter":0,"rootKey":"AO0VtL8Dk6JrZWNV++vJWU0lJZB6Uq2a8DzRzfeCL7w="},"indexInfo":{"baseKey":"BSfZkaIQcEd5gt85VHQ+UQEKlqHHkcSlENfTH0AJAe80","baseKeyType":1,"closed":-1,"used":1691326025332,"created":1691326025332,"remoteIdentityKey":"Bcb6G5bufg/OMJ6KaagoRlPtWg1tIVHjoET4VoCuRbJ4"},"_chains":{"BZb8yRfpYa0WwzfAKyhx8SbRGZpM+Z/1S9HHmWbvo9Y/":{"chainKey":{"counter":0,"key":"cK5gtu4cSOttf7jm3A1nAuulZXBNAF+V78NfZEiYVTU="},"chainType":1,"messageKeys":{}}},"pendingPreKey":{"signedKeyId":6,"baseKey":"BSfZkaIQcEd5gt85VHQ+UQEKlqHHkcSlENfTH0AJAe80","preKeyId":11055847}}},"version":"v1"}