{"_sessions":{"BRXhAuHE3KPqrTpRtyBSQ2QG3ljKdPjPYnOLer3ZznAT":{"registrationId":8,"currentRatchet":{"ephemeralKeyPair":{"pubKey":"BRFDAW6pls91UjzsxIocHJhNNFIv7tsDmmmagiMbDZVk","privKey":"SOq/hZBLqGohGRieqsNvLKUDeQAPvjqIWWvD2UPFAWo="},"lastRemoteEphemeralKey":"BbFw3pN7v/DScEG7O9WcdNUtnz1I8FRVjxwhqx4UTFUs","previousCounter":0,"rootKey":"nr1Q6F05EEtEPEAKmBtpPXd2lNECH7q1POKbo5kx2ok="},"indexInfo":{"baseKey":"BRXhAuHE3KPqrTpRtyBSQ2QG3ljKdPjPYnOLer3ZznAT","baseKeyType":1,"closed":-1,"used":1691325928338,"created":1691325928338,"remoteIdentityKey":"BbTGgeVfEbQ4VqCkfhxAMJxShmHEgbPQ7jHnTcLT3wRn"},"_chains":{"BRFDAW6pls91UjzsxIocHJhNNFIv7tsDmmmagiMbDZVk":{"chainKey":{"counter":1,"key":"nrg9exUtb7uAtELkXbyhtDhWrdTMEyNbh7lVXC9szLw="},"chainType":1,"messageKeys":{}}},"pendingPreKey":{"signedKeyId":1,"baseKey":"BRXhAuHE3KPqrTpRtyBSQ2QG3ljKdPjPYnOLer3ZznAT","preKeyId":13}}},"version":"v1"}