{"_sessions":{"BZXgldEd4sg2BfrBCwN9vYBkgF/ECenMyR3roLYl32Ex":{"registrationId":305378545,"currentRatchet":{"ephemeralKeyPair":{"pubKey":"BX7yg3kCtZ3QZ8my3fpUAK15PtQJ32oEuvm6N41TFwdb","privKey":"aFGsdxl4VbobzXQiyznFxiE5D6xUG8zpgFRq/hqDv0A="},"lastRemoteEphemeralKey":"BXtQb32L+rs77ifQGPwBTmwetugp0kmYsFs76cBJq6QJ","previousCounter":0,"rootKey":"OFAXY8OG1wDvrSZxWPTyq3U0O09yCZtplY92d1Q2QT0="},"indexInfo":{"baseKey":"BZXgldEd4sg2BfrBCwN9vYBkgF/ECenMyR3roLYl32Ex","baseKeyType":1,"closed":-1,"used":1691325929726,"created":1691325929726,"remoteIdentityKey":"BTVDFKbIkdkfQsmSIcP7BcOnd4ZWd5kwhj9gmROtqUIy"},"_chains":{"BX7yg3kCtZ3QZ8my3fpUAK15PtQJ32oEuvm6N41TFwdb":{"chainKey":{"counter":1,"key":"sZl6gRmHCayGhR+bIV7VD/F+AO+SgM+1U5A+B03cC3I="},"chainType":1,"messageKeys":{}}},"pendingPreKey":{"signedKeyId":51,"baseKey":"BZXgldEd4sg2BfrBCwN9vYBkgF/ECenMyR3roLYl32Ex","preKeyId":11240572}}},"version":"v1"}