{"_sessions":{"BUjqKdtH27ZFi8uE3ut2HJMvOVUMpCfhKe/jz8OvpTFN":{"registrationId":30151402,"currentRatchet":{"ephemeralKeyPair":{"pubKey":"BY9np/PxhsWqHtp9QNFmSbChQAF0UPo/3DkkmNWA8QZl","privKey":"YPS33NXM8IdGfz/0YArN3ahJpVtW0pOFgHMxu/25q0s="},"lastRemoteEphemeralKey":"BahHd0fx8WsEUgHRI8kCn5CQY1vKw316xdKxymZZPids","previousCounter":0,"rootKey":"xblNpwNFg23IdQUlAaR2hPfFzFUISEh/Rxeo5ShlZFQ="},"indexInfo":{"baseKey":"BUjqKdtH27ZFi8uE3ut2HJMvOVUMpCfhKe/jz8OvpTFN","baseKeyType":1,"closed":-1,"used":1691326024146,"created":1691326024146,"remoteIdentityKey":"BVDDwwxiSRsYUgV38nn4qotG5L8/INQWVvS/tdl19yIc"},"_chains":{"BY9np/PxhsWqHtp9QNFmSbChQAF0UPo/3DkkmNWA8QZl":{"chainKey":{"counter":0,"key":"rhpeYlxDU4AXVApaiGpQF2HTlVuIirngRd0+3HOsRds="},"chainType":1,"messageKeys":{}}},"pendingPreKey":{"signedKeyId":1,"baseKey":"BUjqKdtH27ZFi8uE3ut2HJMvOVUMpCfhKe/jz8OvpTFN","preKeyId":9690834}}},"version":"v1"}