{"_sessions":{"BcM5U+OtYM5yC27FsoyGuMbkHU7LupDmJCFCBXxEXhlq":{"registrationId":2138672465,"currentRatchet":{"ephemeralKeyPair":{"pubKey":"BY9T13EV40iCYBY4nogODnyuP0d/TYUO7OGbuR/QG/w1","privKey":"CN1Iypqy5iMX1Y8QhFCNC22N06GRTzV4Z8xp8v10BU0="},"lastRemoteEphemeralKey":"BXTXgSi5cTna+vQf3TbDvr0QilTKaNKIccZXxKPYmzcS","previousCounter":0,"rootKey":"k9dsUJ5cdTlcoZ/YYw/myQn0zEmkj7jaFPR3kR+kW1E="},"indexInfo":{"baseKey":"BcM5U+OtYM5yC27FsoyGuMbkHU7LupDmJCFCBXxEXhlq","baseKeyType":1,"closed":-1,"used":1691326020767,"created":1691326020767,"remoteIdentityKey":"BStSrS+LThivbN7CvH5jEjc9pEnTf4t/exjrqp+nnxlM"},"_chains":{"BY9T13EV40iCYBY4nogODnyuP0d/TYUO7OGbuR/QG/w1":{"chainKey":{"counter":0,"key":"0ewqtahbg3qKmx1pndAMW2SJ9Irub7DXjdK12ER54TQ="},"chainType":1,"messageKeys":{}}},"pendingPreKey":{"signedKeyId":2,"baseKey":"BcM5U+OtYM5yC27FsoyGuMbkHU7LupDmJCFCBXxEXhlq"}}},"version":"v1"}