{"_sessions":{"BQ3uMrg2c8ox52F+u2F1X4b9f/AMlr2O+WaLTxY+d+EL":{"registrationId":1387981972,"currentRatchet":{"ephemeralKeyPair":{"pubKey":"BTnHmRJZH0yJkc+HMaRB8kr7pGwoGlbicYAGjqBEjVp3","privKey":"qLwOKCrKYv5VKikHP7/pbVpkcoQSLCspaSOXnyzxtmU="},"lastRemoteEphemeralKey":"BTTgNjUjS6y5i76Lr2mnUjYsRzK+Orr4DeH3PF6YHPdy","previousCounter":0,"rootKey":"I8pjtrkiD1VfbVdlqBIIT0Qtz/bsaDE26XrSXzKJEyI="},"indexInfo":{"baseKey":"BQ3uMrg2c8ox52F+u2F1X4b9f/AMlr2O+WaLTxY+d+EL","baseKeyType":1,"closed":-1,"used":1691325929072,"created":1691325929072,"remoteIdentityKey":"BUDIyaUfmngwkrWcUiBe7eHUhbGPfOrg3FzQGWZ571g/"},"_chains":{"BTnHmRJZH0yJkc+HMaRB8kr7pGwoGlbicYAGjqBEjVp3":{"chainKey":{"counter":1,"key":"9eUwJ3em0PHNCHdaP8mxKHQseeExOd5krCjh/A540+E="},"chainType":1,"messageKeys":{}}},"pendingPreKey":{"signedKeyId":12,"baseKey":"BQ3uMrg2c8ox52F+u2F1X4b9f/AMlr2O+WaLTxY+d+EL","preKeyId":187744}}},"version":"v1"}