{"_sessions":{"BXGJn6Doi1npuIx9ok6vtQI1IgpAJRC8ogxcs6l1COgp":{"registrationId":1616729979,"currentRatchet":{"ephemeralKeyPair":{"pubKey":"BbKv2nAvNXb6+NSyy3VpbCnH7w1z4OXRWXwKO5idOos7","privKey":"wEKSROPkDinhUU1gD3mjZCMetNSn0AOz9WJnye0A2HA="},"lastRemoteEphemeralKey":"BQ7qksLeXCIPdi8LWMLxL2pHnxoxg9WP7zg9by9jYHMZ","previousCounter":0,"rootKey":"a/tK8rkEkfxNqFyGLXp/lVGXGY54pWpM0Sb43SCz6Q0="},"indexInfo":{"baseKey":"BXGJn6Doi1npuIx9ok6vtQI1IgpAJRC8ogxcs6l1COgp","baseKeyType":1,"closed":-1,"used":1691326019829,"created":1691326019829,"remoteIdentityKey":"BSIq6chJKe2cPnhyOPMMtXnnZXQnlXRpYeiTS3Fsx/VR"},"_chains":{"BbKv2nAvNXb6+NSyy3VpbCnH7w1z4OXRWXwKO5idOos7":{"chainKey":{"counter":0,"key":"OHFlnJGom6tXhkHi7fFPax6/D1Jq3/AO0Mb4CvzJuQc="},"chainType":1,"messageKeys":{}}},"pendingPreKey":{"signedKeyId":0,"baseKey":"BXGJn6Doi1npuIx9ok6vtQI1IgpAJRC8ogxcs6l1COgp"}}},"version":"v1"}