{"_sessions":{"BVSXioB4O0gtlh0cdToLCtP+8wIkPCGS9PFw5HYHx2p4":{"registrationId":12363,"currentRatchet":{"ephemeralKeyPair":{"pubKey":"BdsVz99tYfg1DY6gl4yeciWLX7z0L7qk+KhINpwVdPFY","privKey":"cJEGP0ktfOTqcqKCdTPzrn80MHD9fvjsUJCImHBHImg="},"lastRemoteEphemeralKey":"BVeFqElSCWVS3Vv3+jIpqxGV6o5IHsG4p6LNHXY5gapU","previousCounter":0,"rootKey":"XFx1h92oj44/IfkswbmfdPlN5yC0lppspu5TyyAu6d8="},"indexInfo":{"baseKey":"BVSXioB4O0gtlh0cdToLCtP+8wIkPCGS9PFw5HYHx2p4","baseKeyType":1,"closed":-1,"used":1691326018865,"created":1691326018865,"remoteIdentityKey":"BdCn0He8CgiFsGLw+2h/E90X3yaoHYfPeivzQNxo5yhe"},"_chains":{"BdsVz99tYfg1DY6gl4yeciWLX7z0L7qk+KhINpwVdPFY":{"chainKey":{"counter":0,"key":"+WxBQdrecpJ5/l1uztdW1cMMu00FLPGjQQa+LyMoKL0="},"chainType":1,"messageKeys":{}}},"pendingPreKey":{"signedKeyId":1,"baseKey":"BVSXioB4O0gtlh0cdToLCtP+8wIkPCGS9PFw5HYHx2p4","preKeyId":4831}}},"version":"v1"}