{"_sessions":{"BRk7TYWfNn+5hd0zNoAIz0kAWi4DiRDGNZNYbpmNXJh5":{"registrationId":1286019914,"currentRatchet":{"ephemeralKeyPair":{"pubKey":"Bc8gozsUAkKch+8qSaWG63mnhfrYwCL5MR7UcDUow7hb","privKey":"yM6UVa3zXGPIbRDkKILUNMS/n9Vwsf7aqD9wkm8ovnc="},"lastRemoteEphemeralKey":"BRLEiWEA+2Cs2rljn3jBkX3gEUyHRVJ7IxpKIr7QJy0N","previousCounter":0,"rootKey":"T4nFSZC+FmYboXRESBGWIhtePGP52WrAWp57B5NZfQk="},"indexInfo":{"baseKey":"BRk7TYWfNn+5hd0zNoAIz0kAWi4DiRDGNZNYbpmNXJh5","baseKeyType":1,"closed":-1,"used":1691326020835,"created":1691326020835,"remoteIdentityKey":"BeWOEJHkHeRDDpVzoqDK6Rx9sslbre8gLJtCI0FOqrgF"},"_chains":{"Bc8gozsUAkKch+8qSaWG63mnhfrYwCL5MR7UcDUow7hb":{"chainKey":{"counter":0,"key":"D9eJd0meJRnEr5nY3jx2kaCAZ/5/ni/Xs+rAcnlhyVg="},"chainType":1,"messageKeys":{}}},"pendingPreKey":{"signedKeyId":2,"baseKey":"BRk7TYWfNn+5hd0zNoAIz0kAWi4DiRDGNZNYbpmNXJh5","preKeyId":14554178}}},"version":"v1"}