{"_sessions":{"BcXpTrqdmDdmci4LnyzwZ3C+1ddrAynv7nEcZIV6/y5m":{"registrationId":1174608635,"currentRatchet":{"ephemeralKeyPair":{"pubKey":"BVelRFs5KRidO8hbm3Y3ON8XxVfUaGYk+Iwqr8BZZboT","privKey":"OFYY3vjcJGqAk5x+QWmnssfGXMx4/nXouwg0FYUmSFM="},"lastRemoteEphemeralKey":"BeJNZmOqGTrWN/q17tQckkJ7p8QtLSFhvCZSvf5CIk9B","previousCounter":0,"rootKey":"UCHTMBbrZyoc8vvZsRwQHYB6WlEyLl9fw8tOozD5ovQ="},"indexInfo":{"baseKey":"BcXpTrqdmDdmci4LnyzwZ3C+1ddrAynv7nEcZIV6/y5m","baseKeyType":1,"closed":-1,"used":1691326025675,"created":1691326025675,"remoteIdentityKey":"BVEjhV7HUuA9zHk7xNO4KDXfg4WLDp/u9mxCHFVl6u8B"},"_chains":{"BVelRFs5KRidO8hbm3Y3ON8XxVfUaGYk+Iwqr8BZZboT":{"chainKey":{"counter":0,"key":"l96ynG/2w+DiCgHYpcIoH0RbULsRltDkJ9dwu3TJ7Vw="},"chainType":1,"messageKeys":{}}},"pendingPreKey":{"signedKeyId":0,"baseKey":"BcXpTrqdmDdmci4LnyzwZ3C+1ddrAynv7nEcZIV6/y5m"}}},"version":"v1"}