{"_sessions":{"BS8cTNhVxOItnp7W4UIYY4/5iQqEGGaoZD7LRRnNT6sD":{"registrationId":1727287821,"currentRatchet":{"ephemeralKeyPair":{"pubKey":"BUdjRIVVimnm5Senqkox3EKGEL9WZyMlHucP649L0Ro+","privKey":"OI8+94zWyXOY/5eOnNTgFUj6enSmNTZpOFT1BWISdVE="},"lastRemoteEphemeralKey":"BRFufxzGd21mCkGlvsbpTHIbzezwwaGJPGrqAFPGtsh7","previousCounter":0,"rootKey":"znccwg5uKCaPQnC52tqYLNjQvz3AU5Ox7G6WeNm5Kk0="},"indexInfo":{"baseKey":"BS8cTNhVxOItnp7W4UIYY4/5iQqEGGaoZD7LRRnNT6sD","baseKeyType":1,"closed":-1,"used":1691326023155,"created":1691326023155,"remoteIdentityKey":"BYOTx+qnFHFfLNct4HWNZ5IqsGU/AoGVcD85Bk1m/Fxm"},"_chains":{"BUdjRIVVimnm5Senqkox3EKGEL9WZyMlHucP649L0Ro+":{"chainKey":{"counter":0,"key":"+W4m2GCZiu679A7uXUBah5CrGXR46iP98f0ncEnVmbw="},"chainType":1,"messageKeys":{}}},"pendingPreKey":{"signedKeyId":0,"baseKey":"BS8cTNhVxOItnp7W4UIYY4/5iQqEGGaoZD7LRRnNT6sD","preKeyId":214835}}},"version":"v1"}