{"_sessions":{"BYjxpYp+U9x94Ll9Jpfnx0+GFwRXxwqynxY798k+l8Jw":{"registrationId":2119542144,"currentRatchet":{"ephemeralKeyPair":{"pubKey":"BXc4c3l7lIxQ6Ox9GkH16D4IazxpZ/srbaUjHdBnzQ46","privKey":"sGweGifdbV6A2Cjv8+TpXmfPZshgOfp051+WCZY36FY="},"lastRemoteEphemeralKey":"BcMUfeqoRbn1Pve7EgLAGKmzChXyCmdK160yPnKtmYkS","previousCounter":0,"rootKey":"w4fAuBhgLsrpTz/9X9H5BxbM3E7I1iiOn8zkw/ULIMs="},"indexInfo":{"baseKey":"BYjxpYp+U9x94Ll9Jpfnx0+GFwRXxwqynxY798k+l8Jw","baseKeyType":1,"closed":-1,"used":1691326020233,"created":1691326020233,"remoteIdentityKey":"BdH8ba2iAb5fG+DwNPASG3EsXFAMM1ghhN/IRclg5HRK"},"_chains":{"BXc4c3l7lIxQ6Ox9GkH16D4IazxpZ/srbaUjHdBnzQ46":{"chainKey":{"counter":0,"key":"JJav6FLBmekiZyVZdLkmqqsWqQNh0sILhOwJOt43AGM="},"chainType":1,"messageKeys":{}}},"pendingPreKey":{"signedKeyId":13,"baseKey":"BYjxpYp+U9x94Ll9Jpfnx0+GFwRXxwqynxY798k+l8Jw","preKeyId":1500758}}},"version":"v1"}