{"_sessions":{"BS1orbTHypgsEr11m0/yHiD48uwdSHIiNVwBqOaZ7IMG":{"registrationId":1457589295,"currentRatchet":{"ephemeralKeyPair":{"pubKey":"BcTkbkmNlRInJ6JmQD8VMy65Vl5kIS9D63GRjBVh8fQk","privKey":"+LKraWAXDqf8hWM/3BvNt9xVq2eQe9nf3gsdFSBHGEs="},"lastRemoteEphemeralKey":"BRmAo82Un5gcsdwTknx3gJl3RQvrwpNjufPDYU93MPBB","previousCounter":0,"rootKey":"sfgMdPnKncW6mng0IgPeQsPrG5Bnd0xx2WZf/UAYWuY="},"indexInfo":{"baseKey":"BS1orbTHypgsEr11m0/yHiD48uwdSHIiNVwBqOaZ7IMG","baseKeyType":1,"closed":-1,"used":1691326020962,"created":1691326020962,"remoteIdentityKey":"BY8a8RUBzJGc9A9xB578ClCLtWJXmkrvko7W2/bPeoAt"},"_chains":{"BcTkbkmNlRInJ6JmQD8VMy65Vl5kIS9D63GRjBVh8fQk":{"chainKey":{"counter":0,"key":"zdNkMfhXL5lHlkpTG+pury1XpqjgWJevwHrZmBR44mY="},"chainType":1,"messageKeys":{}}},"pendingPreKey":{"signedKeyId":1,"baseKey":"BS1orbTHypgsEr11m0/yHiD48uwdSHIiNVwBqOaZ7IMG"}}},"version":"v1"}