{"_sessions":{"BeNHqVC4Th1POVGVchN++YgnOU+gKWNUuNpglIRGngY9":{"registrationId":977863612,"currentRatchet":{"ephemeralKeyPair":{"pubKey":"BdDUd/0HG8+BO0yrWgWbLjElrvkfSEcsAxxhuo7F+hpe","privKey":"KD8/tJumVvQmmohZmv+UW3WZDs3RHESJwsoYkH2GbGM="},"lastRemoteEphemeralKey":"Bc81gJH7Gg74i0IV7kNG2NCr1pnLtYaYun/mL16Pwsc2","previousCounter":0,"rootKey":"5NYnSuxj5sq+FyLM1DszDpVIK+lCBXiDGbbEqOfOEDA="},"indexInfo":{"baseKey":"BeNHqVC4Th1POVGVchN++YgnOU+gKWNUuNpglIRGngY9","baseKeyType":1,"closed":-1,"used":1691325930056,"created":1691325930056,"remoteIdentityKey":"BSWOdiVv+pREGt2ArckOCnyDM8afrU+ACzuUdK6vBRcE"},"_chains":{"BdDUd/0HG8+BO0yrWgWbLjElrvkfSEcsAxxhuo7F+hpe":{"chainKey":{"counter":1,"key":"iahR5TrDFcuUBm0k5aUjqJODA3FkRhECkg43Ko7eQj8="},"chainType":1,"messageKeys":{}}},"pendingPreKey":{"signedKeyId":2,"baseKey":"BeNHqVC4Th1POVGVchN++YgnOU+gKWNUuNpglIRGngY9","preKeyId":5520915}}},"version":"v1"}