{"_sessions":{"BfmUguIvsKg3a+dHZ+xh+1doZmzcw0fbcEwSNRITksEw":{"registrationId":1339538294,"currentRatchet":{"ephemeralKeyPair":{"pubKey":"BWclEIENaL5KqmL3Cic2s5d1J/dLDJtaeZMyRo8WXE1J","privKey":"II8Yh32Z4o8x2RXk0MMMdPWXQ5D+2aKsyS4WZht2SnU="},"lastRemoteEphemeralKey":"BSHLxG0MkDnhU73ABxamMxvH77XzH5mZNOM6lQRMHQY0","previousCounter":0,"rootKey":"24gt88bvn2ziAxjRNb/uEKXWK66Px5fDfoT2rbhzAWc="},"indexInfo":{"baseKey":"BfmUguIvsKg3a+dHZ+xh+1doZmzcw0fbcEwSNRITksEw","baseKeyType":1,"closed":-1,"used":1691325928666,"created":1691325928666,"remoteIdentityKey":"BVY0kIP+f1eIepWivuE4nxFT+RgFtdv1IToRHF72VVQC"},"_chains":{"BWclEIENaL5KqmL3Cic2s5d1J/dLDJtaeZMyRo8WXE1J":{"chainKey":{"counter":1,"key":"Tz2eoEQzj4fhgxY0/XMqmNyee+xznn16sH2wdzJt/eA="},"chainType":1,"messageKeys":{}}},"pendingPreKey":{"signedKeyId":5,"baseKey":"BfmUguIvsKg3a+dHZ+xh+1doZmzcw0fbcEwSNRITksEw"}}},"version":"v1"}