{"_sessions":{"BUw/SSK1b16zP7zT3aO12by65w5wDUcmbGzC+ocW7pJh":{"registrationId":210890578,"currentRatchet":{"ephemeralKeyPair":{"pubKey":"Bc/n9bxn51PeSPVGrVlHoho3PVXmvLt30RbA3RgoXpVS","privKey":"eGRbj66n0j+VdAAHshJYnfeRO+x+DxeJEISBNSsKoF8="},"lastRemoteEphemeralKey":"BYQV5KvfTsZnjv5sVod/OLh0dgW7iJoXg0B3w4pnwPgK","previousCounter":0,"rootKey":"OeeJwhT3sl2L42TujXin5TRkWGH4HBzMz2w4XOqtqF0="},"indexInfo":{"baseKey":"BUw/SSK1b16zP7zT3aO12by65w5wDUcmbGzC+ocW7pJh","baseKeyType":1,"closed":-1,"used":1691326024161,"created":1691326024161,"remoteIdentityKey":"BU9hq3/8vsyBAxdrlp4WWWUgyxY3x6rKLaWZZh3eGxsW"},"_chains":{"Bc/n9bxn51PeSPVGrVlHoho3PVXmvLt30RbA3RgoXpVS":{"chainKey":{"counter":0,"key":"0+Ib3B2oKsiuLZnda4bmEAzn8eLbsvGwrHAa4Il61P8="},"chainType":1,"messageKeys":{}}},"pendingPreKey":{"signedKeyId":9,"baseKey":"BUw/SSK1b16zP7zT3aO12by65w5wDUcmbGzC+ocW7pJh"}}},"version":"v1"}