{"_sessions":{"BWvJCiR/aOSA2S20JIm42ATZHd6jyvK2J+bQRsBIlkEu":{"registrationId":589600570,"currentRatchet":{"ephemeralKeyPair":{"pubKey":"BR8Mj7CTcYBEDPUb/bbfRoJyn/M273O7ctC7BmMIn7o+","privKey":"IBVS1BrtsqzT5TXvOqs7KwR3Mj1ehvBmiq3a2V2Qdl8="},"lastRemoteEphemeralKey":"BQmlmm8Y0djLhAaWkud5YQuY10SEmOZj6aHMUQx7nl04","previousCounter":0,"rootKey":"8wMFyziv2EBGue9Q8a63de1pQV5nEVI9y0a1DrxXp6k="},"indexInfo":{"baseKey":"BWvJCiR/aOSA2S20JIm42ATZHd6jyvK2J+bQRsBIlkEu","baseKeyType":1,"closed":-1,"used":1691326024356,"created":1691326024356,"remoteIdentityKey":"BdW8eyw5YbafuJ8uj/oKsL0e9IQuz8jiDXcnmGXz71oq"},"_chains":{"BR8Mj7CTcYBEDPUb/bbfRoJyn/M273O7ctC7BmMIn7o+":{"chainKey":{"counter":0,"key":"oYLrh7AL1v74HMkw8PwRio6NMpmP/pbgYrMYFpDsB/M="},"chainType":1,"messageKeys":{}}},"pendingPreKey":{"signedKeyId":8,"baseKey":"BWvJCiR/aOSA2S20JIm42ATZHd6jyvK2J+bQRsBIlkEu","preKeyId":3549939}}},"version":"v1"}