{"_sessions":{"BQYpf5Bc/d5PbPRV7PBj2tPq38O4G0pu8g0cFUHEasN5":{"registrationId":721968903,"currentRatchet":{"ephemeralKeyPair":{"pubKey":"BVgWF+nsy1XOkhL7hXdVkOO4tCiE88CGQ4YJ8otEg1Yi","privKey":"EPTEykJpPDqAikYx6TaU6l01oU5FAXcSkdrA9GxXI0Y="},"lastRemoteEphemeralKey":"BXl8/0Zs4cCcCJOiyJm75aTUrRU0x9jSFNvsUItEyMxy","previousCounter":0,"rootKey":"9LXDVRXuVIiQ1LVAiGgr6JtzXQuWP+wCSd1h6N/8yT4="},"indexInfo":{"baseKey":"BQYpf5Bc/d5PbPRV7PBj2tPq38O4G0pu8g0cFUHEasN5","baseKeyType":1,"closed":-1,"used":1691326019867,"created":1691326019867,"remoteIdentityKey":"BQCozZCIsgooLuh5HJC1zDn8EqZ1X0StNTER2KxCDU1j"},"_chains":{"BVgWF+nsy1XOkhL7hXdVkOO4tCiE88CGQ4YJ8otEg1Yi":{"chainKey":{"counter":0,"key":"MvscAsGR6+AoAdDzYE2RAGEVqI9ppjclok9ZlT2evdc="},"chainType":1,"messageKeys":{}}},"pendingPreKey":{"signedKeyId":12,"baseKey":"BQYpf5Bc/d5PbPRV7PBj2tPq38O4G0pu8g0cFUHEasN5","preKeyId":4743719}}},"version":"v1"}