{"_sessions":{"BT6i7V16Um/2FYBX3C0S1WPnG72XM+v2fm607EoAhdMA":{"registrationId":59252166,"currentRatchet":{"ephemeralKeyPair":{"pubKey":"BVTrlp3k9pLVVkouFc008Ek6WRQaQCCarBVaKSYdKL4j","privKey":"uMj/OMzCECGsFUii+Fbwzz8HwtIdrV0WRO+rTNQZ7k4="},"lastRemoteEphemeralKey":"BawaB3ynZ2jvRN9hYpfCT9Yo0K/z93kcgPq7khOmXKJo","previousCounter":0,"rootKey":"0mP1ZoD7BIKLG+JTnXXctdd9SnMYGE/gWkIArRPavhg="},"indexInfo":{"baseKey":"BT6i7V16Um/2FYBX3C0S1WPnG72XM+v2fm607EoAhdMA","baseKeyType":1,"closed":-1,"used":1691325928825,"created":1691325928825,"remoteIdentityKey":"BTOIEm75gyLaZ2zFU9VicTOeITszDSYjq/QeOA1SdWED"},"_chains":{"BVTrlp3k9pLVVkouFc008Ek6WRQaQCCarBVaKSYdKL4j":{"chainKey":{"counter":1,"key":"jUJ15ozU5fBT2DRpN+n/bQmV0aTUub1Juw2WNUqsB2I="},"chainType":1,"messageKeys":{}}},"pendingPreKey":{"signedKeyId":19,"baseKey":"BT6i7V16Um/2FYBX3C0S1WPnG72XM+v2fm607EoAhdMA","preKeyId":14002179}}},"version":"v1"}