{"_sessions":{"BXz4Hp/5rTMuRmVPWfpcsZqspMJr1qln5N7G+FMcivpB":{"registrationId":1094745918,"currentRatchet":{"ephemeralKeyPair":{"pubKey":"BS/1A9CuFV4yFUv3wZKiVbZRrf3oiokMZoGHK3ymRntd","privKey":"YJiROll9qAZ8/v8z7ZhkVzKsWX2HQSwT5qJJ6z2fJHA="},"lastRemoteEphemeralKey":"BdsIt3MvwaT7zkPfO5KhFWzQkvfTbWZDmfwyNAZEcthi","previousCounter":0,"rootKey":"DjKv92+pc5lw1rmDa/RWMzkGiqFVzwC8M+MCuDNh0WU="},"indexInfo":{"baseKey":"BXz4Hp/5rTMuRmVPWfpcsZqspMJr1qln5N7G+FMcivpB","baseKeyType":1,"closed":-1,"used":1691326022061,"created":1691326022061,"remoteIdentityKey":"BebBdfBYmxXfT/mOOKPeY0Sbv7vvfs4x76W1pS08DhV/"},"_chains":{"BS/1A9CuFV4yFUv3wZKiVbZRrf3oiokMZoGHK3ymRntd":{"chainKey":{"counter":0,"key":"dUkQ7d8YQCsXRLZpl4u+6DPX2L9NPI2Uxi53fR+SjLA="},"chainType":1,"messageKeys":{}}},"pendingPreKey":{"signedKeyId":9,"baseKey":"BXz4Hp/5rTMuRmVPWfpcsZqspMJr1qln5N7G+FMcivpB","preKeyId":2572059}}},"version":"v1"}