{"_sessions":{"BaKN5rSOIeNMVi0RGPdjsXsX4rznljiYJHsOOcpum00y":{"registrationId":620496591,"currentRatchet":{"ephemeralKeyPair":{"pubKey":"BUKRxuKZRBU+2oTDGRISz0SaepRc2fy/IGDATC9sGWAd","privKey":"4J35zjA3c2a48bTZExUmu6vD1YaZ+fbmYCjeXei6HFI="},"lastRemoteEphemeralKey":"Bd1GQTxaniH2n+H3vsIolRma731AFIvMzc6RLlan3kpQ","previousCounter":0,"rootKey":"1VbimgF3IPbaWzPA2+BUMoJ4gzT93Unit+UUaXP/nhk="},"indexInfo":{"baseKey":"BaKN5rSOIeNMVi0RGPdjsXsX4rznljiYJHsOOcpum00y","baseKeyType":1,"closed":-1,"used":1691326024665,"created":1691326024665,"remoteIdentityKey":"BQQdimj6XA8ZECpwR98LBHuEQxazEUMrufONY0LoU4pp"},"_chains":{"BUKRxuKZRBU+2oTDGRISz0SaepRc2fy/IGDATC9sGWAd":{"chainKey":{"counter":0,"key":"rEEFi1VhiuEXM1n+mbCq/a3XQg9KdD+VzEiJvcLcpHw="},"chainType":1,"messageKeys":{}}},"pendingPreKey":{"signedKeyId":1,"baseKey":"BaKN5rSOIeNMVi0RGPdjsXsX4rznljiYJHsOOcpum00y"}}},"version":"v1"}