{"_sessions":{"BRjthwW5dAX9cfhfJny61ackFF3M0K8YF6Xpce6CPchM":{"registrationId":285426108,"currentRatchet":{"ephemeralKeyPair":{"pubKey":"BbHzHYeWiPpPX05oMdgV7ivTaDbs1oIa9h1E3Zfqesc5","privKey":"SOAi53yOvVQnI6iW/LiZQcea+WK2sltIli6ZbUVI8XM="},"lastRemoteEphemeralKey":"BTlnm5lx9MSyKMO+b7JdL9mFqzo9q2qEIY0wXFID7B4H","previousCounter":0,"rootKey":"bOhveMjcNytGDwwwMxUQ1fSJinylQKbuZU7Qb3qb1xM="},"indexInfo":{"baseKey":"BRjthwW5dAX9cfhfJny61ackFF3M0K8YF6Xpce6CPchM","baseKeyType":1,"closed":-1,"used":1691326019058,"created":1691326019058,"remoteIdentityKey":"BTLlAUP5Pol3NFJQs39IGcsL75429/06gIoHknEjhIoT"},"_chains":{"BbHzHYeWiPpPX05oMdgV7ivTaDbs1oIa9h1E3Zfqesc5":{"chainKey":{"counter":0,"key":"yjaZlxJb7I8LpeNB51POjMPdqu7h4bWtNS5wwuo22Nc="},"chainType":1,"messageKeys":{}}},"pendingPreKey":{"signedKeyId":7,"baseKey":"BRjthwW5dAX9cfhfJny61ackFF3M0K8YF6Xpce6CPchM"}}},"version":"v1"}