{"_sessions":{"BYhRJkZRGwJK0kBGH5KyvXxh4EL6xCocJnkDmp2Z5rVN":{"registrationId":1646703646,"currentRatchet":{"ephemeralKeyPair":{"pubKey":"Bb2y9NDnZGxJQI4jDPfnJU7nOwk9xakg63+diGcnXuFo","privKey":"+Nz+lt0SSNMK+yRxHQLWmk1CTKAN0pb4GoZDq1CQkkE="},"lastRemoteEphemeralKey":"BUM9UxIxSUDnWbQHJYsMs0cuE0TZ/I7wnZFq6v/Km7ZK","previousCounter":0,"rootKey":"O2D00PKiDJUbf8aoG0wVGtMGncNF76GCxkfdfLddmdg="},"indexInfo":{"baseKey":"BYhRJkZRGwJK0kBGH5KyvXxh4EL6xCocJnkDmp2Z5rVN","baseKeyType":1,"closed":-1,"used":1691325929248,"created":1691325929248,"remoteIdentityKey":"Bf7g2wFylE6jFA3M36O6UUkxtIYSmfKJ/+KWCXRuE5Ii"},"_chains":{"Bb2y9NDnZGxJQI4jDPfnJU7nOwk9xakg63+diGcnXuFo":{"chainKey":{"counter":1,"key":"8919IV3PKgmEUVsohrVgfvceTKGFAxDN4AE0zOvg/rc="},"chainType":1,"messageKeys":{}}},"pendingPreKey":{"signedKeyId":18,"baseKey":"BYhRJkZRGwJK0kBGH5KyvXxh4EL6xCocJnkDmp2Z5rVN"}}},"version":"v1"}