{"_sessions":{"BQDzo12FMMdEbK0IEuqlSEsOCe3qI+g1QhTXUdwFBipK":{"registrationId":1792672205,"currentRatchet":{"ephemeralKeyPair":{"pubKey":"BSpJUjMPRiW347Dh5DyMxq5qLuvInyMf3HziEP9JO7tJ","privKey":"yA6HfA9zLd1FHD4Ms6YJiPAK2LXQDeSzTDW+zZdhmEg="},"lastRemoteEphemeralKey":"BUs6eM2DtiJfWWeh98SE4UWN/T7/DKhML/li8/YVhB0L","previousCounter":0,"rootKey":"+thg1/kxTYWGtkzfYPhhBdPncgS9Kvp9ReogHZlGQMg="},"indexInfo":{"baseKey":"BQDzo12FMMdEbK0IEuqlSEsOCe3qI+g1QhTXUdwFBipK","baseKeyType":1,"closed":-1,"used":1691325928760,"created":1691325928760,"remoteIdentityKey":"BbPmrWo5rGb/Z79ekID8+3bliDFoD9Ntbr0s92UOSgtL"},"_chains":{"BSpJUjMPRiW347Dh5DyMxq5qLuvInyMf3HziEP9JO7tJ":{"chainKey":{"counter":1,"key":"uo5IqtvN1tEAD1m9BTNiG6f0xv1xQ/2UZ6JVABbP6HY="},"chainType":1,"messageKeys":{}}},"pendingPreKey":{"signedKeyId":1,"baseKey":"BQDzo12FMMdEbK0IEuqlSEsOCe3qI+g1QhTXUdwFBipK"}}},"version":"v1"}