{"_sessions":{"BY0utN6GgFnhPNUkUAu+MB6S9kqBDZTlH48Y69JP4x45":{"registrationId":1312966672,"currentRatchet":{"ephemeralKeyPair":{"pubKey":"BQkowY8FgEltd0Jp4XRPAoolc1e6UZEsu5eR1qMnpvtA","privKey":"EOPErfJviLfieyklkNMjhUNa6nJ/NBzij7yZ5o5CS0k="},"lastRemoteEphemeralKey":"BRPtBwVl1/9BNV4bIP6/lEL3uWGR/0bAZb13XZObMuFK","previousCounter":0,"rootKey":"3IMsoE8BgOvy8IIkTa7svX5Y4vrs+rJUAh1iqERas64="},"indexInfo":{"baseKey":"BY0utN6GgFnhPNUkUAu+MB6S9kqBDZTlH48Y69JP4x45","baseKeyType":1,"closed":-1,"used":1691325929279,"created":1691325929279,"remoteIdentityKey":"BWia8K7ZIK4Y8KfgLHanXiAYuQELd+ffd4290+L8g91h"},"_chains":{"BQkowY8FgEltd0Jp4XRPAoolc1e6UZEsu5eR1qMnpvtA":{"chainKey":{"counter":1,"key":"Ig0fLa56we6BP3HAMqbzFFsnSQFL9Fi+t2+sQ4FJULE="},"chainType":1,"messageKeys":{}}},"pendingPreKey":{"signedKeyId":0,"baseKey":"BY0utN6GgFnhPNUkUAu+MB6S9kqBDZTlH48Y69JP4x45"}}},"version":"v1"}