{"_sessions":{"BcgmuNpHlJhc6mqaRgoDn+SgdrPxAND1G34qSZIQ961z":{"registrationId":269848301,"currentRatchet":{"ephemeralKeyPair":{"pubKey":"BWfIJebipCF04m7NE+NTXYyTHMu4tOVBl0q5SWruxvwQ","privKey":"mL+KWXZxbswvN0ifCA2BPdb0RPTuHm9LbBxdjJckamQ="},"lastRemoteEphemeralKey":"BbFc03f3wHp+Z3Uml/jY1TvcTS4znHg2A7TllW46LAM/","previousCounter":0,"rootKey":"2oUIIIrs0yqF+a+MzJ/02mYdjq9ZsHjj2XpJAEcz6X8="},"indexInfo":{"baseKey":"BcgmuNpHlJhc6mqaRgoDn+SgdrPxAND1G34qSZIQ961z","baseKeyType":1,"closed":-1,"used":1691326019650,"created":1691326019650,"remoteIdentityKey":"BfBUcnE8heW98XboFdFKVj771/cBzxMRF31vcZ2YJMpm"},"_chains":{"BWfIJebipCF04m7NE+NTXYyTHMu4tOVBl0q5SWruxvwQ":{"chainKey":{"counter":0,"key":"1szCakaXltuiLPqD+sDaJYv6zZAGaQHzc2KUpAqenAg="},"chainType":1,"messageKeys":{}}},"pendingPreKey":{"signedKeyId":10,"baseKey":"BcgmuNpHlJhc6mqaRgoDn+SgdrPxAND1G34qSZIQ961z"}}},"version":"v1"}