{"_sessions":{"BeGU8Gb1cUPJHAm5+D8siVcAwGUBaz/3y3rUMD4jP9ln":{"registrationId":942713680,"currentRatchet":{"ephemeralKeyPair":{"pubKey":"BQqRUw0/RDmuw/9S727NmeIb65URXd7fxY5n6C83as8C","privKey":"4L43y8Pb/5/mz3sizqG0NWiZUL6hq1Z5yrcW5i9SuUQ="},"lastRemoteEphemeralKey":"BRpfZNs79TPQJVuXDeWX+MZ5TRoqkXUIJxS177OBJYFA","previousCounter":0,"rootKey":"a08WzRBIM08Bzc+PnA/E7MIVPK/G96ar4O02I4pecPU="},"indexInfo":{"baseKey":"BeGU8Gb1cUPJHAm5+D8siVcAwGUBaz/3y3rUMD4jP9ln","baseKeyType":1,"closed":-1,"used":1691326022466,"created":1691326022466,"remoteIdentityKey":"BU2/8fyAkJS4NyWDuLgUGxKhgRDML8kWkXyZbbZwN5gy"},"_chains":{"BQqRUw0/RDmuw/9S727NmeIb65URXd7fxY5n6C83as8C":{"chainKey":{"counter":0,"key":"V867IRgoWg617hPeDsl9IlFim/jAL+QWs+OP5tJ4CpY="},"chainType":1,"messageKeys":{}}},"pendingPreKey":{"signedKeyId":0,"baseKey":"BeGU8Gb1cUPJHAm5+D8siVcAwGUBaz/3y3rUMD4jP9ln"}}},"version":"v1"}