{"_sessions":{"BX8q9W6ubayoXjbiXMtN0i8bUMZePysKXgjUGIxc/cBa":{"registrationId":1219621899,"currentRatchet":{"ephemeralKeyPair":{"pubKey":"BZyaqw71TeldWkyBWFR29IM5mBTTWZQjPxl+E5hozBYt","privKey":"YBN/6Hi/Vnad4aV7tjOIiL4O1A+pzFwfYBMznMUHy1w="},"lastRemoteEphemeralKey":"BcJV/K3eiyz72N9lSdHc3IcA/armkuBdEDN3rh110WJm","previousCounter":0,"rootKey":"/ZBce0hejtCTOIO2Suhfu51t6Kq2Z8d7z62/Ly2rADA="},"indexInfo":{"baseKey":"BX8q9W6ubayoXjbiXMtN0i8bUMZePysKXgjUGIxc/cBa","baseKeyType":1,"closed":-1,"used":1691325928934,"created":1691325928934,"remoteIdentityKey":"BXpg9FDyjGVf1xAgyEZUXkljtFHwxv/x5AbGnAsqC2As"},"_chains":{"BZyaqw71TeldWkyBWFR29IM5mBTTWZQjPxl+E5hozBYt":{"chainKey":{"counter":1,"key":"IwGI9XdFcmyiZZ9u/uQ3P4vL+KAcTXfLYaH0DgXysn0="},"chainType":1,"messageKeys":{}}},"pendingPreKey":{"signedKeyId":4,"baseKey":"BX8q9W6ubayoXjbiXMtN0i8bUMZePysKXgjUGIxc/cBa","preKeyId":3285884}}},"version":"v1"}