{"_sessions":{"BV47b6hAmxttQExuF6iCK/WGv/RHU84bRSbloCIcDKxZ":{"registrationId":1572438437,"currentRatchet":{"ephemeralKeyPair":{"pubKey":"BfFf7/JHa1qT9HKF3xu7Vfh3NsC6PVj+40xmkvY3y9VB","privKey":"2GLj4ptetwqUAZASu67uDV8ZZfXVQ5SbSlqis8924lo="},"lastRemoteEphemeralKey":"BeryBMVgl5b8dAeen+p1hw0NUptVao+PJRvTDRdjb7wq","previousCounter":0,"rootKey":"HPCLv7VgFYn9CKdlq/pf+DxT0If3TE2LA4Jvfqham1M="},"indexInfo":{"baseKey":"BV47b6hAmxttQExuF6iCK/WGv/RHU84bRSbloCIcDKxZ","baseKeyType":1,"closed":-1,"used":1691326024168,"created":1691326024168,"remoteIdentityKey":"BSPC/ruXVp8r2HZftYBB20m+aGqgnI/vGaBZx1UtlyxS"},"_chains":{"BfFf7/JHa1qT9HKF3xu7Vfh3NsC6PVj+40xmkvY3y9VB":{"chainKey":{"counter":0,"key":"zhB2AX92gsaTR7onQ9gRIXHI0/id9Ke3/Hl6LLYSBpQ="},"chainType":1,"messageKeys":{}}},"pendingPreKey":{"signedKeyId":1,"baseKey":"BV47b6hAmxttQExuF6iCK/WGv/RHU84bRSbloCIcDKxZ","preKeyId":11491224}}},"version":"v1"}