{"_sessions":{"BVZnsRnunVVCgyWmUAwb+E9k94IJ4R06p4G2e70HEi85":{"registrationId":1076808582,"currentRatchet":{"ephemeralKeyPair":{"pubKey":"BRbosB73mrH/YHd3b3vuO0qAtGQaD+odIDywaJGpTzgQ","privKey":"wLlsXGzaz35GUman0kArKHx6o5IQFUu1LPbFiu3yoU4="},"lastRemoteEphemeralKey":"BQqZkB0KhF6hecz2nYnnKX+cqqiHNJf62ChvgQ3Gtq5i","previousCounter":0,"rootKey":"SjY5gtw/5IV6J74/MsCenxllNxyuKqlmWZYkarv/bmY="},"indexInfo":{"baseKey":"BVZnsRnunVVCgyWmUAwb+E9k94IJ4R06p4G2e70HEi85","baseKeyType":1,"closed":-1,"used":1691326023758,"created":1691326023758,"remoteIdentityKey":"BTENpn5DP4AZwPaBGxKftYQY760RqIKLRp5X5z7RDMsT"},"_chains":{"BRbosB73mrH/YHd3b3vuO0qAtGQaD+odIDywaJGpTzgQ":{"chainKey":{"counter":0,"key":"HbhY5ys3lUPjqmI2T24YkwIp0QxgKZllDH1Ga/t1se0="},"chainType":1,"messageKeys":{}}},"pendingPreKey":{"signedKeyId":15,"baseKey":"BVZnsRnunVVCgyWmUAwb+E9k94IJ4R06p4G2e70HEi85"}}},"version":"v1"}