{"_sessions":{"BRWEm9D8FkkkHLTJola1d4EU9mMplxHIiWXbFbmYEOE/":{"registrationId":1977793197,"currentRatchet":{"ephemeralKeyPair":{"pubKey":"BUYxRuOeCWSmc9M81hYBR9R4ma4t2gmbjRBnkFn7tfMI","privKey":"+FwQcH/3F11ah1oVrMdctlqTwlciH70GU0vuG1rShFc="},"lastRemoteEphemeralKey":"BZkcZbsdu1BuarvF81P8yx4HNWDn37FdsI7EgJshfAln","previousCounter":0,"rootKey":"u9UZPI1grgtWe2cztDJcWKT6GfYDOwoXXMYw4bkPYV4="},"indexInfo":{"baseKey":"BRWEm9D8FkkkHLTJola1d4EU9mMplxHIiWXbFbmYEOE/","baseKeyType":1,"closed":-1,"used":1691325929464,"created":1691325929464,"remoteIdentityKey":"BR2Afdd/InOw/U2TNDTUXPp3GkFaDKsP/E9d/esYO3BT"},"_chains":{"BUYxRuOeCWSmc9M81hYBR9R4ma4t2gmbjRBnkFn7tfMI":{"chainKey":{"counter":1,"key":"FZjYTAM9QlCFNiKcXDpWUbl5qXmFbCyFyWbwryoIMaU="},"chainType":1,"messageKeys":{}}},"pendingPreKey":{"signedKeyId":2,"baseKey":"BRWEm9D8FkkkHLTJola1d4EU9mMplxHIiWXbFbmYEOE/","preKeyId":13357480}}},"version":"v1"}