{"_sessions":{"BXa2JFlnUr6h0KExKb9+N07qo6vTn+QcEoKC5PCkMKha":{"registrationId":306137912,"currentRatchet":{"ephemeralKeyPair":{"pubKey":"BZhLNzHE9z/mDUhWzFlvO5AZf01/tsCUdihev6o+VB9p","privKey":"+OnF7+Xf6N8fNFCUXvwdjekMKasCbs6xaIMdHNUPCGU="},"lastRemoteEphemeralKey":"BUWfyUTKVXcP1ZfiREt0DCCpZy/xDSi/ul+Zvu4tXaFR","previousCounter":0,"rootKey":"bcCtRiTsVZLBVIGVOdfzq+yhSoFUQh4i8yFCxl3J6Fo="},"indexInfo":{"baseKey":"BXa2JFlnUr6h0KExKb9+N07qo6vTn+QcEoKC5PCkMKha","baseKeyType":1,"closed":-1,"used":1691326020852,"created":1691326020852,"remoteIdentityKey":"BQfJAvxqyHd2x/a1x/0Sc6BCzaZVJjhHlhdVFGCet2Zi"},"_chains":{"BZhLNzHE9z/mDUhWzFlvO5AZf01/tsCUdihev6o+VB9p":{"chainKey":{"counter":0,"key":"Cj4GVatUMiG+5EtCSxr2A02BxmPBfrJBECUy+4qb9Po="},"chainType":1,"messageKeys":{}}},"pendingPreKey":{"signedKeyId":0,"baseKey":"BXa2JFlnUr6h0KExKb9+N07qo6vTn+QcEoKC5PCkMKha"}}},"version":"v1"}