{"_sessions":{"BaGWzqBHm7VRibRFw06AXf/yYSMwjmnefhII5wXznOdw":{"registrationId":51189669,"currentRatchet":{"ephemeralKeyPair":{"pubKey":"BRniwADv5tFklR+tUzomHUfYR+QxseoM5JSlC9x9FfBX","privKey":"wEk7sCspcuCkxhnqMoa/QO3zOhcfxnDr6lED63mlsEo="},"lastRemoteEphemeralKey":"BdLpuzX7rAQocd5ymfhYx1PKC23id3L8AbwjomBGPWke","previousCounter":0,"rootKey":"Xulxux8WHmPnSfqsqbiojbKypHru9H+td5t2MQzpb88="},"indexInfo":{"baseKey":"BaGWzqBHm7VRibRFw06AXf/yYSMwjmnefhII5wXznOdw","baseKeyType":1,"closed":-1,"used":1691325929550,"created":1691325929550,"remoteIdentityKey":"BZKhwUFoh4Z9/lEQI+kYnn5GyvLVxrFjPCufMrz97QNZ"},"_chains":{"BRniwADv5tFklR+tUzomHUfYR+QxseoM5JSlC9x9FfBX":{"chainKey":{"counter":2,"key":"N8BlSvIhUEfNPsbpHZA+FNZORwjfl7XFJbjrMamYjWg="},"chainType":1,"messageKeys":{}}},"pendingPreKey":{"signedKeyId":0,"baseKey":"BaGWzqBHm7VRibRFw06AXf/yYSMwjmnefhII5wXznOdw","preKeyId":4990258}}},"version":"v1"}