{"_sessions":{"BWJ7plD2Mkp1hQ5Zf+AQt4m9/O5ppERnqQE1Eq3ZXNAz":{"registrationId":2129817601,"currentRatchet":{"ephemeralKeyPair":{"pubKey":"BYzpj2SFHM5Uoug2De6gMkTZgqjPtG1+z2to0J9zqUgI","privKey":"WH1+gkXa7f0IyE2AnB10P2SnwJaoa+AY7uRqsHHc6Go="},"lastRemoteEphemeralKey":"BZAnC8q+1bXZFvBX7S4qx+Jz8GWfvuYzkWOwG1Z/6BJw","previousCounter":0,"rootKey":"0CRzi6cHp/MMM7zB0ZarbGG2zZ9T0AXyTPlKichEau0="},"indexInfo":{"baseKey":"BWJ7plD2Mkp1hQ5Zf+AQt4m9/O5ppERnqQE1Eq3ZXNAz","baseKeyType":1,"closed":-1,"used":1691326019849,"created":1691326019849,"remoteIdentityKey":"BcZOOSHRl6vl+DPtFkpsDU8JetPxpIdcuwnw0wRQazhU"},"_chains":{"BYzpj2SFHM5Uoug2De6gMkTZgqjPtG1+z2to0J9zqUgI":{"chainKey":{"counter":0,"key":"ONbBLRpoJ3nPAmu0iNBa8EGuyh+SsjA7ycn0UlKo3hs="},"chainType":1,"messageKeys":{}}},"pendingPreKey":{"signedKeyId":7,"baseKey":"BWJ7plD2Mkp1hQ5Zf+AQt4m9/O5ppERnqQE1Eq3ZXNAz","preKeyId":14090825}}},"version":"v1"}