{"_sessions":{"BfqglwgKWu+u671tqEheCrxdPwtfthNudH/sEBUde4YW":{"registrationId":2052254814,"currentRatchet":{"ephemeralKeyPair":{"pubKey":"BSrgjsHqT1PQaMw+2RIDJCiyPsNcchD8C2yZP4UP2pds","privKey":"sNK6zHjrMgpRHqvCEeBX76N2nOSo0mfDeIj2E7yVj0w="},"lastRemoteEphemeralKey":"BRi/LTOFClM+G0BStSZM5hkXqC3nmqPDSOXGPlUkZjoQ","previousCounter":0,"rootKey":"uBVoNryOwzRuUa55nPIanIhayCkLvDqPlTAy4OszeGk="},"indexInfo":{"baseKey":"BfqglwgKWu+u671tqEheCrxdPwtfthNudH/sEBUde4YW","baseKeyType":1,"closed":-1,"used":1691325930139,"created":1691325930139,"remoteIdentityKey":"BXZHC1l6DgiZEnPO6SW1SGKHBz+KoCNfpR5VqpLWiRgW"},"_chains":{"BSrgjsHqT1PQaMw+2RIDJCiyPsNcchD8C2yZP4UP2pds":{"chainKey":{"counter":1,"key":"7XimaTF9sR+fn8JaBKq3Ys7hELpd8ChHgZah77FlcG4="},"chainType":1,"messageKeys":{}}},"pendingPreKey":{"signedKeyId":2,"baseKey":"BfqglwgKWu+u671tqEheCrxdPwtfthNudH/sEBUde4YW","preKeyId":6148697}}},"version":"v1"}