{"_sessions":{"BbIkWL3aayE3jFs7pRMRNZX603Aj66P6S489TJKAkFo/":{"registrationId":746177631,"currentRatchet":{"ephemeralKeyPair":{"pubKey":"BQHDLqEoMothu6mRQAme9s+XcGbgSs7Hq3SJqd2qixoo","privKey":"YBR79msi8OgdhoAodiJiaPsi/LTvXmUMJOmIw1QLMnA="},"lastRemoteEphemeralKey":"BelD1QJpsJcT3fkpo73gIeC30EPGL6Op2oPBefelwdJz","previousCounter":0,"rootKey":"8+xI62xfWUEA6x7cCH+iNIuEFpgrWOdaZm5ytroOQ1w="},"indexInfo":{"baseKey":"BbIkWL3aayE3jFs7pRMRNZX603Aj66P6S489TJKAkFo/","baseKeyType":1,"closed":-1,"used":1691326021173,"created":1691326021173,"remoteIdentityKey":"BQMcomI3N/BJnHBoyLaOupIj7ZPN+jAMINrw+DhA5LZT"},"_chains":{"BQHDLqEoMothu6mRQAme9s+XcGbgSs7Hq3SJqd2qixoo":{"chainKey":{"counter":0,"key":"ojAvMBV4do6E1qFk8TOyZ8efeXrqAiCabsOS0oJGWTI="},"chainType":1,"messageKeys":{}}},"pendingPreKey":{"signedKeyId":10,"baseKey":"BbIkWL3aayE3jFs7pRMRNZX603Aj66P6S489TJKAkFo/","preKeyId":9797286}}},"version":"v1"}