{"_sessions":{"Bd3nGyY4aTIZEmMlOJHSmDpwlrpZCDdKCFSJzU07CCsL":{"registrationId":1820889650,"currentRatchet":{"ephemeralKeyPair":{"pubKey":"BWFxsbzGbAxaz2EWCSj8IZohAq5gOpqHPOoZK2+tTk54","privKey":"UEFAtljKpxm3tjkIDG4+80vX954Z/Su3PlHiggOLMXU="},"lastRemoteEphemeralKey":"BYQZ7oBpKQVZWh6k5SUGugtNGadricU9jNeDGPzpXjUq","previousCounter":0,"rootKey":"JPpHZPWhEdtIRpHK89S2vWkjZ74P5LxIE0XnIo1bY8k="},"indexInfo":{"baseKey":"Bd3nGyY4aTIZEmMlOJHSmDpwlrpZCDdKCFSJzU07CCsL","baseKeyType":1,"closed":-1,"used":1691326022544,"created":1691326022544,"remoteIdentityKey":"BV7gQzflnUv10tdTK6n1motx5PSKCJswLGgA6LtGn+NE"},"_chains":{"BWFxsbzGbAxaz2EWCSj8IZohAq5gOpqHPOoZK2+tTk54":{"chainKey":{"counter":0,"key":"LYi/C/mGurUTAUqhyVbVIaicxwSr1+YGOXnjZjt6TAc="},"chainType":1,"messageKeys":{}}},"pendingPreKey":{"signedKeyId":4,"baseKey":"Bd3nGyY4aTIZEmMlOJHSmDpwlrpZCDdKCFSJzU07CCsL","preKeyId":12395817}}},"version":"v1"}