{"_sessions":{"BbbZiXOo28BmluCDB8Br2cXoCKd/yabg0alucUWLq9ll":{"registrationId":1051874413,"currentRatchet":{"ephemeralKeyPair":{"pubKey":"Bc+1XmlwQ7jdUL7x/5CO83AocSB31ciyutiEv3XEo21m","privKey":"GGIdBCvYmPnr1OWDLOU/LWyQ69LOQgeBAGB95K+6oXY="},"lastRemoteEphemeralKey":"Bcyea+yeeqE2PKGAN8wOg64E3cGcKeSeZJg7j5h+knZB","previousCounter":0,"rootKey":"DJpj1/j+6oUtxM6a1ErRqo/HPNLyjl7mDIIP5Mkjcio="},"indexInfo":{"baseKey":"BbbZiXOo28BmluCDB8Br2cXoCKd/yabg0alucUWLq9ll","baseKeyType":1,"closed":-1,"used":1691326025565,"created":1691326025565,"remoteIdentityKey":"BR8Bp1oITIclacP4r3NhZyzl1XjyxzqYuL8aIY/QGrU/"},"_chains":{"Bc+1XmlwQ7jdUL7x/5CO83AocSB31ciyutiEv3XEo21m":{"chainKey":{"counter":0,"key":"r4s6xZWxeJDDjAEERtFFgqCGjso46JntfRk+Jv8PPAM="},"chainType":1,"messageKeys":{}}},"pendingPreKey":{"signedKeyId":4,"baseKey":"BbbZiXOo28BmluCDB8Br2cXoCKd/yabg0alucUWLq9ll","preKeyId":13913249}}},"version":"v1"}