{"_sessions":{"BZHhk8kj8kDGjea7LAp2XgPvANAibfX9tGG6MaIiEdAT":{"registrationId":347296227,"currentRatchet":{"ephemeralKeyPair":{"pubKey":"BW47pGc4pI81Ytu2KeUlWPVSg60DFbxknIINq9xdP8E2","privKey":"wE2dyo51l5pcSaxSfiCSbgIu6YR5c+4ZqT+QuT4H9kw="},"lastRemoteEphemeralKey":"BdLIRx/blKf0preC1iujnfHzVDRAfaD9Li2ftWQK/Ud0","previousCounter":0,"rootKey":"kCIcV/8CRxsAyXzkw5tR2CxNx86IfPKX9mkJIhP4j60="},"indexInfo":{"baseKey":"BZHhk8kj8kDGjea7LAp2XgPvANAibfX9tGG6MaIiEdAT","baseKeyType":1,"closed":-1,"used":1691325928563,"created":1691325928563,"remoteIdentityKey":"BYDP63j+VZWKcrmHwC1fTxuhcv/jZ17unFIKK1TEVP43"},"_chains":{"BW47pGc4pI81Ytu2KeUlWPVSg60DFbxknIINq9xdP8E2":{"chainKey":{"counter":1,"key":"j/yA7j/NBKW1WQDVskKP6qs2Q+K6/RX7l9p2GMX6bK8="},"chainType":1,"messageKeys":{}}},"pendingPreKey":{"signedKeyId":0,"baseKey":"BZHhk8kj8kDGjea7LAp2XgPvANAibfX9tGG6MaIiEdAT","preKeyId":3901748}}},"version":"v1"}