{"_sessions":{"Bf8A/uzWFBe6vvVNz6pmqsX+GQd1ljGK6hcB5jP3+7ln":{"registrationId":99352336,"currentRatchet":{"ephemeralKeyPair":{"pubKey":"BU4Si76FkOxETHlVV5R7AIG7a0J9LYv37ISNdJ2NtM0V","privKey":"qFVBNzzQOGOcq6aMtxhGY7vx1eae6FJXhtQpMfCTJ0I="},"lastRemoteEphemeralKey":"BWPcu4Y9/40Q3gvQju1lqRf4sDFGtTT4RZNEANn4tTdZ","previousCounter":0,"rootKey":"BZfppNjS1C6UyN2/4QkoUO+AQimXNCv8ysMXcCMK/Qk="},"indexInfo":{"baseKey":"Bf8A/uzWFBe6vvVNz6pmqsX+GQd1ljGK6hcB5jP3+7ln","baseKeyType":1,"closed":-1,"used":1691326022833,"created":1691326022833,"remoteIdentityKey":"BUdOZFt/NbYPFxj1856YVBWDgx8nLr5LVp0rlmmuBro+"},"_chains":{"BU4Si76FkOxETHlVV5R7AIG7a0J9LYv37ISNdJ2NtM0V":{"chainKey":{"counter":0,"key":"OChocDnA7yUURiC7QJJpAGy6mEpI71w0UhZs/6GVkY0="},"chainType":1,"messageKeys":{}}},"pendingPreKey":{"signedKeyId":0,"baseKey":"Bf8A/uzWFBe6vvVNz6pmqsX+GQd1ljGK6hcB5jP3+7ln","preKeyId":5420817}}},"version":"v1"}