{"_sessions":{"Bf854L17GlLwkI+PGHu5zOjPZUHN2b/ZxAl3C3WOf98M":{"registrationId":1580732693,"currentRatchet":{"ephemeralKeyPair":{"pubKey":"BXjVsX3WxF/WMqxOo/gIwTlmhhse2wbqtrNuheZv0ktj","privKey":"IHwLMwcm+++qd+YcgXHgkOSjelGHZ79njb7/4Wnq6VU="},"lastRemoteEphemeralKey":"BQz12ycD08VmMzXwwLSmJWbWoPx8xMtP06H/PpGFJk04","previousCounter":0,"rootKey":"efCGReA9qvAsr+yLquV1Jveg8lBS6k/IDXSYgpgwdCI="},"indexInfo":{"baseKey":"Bf854L17GlLwkI+PGHu5zOjPZUHN2b/ZxAl3C3WOf98M","baseKeyType":1,"closed":-1,"used":1691325929860,"created":1691325929860,"remoteIdentityKey":"BaN09E4D1+Co/udqmde3pbUP8TrH8gMCaxw33zvMRw1U"},"_chains":{"BXjVsX3WxF/WMqxOo/gIwTlmhhse2wbqtrNuheZv0ktj":{"chainKey":{"counter":1,"key":"1KgSQhlYQSqGCsvDs72il5uHG5kdnBlbY5fsXE81Tr0="},"chainType":1,"messageKeys":{}}},"pendingPreKey":{"signedKeyId":1,"baseKey":"Bf854L17GlLwkI+PGHu5zOjPZUHN2b/ZxAl3C3WOf98M","preKeyId":7683493}}},"version":"v1"}