{"_sessions":{"BXDJl2xNLwbpnC2u4cDVfSZIqRpousKZHOcbRvSkXllC":{"registrationId":1081232288,"currentRatchet":{"ephemeralKeyPair":{"pubKey":"BVqvPscb2aD6f4GjUpfZgFZcuMHEeKezbyDODAbS4l4i","privKey":"gCQxtsHa0CLH0uO0gVf3TWE8SGI40e3DtxupuvJYHG0="},"lastRemoteEphemeralKey":"BcC6H7g2QlVsJKrCVV/4HaIrqb5Ys9navmKMQgPz7QkS","previousCounter":0,"rootKey":"Ig2OAgKMLR5AMXNVKF3qo0MdhqmR1BFEZKmG7OXvuwk="},"indexInfo":{"baseKey":"BXDJl2xNLwbpnC2u4cDVfSZIqRpousKZHOcbRvSkXllC","baseKeyType":1,"closed":-1,"used":1691326025351,"created":1691326025351,"remoteIdentityKey":"BaFMsDnwDy09wJQRGLP8g8q5k0KxwzxcWWDCin9YxUBB"},"_chains":{"BVqvPscb2aD6f4GjUpfZgFZcuMHEeKezbyDODAbS4l4i":{"chainKey":{"counter":0,"key":"xCXkfVDNE7CCxuipO7eztng9Z8JpoOfbEhwdSuFjxcg="},"chainType":1,"messageKeys":{}}},"pendingPreKey":{"signedKeyId":4,"baseKey":"BXDJl2xNLwbpnC2u4cDVfSZIqRpousKZHOcbRvSkXllC"}}},"version":"v1"}