{"_sessions":{"BcKqcQa83DSMuZ74Iyo8tucaZoZFxdFA1ffyBdvNwPhh":{"registrationId":2119625778,"currentRatchet":{"ephemeralKeyPair":{"pubKey":"BVq6JUQp/ruRdKGQ8tmvnNCCIyCwSlCv66GqlY297PB+","privKey":"qA9YdVMtsObp2Tff3WNUTY8cWEgGeIhP7vTFmCeTl2M="},"lastRemoteEphemeralKey":"BZIVLPWOE7hAToZyw+LynaK7bUmp7mpngODael6ug+Ai","previousCounter":0,"rootKey":"NiTXWJPPJnkjNAIOCIWN4MUu07SjzxGkirCyHILiPTY="},"indexInfo":{"baseKey":"BcKqcQa83DSMuZ74Iyo8tucaZoZFxdFA1ffyBdvNwPhh","baseKeyType":1,"closed":-1,"used":1691325929933,"created":1691325929933,"remoteIdentityKey":"BYpX+eEAZg5lzqqBvOSpNPYtWNffcBZ7vLjHaU/LmL97"},"_chains":{"BVq6JUQp/ruRdKGQ8tmvnNCCIyCwSlCv66GqlY297PB+":{"chainKey":{"counter":1,"key":"0DckQtK4sMzMIhM/oQN31EEPIBXB6XeqZllLM8ZP8XU="},"chainType":1,"messageKeys":{}}},"pendingPreKey":{"signedKeyId":17,"baseKey":"BcKqcQa83DSMuZ74Iyo8tucaZoZFxdFA1ffyBdvNwPhh"}}},"version":"v1"}