{"_sessions":{"BecD/eErE6WXFn71/2nDYbJ8tkuYIWDIRb7x2nUnyY5d":{"registrationId":310652369,"currentRatchet":{"ephemeralKeyPair":{"pubKey":"BYPHmwvoOg86TNhNr361C8K73g87k0RbsAsaKgSzGoQJ","privKey":"mAjCM+A/R4tD+ZtTWpj6JTN1Qwe6n3Z+O6DaOt5UIWk="},"lastRemoteEphemeralKey":"BTBo0Ki2c0NJIi1vxHvv9B2PlbvAUr3XE/cQ4ocs2hVm","previousCounter":0,"rootKey":"m8VuK9orPYEM2xVtHZ6uzPoANTkLRla/HmMx/Qs2rYs="},"indexInfo":{"baseKey":"BecD/eErE6WXFn71/2nDYbJ8tkuYIWDIRb7x2nUnyY5d","baseKeyType":1,"closed":-1,"used":1691326019343,"created":1691326019343,"remoteIdentityKey":"Ba0p892StQoHamrhR93/YEBK+oXOmyljRQ9Jcv09wt5Q"},"_chains":{"BYPHmwvoOg86TNhNr361C8K73g87k0RbsAsaKgSzGoQJ":{"chainKey":{"counter":0,"key":"kcBQe+X6CXoBGtQDMNtS7uDU2GmH+A/+imtXTS9wkD8="},"chainType":1,"messageKeys":{}}},"pendingPreKey":{"signedKeyId":13,"baseKey":"BecD/eErE6WXFn71/2nDYbJ8tkuYIWDIRb7x2nUnyY5d","preKeyId":13675247}}},"version":"v1"}