{"_sessions":{"BTy2pyApberrUN5+xrFctPY36O8cvI2JI5xm6TuMR9wH":{"registrationId":299165148,"currentRatchet":{"ephemeralKeyPair":{"pubKey":"Bb6fYddSo9LL1FtONFdrmZ4aQNShD5Zu2X5Ptq6E1Ws2","privKey":"gBn/PrpdC/+HmI4Dk/7U+OmlIqPGwm8qez9ohGnswHY="},"lastRemoteEphemeralKey":"BaNbQvFo0NT2mfalOmhOpAmdlSZ3sn8J2PimLdvnmg0r","previousCounter":0,"rootKey":"0GhBojd6wOV+3yp8zcXcNoIfG3ESR6WShCeW+4qmuVM="},"indexInfo":{"baseKey":"BTy2pyApberrUN5+xrFctPY36O8cvI2JI5xm6TuMR9wH","baseKeyType":1,"closed":-1,"used":1691325929331,"created":1691325929331,"remoteIdentityKey":"BRlRIuUXgWIDPpF9ICc4V/sY6ED5jDPFq3u1TxQUEo4t"},"_chains":{"Bb6fYddSo9LL1FtONFdrmZ4aQNShD5Zu2X5Ptq6E1Ws2":{"chainKey":{"counter":1,"key":"qyoBSxvZTz/5ORHW69xCh2892oBcws1nqadcakihQ10="},"chainType":1,"messageKeys":{}}},"pendingPreKey":{"signedKeyId":5,"baseKey":"BTy2pyApberrUN5+xrFctPY36O8cvI2JI5xm6TuMR9wH","preKeyId":11336772}}},"version":"v1"}