{"_sessions":{"BbP7K9ntnfKovrEuXMplWqTn5fybV0zw1BS4EKfB2tVW":{"registrationId":1613008823,"currentRatchet":{"ephemeralKeyPair":{"pubKey":"BaTq8FGMcnK6Zwuj1xwxc+OBL5jEhhJDPnUcsqLscGoc","privKey":"IOvzsF8BOuqD4/rTBFO1VDcCk921b0z8JgdOOriVnGk="},"lastRemoteEphemeralKey":"BU7BD7JyFE6l75ao22IUc9XIEDiQb4zOb8UQAyt8eJ04","previousCounter":0,"rootKey":"rdqZdJDy5N4ef4KqjJ7zNslMmXWE1JKlm/GHMjwHriM="},"indexInfo":{"baseKey":"BbP7K9ntnfKovrEuXMplWqTn5fybV0zw1BS4EKfB2tVW","baseKeyType":1,"closed":-1,"used":1691325928447,"created":1691325928447,"remoteIdentityKey":"BZTt8Bt2BKdzyGU6C8sN5LGTqxLuPziNEu9AyXPZ2V4t"},"_chains":{"BaTq8FGMcnK6Zwuj1xwxc+OBL5jEhhJDPnUcsqLscGoc":{"chainKey":{"counter":1,"key":"9qGEOgIfCpDFp70AzZKuY47+1y6MpegJ6XHQW8pkI1o="},"chainType":1,"messageKeys":{}}},"pendingPreKey":{"signedKeyId":1,"baseKey":"BbP7K9ntnfKovrEuXMplWqTn5fybV0zw1BS4EKfB2tVW"}}},"version":"v1"}