{"_sessions":{"BRPSk5ocFQyVWhizjJwT6h85ZsPumHJfwKn92bZzqkFr":{"registrationId":209147889,"currentRatchet":{"ephemeralKeyPair":{"pubKey":"BcApdccdOCgFoiTDweJSGopMLmKCR0T1poCK8KFB+hxx","privKey":"+G+zCj9QiuP95E/k6gr4/r0IKTFDJ8awnBu6t/GKYnE="},"lastRemoteEphemeralKey":"BU4bujmku1xqux98ER853q5BiLYfEtcAp2KVVns+l0FM","previousCounter":0,"rootKey":"Q4CTS28pDCVwVl6KSbGko50O1+wUt3LYK6bzB0oQQz4="},"indexInfo":{"baseKey":"BRPSk5ocFQyVWhizjJwT6h85ZsPumHJfwKn92bZzqkFr","baseKeyType":1,"closed":-1,"used":1691325930146,"created":1691325930146,"remoteIdentityKey":"BdzjEyg0Hp/LQtGIRw3QmUZaiHY9tEeiPjfjIqwSkL96"},"_chains":{"BcApdccdOCgFoiTDweJSGopMLmKCR0T1poCK8KFB+hxx":{"chainKey":{"counter":1,"key":"OCdbubHyxzGb/rKUyUPufEys9I7iFMy8SuwNQ9mj6uE="},"chainType":1,"messageKeys":{}}},"pendingPreKey":{"signedKeyId":7,"baseKey":"BRPSk5ocFQyVWhizjJwT6h85ZsPumHJfwKn92bZzqkFr","preKeyId":15397346}}},"version":"v1"}