{"_sessions":{"BT+6hKXRmy0nlZOPJWMOYtf2IbZYer4rCzDMiSW47p5N":{"registrationId":525062503,"currentRatchet":{"ephemeralKeyPair":{"pubKey":"BXQSF6Fwl7+5RCx8010GWHiE7UwRQiVUMNzaBsUW1hwV","privKey":"eAgqV8HABOML1mCrzc9Om/j7k+gFJAgm0yIH1RIeVEk="},"lastRemoteEphemeralKey":"Bbpbn4ePgrjcD6mf1SsyuEW77aM3u4i8PJSDed5gkQN5","previousCounter":0,"rootKey":"wl/JD4AlXtRbMnykF5VEBpYL0XtNUqsqBDO0Znkmdtc="},"indexInfo":{"baseKey":"BT+6hKXRmy0nlZOPJWMOYtf2IbZYer4rCzDMiSW47p5N","baseKeyType":1,"closed":-1,"used":1691325930074,"created":1691325930074,"remoteIdentityKey":"BdU5fRZq7YMtt0Oo/hjZuuhg84Ja15BFTL0ESvUs/qoi"},"_chains":{"BXQSF6Fwl7+5RCx8010GWHiE7UwRQiVUMNzaBsUW1hwV":{"chainKey":{"counter":1,"key":"Om05WQnQ9Dddfpwbe8/HxFFIEnkkgbZWAFWvVUeZbVw="},"chainType":1,"messageKeys":{}}},"pendingPreKey":{"signedKeyId":5,"baseKey":"BT+6hKXRmy0nlZOPJWMOYtf2IbZYer4rCzDMiSW47p5N","preKeyId":679045}}},"version":"v1"}