{"_sessions":{"BfmYiEP/MybWCjugixX0ttm74g/nWy1qeeP+pRWHCUsX":{"registrationId":672527328,"currentRatchet":{"ephemeralKeyPair":{"pubKey":"BQ2tmQ5PS9w/nUV5Q9/pkUGe/cOYo7qMmWwttLjiA+l/","privKey":"sAncI8oAgZ06EBaYda5WQSEqIhCL1XB38V2e04P7sVc="},"lastRemoteEphemeralKey":"BTlzhtT8/GMF2i8Dp0NJOItNLwjsA/+R8Gvb9oXGCA9P","previousCounter":0,"rootKey":"x3JJOsMqlpmmt3H/V7J+ZLlnXsY9q86A8uqPLabHO1g="},"indexInfo":{"baseKey":"BfmYiEP/MybWCjugixX0ttm74g/nWy1qeeP+pRWHCUsX","baseKeyType":1,"closed":-1,"used":1691326020168,"created":1691326020168,"remoteIdentityKey":"BYO46jrqMjs6v/eorvC333mzHPaPfaxLuMkkkAD583Bl"},"_chains":{"BQ2tmQ5PS9w/nUV5Q9/pkUGe/cOYo7qMmWwttLjiA+l/":{"chainKey":{"counter":0,"key":"xCxS9DNBQy1dsjOPqJFBBls1db6tnZgM9GAi6xyU/AE="},"chainType":1,"messageKeys":{}}},"pendingPreKey":{"signedKeyId":5,"baseKey":"BfmYiEP/MybWCjugixX0ttm74g/nWy1qeeP+pRWHCUsX"}}},"version":"v1"}