{"_sessions":{"BUScdXpx1IPoUT2HiqGnH2FKF1jDAUCPJBhoMQLOZoZg":{"registrationId":2019616345,"currentRatchet":{"ephemeralKeyPair":{"pubKey":"BXYcLsfXMdvpRf6soOy5m9MTYsTcifbLWPfDqiIr4jgD","privKey":"eCmMmxKBHUTJrky/yGPPUbEyLA6cjcjSi3Z7P1Kpr0A="},"lastRemoteEphemeralKey":"BUnL4m+8A5uQnXbyuE1ZlIGHcZ3WbmxD26KtlxezCscp","previousCounter":0,"rootKey":"2FKx1FsMMIlEPqF3cPb1h+KL9DN5Hh/KsKUP3Vdk33k="},"indexInfo":{"baseKey":"BUScdXpx1IPoUT2HiqGnH2FKF1jDAUCPJBhoMQLOZoZg","baseKeyType":1,"closed":-1,"used":1691326024929,"created":1691326024929,"remoteIdentityKey":"BYylFo0OQ3I3W+kqBi+5/L2b+2FBVgwQ2Pja9BdTXI1i"},"_chains":{"BXYcLsfXMdvpRf6soOy5m9MTYsTcifbLWPfDqiIr4jgD":{"chainKey":{"counter":0,"key":"v6D+OPkkuD4cbTQ0opCoFvMQih6h2rKzbJbOHz8lkCs="},"chainType":1,"messageKeys":{}}},"pendingPreKey":{"signedKeyId":3,"baseKey":"BUScdXpx1IPoUT2HiqGnH2FKF1jDAUCPJBhoMQLOZoZg"}}},"version":"v1"}