{"_sessions":{"BdcsOkRqvUkKGBEpubWWjXOwyZBKdG15Ac8XQcNJhPdU":{"registrationId":6156,"currentRatchet":{"ephemeralKeyPair":{"pubKey":"BYu4fPioC2SiMR1Bt2Vys2yc5k5UzngqmKAeYh2k+RNF","privKey":"WCdlT8uHd9NF8uPF2z0YuzCUtI+X3hCSz3V5oa7YDFU="},"lastRemoteEphemeralKey":"BUkNKhXUSwuyljnSgPjo0henTuFa5AObY86AK5mLahoA","previousCounter":0,"rootKey":"fR01D7wluoan1JfZ7dMw94rbZbgnGAVgAmcbUQDwEyE="},"indexInfo":{"baseKey":"BdcsOkRqvUkKGBEpubWWjXOwyZBKdG15Ac8XQcNJhPdU","baseKeyType":1,"closed":-1,"used":1691326018852,"created":1691326018852,"remoteIdentityKey":"Be2awgLyL6pgzXuQdxDt0YOdSVksNFyXZPryHQez3dR+"},"_chains":{"BYu4fPioC2SiMR1Bt2Vys2yc5k5UzngqmKAeYh2k+RNF":{"chainKey":{"counter":0,"key":"ym024a3F7fpamkkBjlIH6Xci2UxCLhtvOQkH2jFgVv8="},"chainType":1,"messageKeys":{}}},"pendingPreKey":{"signedKeyId":1,"baseKey":"BdcsOkRqvUkKGBEpubWWjXOwyZBKdG15Ac8XQcNJhPdU"}}},"version":"v1"}