{"_sessions":{"BSk1LxRYcTL/QOzD3mEOqKHOznnWJ+BgjmAe2BSJ/04u":{"registrationId":2023568383,"currentRatchet":{"ephemeralKeyPair":{"pubKey":"BYE89bd82FnnGlAAA4+GBAoormBTMrh8+nM+jF8bHcIA","privKey":"yHO0JaJKHzbr7b0yQ7PhyWwEPTX/O5ovGRjKiCrC2G0="},"lastRemoteEphemeralKey":"BUqEy7mZn6T5d1RUAyK5LpoEQsSvw5crgT3MX1SRX2BQ","previousCounter":0,"rootKey":"xbkZhnAzpNNRbOeg0/M44qD1Vpy20K1vL/A/44Isips="},"indexInfo":{"baseKey":"BSk1LxRYcTL/QOzD3mEOqKHOznnWJ+BgjmAe2BSJ/04u","baseKeyType":1,"closed":-1,"used":1691325929536,"created":1691325929536,"remoteIdentityKey":"BTyMvX2r1sX98J0q+i7TP16YYeD5DcQvXiYLYIAIzdFY"},"_chains":{"BYE89bd82FnnGlAAA4+GBAoormBTMrh8+nM+jF8bHcIA":{"chainKey":{"counter":1,"key":"CaANvxMRcomDjEXsGkOkl7b7TI28xAdQ4PR2wVcOg64="},"chainType":1,"messageKeys":{}}},"pendingPreKey":{"signedKeyId":1,"baseKey":"BSk1LxRYcTL/QOzD3mEOqKHOznnWJ+BgjmAe2BSJ/04u"}}},"version":"v1"}