{"_sessions":{"BfnPd7N3X/BD7e7cKdXXhqX9Dor0emIc1ltsyacb6PpO":{"registrationId":1100605692,"currentRatchet":{"ephemeralKeyPair":{"pubKey":"BZESOETNZvweigPPtsBZrsaDT02DdWC4LkH3XfMIVTNz","privKey":"aLZvPbsHhsbzw313d0jInoGzGZTKAPTuxl44L8xC+mM="},"lastRemoteEphemeralKey":"BZcr9HmCgOLjyYXQT5Cv7uh6xpSOaHB9YDV8m49fc4sH","previousCounter":0,"rootKey":"FNKggJRz1c8kAWfzp+4yIxs4w5ghiFr58xF1+ASUsiU="},"indexInfo":{"baseKey":"BfnPd7N3X/BD7e7cKdXXhqX9Dor0emIc1ltsyacb6PpO","baseKeyType":1,"closed":-1,"used":1691326020552,"created":1691326020552,"remoteIdentityKey":"BVG1s/fqeNH6vc2o7JneL42kcUp1kOeO9w+98F9dlRQn"},"_chains":{"BZESOETNZvweigPPtsBZrsaDT02DdWC4LkH3XfMIVTNz":{"chainKey":{"counter":0,"key":"U0NBbqnyl03hmZS7oRw31ie0R+RcWDi+UZXBlHkjU3c="},"chainType":1,"messageKeys":{}}},"pendingPreKey":{"signedKeyId":2,"baseKey":"BfnPd7N3X/BD7e7cKdXXhqX9Dor0emIc1ltsyacb6PpO","preKeyId":8045720}}},"version":"v1"}