{"_sessions":{"BRxV0SkXYys8lMTYdrqD7XTWo/9dZYfxeB5xZHee15Y7":{"registrationId":1363259481,"currentRatchet":{"ephemeralKeyPair":{"pubKey":"Bagh+YHKMH7mR7et1rgvl8Am6tvYoLmBfqpq9JpQawMt","privKey":"2IOt4LRyBLQSNsPOcptojyJ7ra4UuYi3jgCJJ1UaYkU="},"lastRemoteEphemeralKey":"BSePSJZqisVX8jzWdXVe9aUmD5pHw5J36EPoI186XDsa","previousCounter":0,"rootKey":"2skP+1P/HnCox6i/ZxaJDl8gRklQD7hHcyY6XlUntKk="},"indexInfo":{"baseKey":"BRxV0SkXYys8lMTYdrqD7XTWo/9dZYfxeB5xZHee15Y7","baseKeyType":1,"closed":-1,"used":1691326023539,"created":1691326023539,"remoteIdentityKey":"BSW/N8oiAvkvop0uzZI7fCdfQQjxijyBsvmSUoO+8/I8"},"_chains":{"Bagh+YHKMH7mR7et1rgvl8Am6tvYoLmBfqpq9JpQawMt":{"chainKey":{"counter":0,"key":"Mv2AH3CdF5Jhf0tF61L//3lrq2/vzx9PfuoJ92gsBeU="},"chainType":1,"messageKeys":{}}},"pendingPreKey":{"signedKeyId":1,"baseKey":"BRxV0SkXYys8lMTYdrqD7XTWo/9dZYfxeB5xZHee15Y7"}}},"version":"v1"}