{"_sessions":{"BZQXmy+u16OyYWeKZU0u1QS2n2inul3wMBW35ZE1ZMdq":{"registrationId":1025295454,"currentRatchet":{"ephemeralKeyPair":{"pubKey":"BadGr4xOrUZjnCgKkqpHV6qAgYqgMVivRI8Q5mlYviFU","privKey":"UPoY0SbXUdbEV/U/py+/QtsQMQm3iPWqSWHc0htEJ0U="},"lastRemoteEphemeralKey":"BZ8TOQ7aqmdPz7lQV8f5Qd53hc2lSc7TvBTn51y2e2Rm","previousCounter":0,"rootKey":"hmLN2vhAVrpNx9Uflf4M7SyIs8Iq3DzZ8oXPPLT9IeQ="},"indexInfo":{"baseKey":"BZQXmy+u16OyYWeKZU0u1QS2n2inul3wMBW35ZE1ZMdq","baseKeyType":1,"closed":-1,"used":1691326019074,"created":1691326019074,"remoteIdentityKey":"BVaPIzIBkNqJ87ednoDJCncKLhQd+33au3D50qqGCYJB"},"_chains":{"BadGr4xOrUZjnCgKkqpHV6qAgYqgMVivRI8Q5mlYviFU":{"chainKey":{"counter":0,"key":"hJvKc5JtGSC06+iFz7XWzOzyNTj8f67Sc4BgDIGTpCU="},"chainType":1,"messageKeys":{}}},"pendingPreKey":{"signedKeyId":4,"baseKey":"BZQXmy+u16OyYWeKZU0u1QS2n2inul3wMBW35ZE1ZMdq"}}},"version":"v1"}