{"_sessions":{"BXg2dapmnb8hcAmo2nuwjIkukhDWIIKW4eDRt1ozo5l9":{"registrationId":1681268160,"currentRatchet":{"ephemeralKeyPair":{"pubKey":"BSgo0wnN6KBMoDpFBfpVTDQ/lcLv211PLKLyk9Dkfpss","privKey":"SMSdtsZMrNev9iEnLHqsVOyVlEetMAZKSNPonIr6MUI="},"lastRemoteEphemeralKey":"BZoUcl8wR6x30qG9mq5RLMcNjNzbqin+T+rNLers5Qci","previousCounter":0,"rootKey":"u+WVEbYdbV8GQPh+s0UGhERJxhELqmfi/n7q7jGeEAw="},"indexInfo":{"baseKey":"BXg2dapmnb8hcAmo2nuwjIkukhDWIIKW4eDRt1ozo5l9","baseKeyType":1,"closed":-1,"used":1691326025068,"created":1691326025068,"remoteIdentityKey":"BZMYvo7y6qfiAAaV8dx1uRj2t+IgVaKnSRIuoe1d5bpI"},"_chains":{"BSgo0wnN6KBMoDpFBfpVTDQ/lcLv211PLKLyk9Dkfpss":{"chainKey":{"counter":0,"key":"NALMh0pyUxRpnm+4/OUxmVx22faLz222UeNVkLTp+S4="},"chainType":1,"messageKeys":{}}},"pendingPreKey":{"signedKeyId":0,"baseKey":"BXg2dapmnb8hcAmo2nuwjIkukhDWIIKW4eDRt1ozo5l9"}}},"version":"v1"}