{"_sessions":{"BffVd2/CyW7IMVIOvgen1KVyHgDFFAzB0+zOg6sIYfge":{"registrationId":208024667,"currentRatchet":{"ephemeralKeyPair":{"pubKey":"BUhnRMN8TwNdU9i9idjlE6n/HorQ44aML4rs9V9rqwsp","privKey":"WLAJPeZwd1BPTtrYKPJKuy5FntApsyPxR+xoEaYkOHA="},"lastRemoteEphemeralKey":"BRXVg+eOzep61mNLWPdnpeXeS0v5WM9SNY7ByVbxxH04","previousCounter":0,"rootKey":"2YABr8dWERxHRQULGprwek9AEFzGsA8dZQG+8yUKfow="},"indexInfo":{"baseKey":"BffVd2/CyW7IMVIOvgen1KVyHgDFFAzB0+zOg6sIYfge","baseKeyType":1,"closed":-1,"used":1691326024955,"created":1691326024955,"remoteIdentityKey":"BRIH2ULLdEGysXYX/nWkPWf4DgBIbCniPlbtGlobwZpC"},"_chains":{"BUhnRMN8TwNdU9i9idjlE6n/HorQ44aML4rs9V9rqwsp":{"chainKey":{"counter":0,"key":"P8xZDryF7iPD8+8KvhBJdoZ2ID5hh/hX6wkC/J8l4Zk="},"chainType":1,"messageKeys":{}}},"pendingPreKey":{"signedKeyId":0,"baseKey":"BffVd2/CyW7IMVIOvgen1KVyHgDFFAzB0+zOg6sIYfge","preKeyId":7149389}}},"version":"v1"}