{"_sessions":{"BRDeGo6dtS2Vjx0qBarUyweMxEaahmb9nfZNU+lx9Kdm":{"registrationId":863847764,"currentRatchet":{"ephemeralKeyPair":{"pubKey":"BT/w/N8lpisKowYeT6Dvsls87Dd7CkyjAP6Jvsnl354p","privKey":"qDlGeLT+cY8iwjIZ1D3OEjfgYQO6AKvV5UlYUHdL5VQ="},"lastRemoteEphemeralKey":"BT+OM0ww1euEPv7K5s4RUhrIGgPjb3YkIX/3eQ2eYz8I","previousCounter":0,"rootKey":"OsEyAW4YUChTuGxc0DrVxv9S2jaZgS7WVgbZs7gUA+8="},"indexInfo":{"baseKey":"BRDeGo6dtS2Vjx0qBarUyweMxEaahmb9nfZNU+lx9Kdm","baseKeyType":1,"closed":-1,"used":1691326024757,"created":1691326024757,"remoteIdentityKey":"BZe4CKIJaRsDTSiOYXd2reAQRZWiMcJA1PoPiO18shpi"},"_chains":{"BT/w/N8lpisKowYeT6Dvsls87Dd7CkyjAP6Jvsnl354p":{"chainKey":{"counter":0,"key":"owUz130KnWuHdbJ2BhGYHopH4yF787XPMzryQbDLYkg="},"chainType":1,"messageKeys":{}}},"pendingPreKey":{"signedKeyId":1,"baseKey":"BRDeGo6dtS2Vjx0qBarUyweMxEaahmb9nfZNU+lx9Kdm","preKeyId":10609798}}},"version":"v1"}