{"_sessions":{"BVsU3gLfK9hHHAhnBRNNCaJmnBVoRVMzkesSD1fXnOB8":{"registrationId":1739986040,"currentRatchet":{"ephemeralKeyPair":{"pubKey":"BdwIesLSAgexWRYvEAzb3cTXN7O06t3+P6xpbQzhcQ8J","privKey":"4HX6+sPfvvseZLxiVJFBW4okae6LGP1pOq4/+smyc2w="},"lastRemoteEphemeralKey":"BSC+msNyUtv1fX+etnp2tjrlL4abm4EA/VbTSYktWeEY","previousCounter":0,"rootKey":"RZTxzy2iVGeVH1Cx5Qtgm0JAMDe6ENoz14MXrXpGePA="},"indexInfo":{"baseKey":"BVsU3gLfK9hHHAhnBRNNCaJmnBVoRVMzkesSD1fXnOB8","baseKeyType":1,"closed":-1,"used":1691325929652,"created":1691325929652,"remoteIdentityKey":"BcYawrMgqaAp1ETdoQfuocG/XFgyeA0eXYTWz183ycMl"},"_chains":{"BdwIesLSAgexWRYvEAzb3cTXN7O06t3+P6xpbQzhcQ8J":{"chainKey":{"counter":1,"key":"0DVJjLXysD0AGrO2nDzaOdKJzbn4d5LlMIEeL7p2FYU="},"chainType":1,"messageKeys":{}}},"pendingPreKey":{"signedKeyId":0,"baseKey":"BVsU3gLfK9hHHAhnBRNNCaJmnBVoRVMzkesSD1fXnOB8","preKeyId":563035}}},"version":"v1"}