{"_sessions":{"BbqXZMJ0+jSRRdP5sfYbXjC3J5Jbb30U0IrwFhHJbMZa":{"registrationId":519120645,"currentRatchet":{"ephemeralKeyPair":{"pubKey":"BciB7o2RZ/b+3meFSqASY7X3WuvVIxYK8YtodQbUaodA","privKey":"EE1MsDQkGjEdzmR5AVqz9JjyQdv/ahAu6aOM51eFnVQ="},"lastRemoteEphemeralKey":"BZrjBTKksOQGbolrt5IY0Oc45QWM1X9B+3BkTJUIWMQ9","previousCounter":0,"rootKey":"MiKG1SgrJKeyfzFEwtOJWTaGz9Un5sprkz6xtxkossQ="},"indexInfo":{"baseKey":"BbqXZMJ0+jSRRdP5sfYbXjC3J5Jbb30U0IrwFhHJbMZa","baseKeyType":1,"closed":-1,"used":1691325929530,"created":1691325929530,"remoteIdentityKey":"BV0x1c9Gr61tgiuHVHiu882o4rD5fas9KEYot2EwGa5R"},"_chains":{"BciB7o2RZ/b+3meFSqASY7X3WuvVIxYK8YtodQbUaodA":{"chainKey":{"counter":1,"key":"n7OC+J/aPuhJMTva+UkBtnWZAMOGMeWNTU2lOc5H/5U="},"chainType":1,"messageKeys":{}}},"pendingPreKey":{"signedKeyId":3,"baseKey":"BbqXZMJ0+jSRRdP5sfYbXjC3J5Jbb30U0IrwFhHJbMZa","preKeyId":4320853}}},"version":"v1"}