{"_sessions":{"BYg2uIFzTnsNdTp1RUf7ZxtocTCqu2OHDsnFUYR2Xs1X":{"registrationId":294688966,"currentRatchet":{"ephemeralKeyPair":{"pubKey":"BSwfB/2SpQBY9xgcDoOWoeA+ax4aX3j4M4WvwyYR08A7","privKey":"ePxrqYx5CRCY/8rjt67BsCv4q2INUpoUZghRuZbTmXY="},"lastRemoteEphemeralKey":"BYw+7I3zfP8WKP7iwuFm4gbNv8BF8TX/7AbE4qMGDMNz","previousCounter":0,"rootKey":"s2jO2LCO7MqQbSPpfx0u1DeG5o/rEmovtc8dNa6I/UY="},"indexInfo":{"baseKey":"BYg2uIFzTnsNdTp1RUf7ZxtocTCqu2OHDsnFUYR2Xs1X","baseKeyType":1,"closed":-1,"used":1691325929146,"created":1691325929146,"remoteIdentityKey":"BckAcKcu3nZ+7AHNc9OJXpsPsMOSMMN5omTnCoHo5utD"},"_chains":{"BSwfB/2SpQBY9xgcDoOWoeA+ax4aX3j4M4WvwyYR08A7":{"chainKey":{"counter":1,"key":"D8XV10zyX9wznaaRfgyT5B9Zj3bKHDnPXtYZDYJFRYU="},"chainType":1,"messageKeys":{}}},"pendingPreKey":{"signedKeyId":42,"baseKey":"BYg2uIFzTnsNdTp1RUf7ZxtocTCqu2OHDsnFUYR2Xs1X","preKeyId":533302}}},"version":"v1"}