{"_sessions":{"Bd9CRPfgdbogWxH030xGRA+qnMv7r/2uA/aWJBwkTZNR":{"registrationId":471391042,"currentRatchet":{"ephemeralKeyPair":{"pubKey":"BaOPEDlbbqMkVEzuxjd8paTb9OQ5NWdtaJBoN54dSZRs","privKey":"aAmFINv0Sn9Tzx/JrCHd+1F8DCuck27Bnw0CU8LS4kU="},"lastRemoteEphemeralKey":"BSkCDLNFv8IK5hCMUG3IwDIzqb9mEKl2u4dONu+OZPAn","previousCounter":0,"rootKey":"fygIyM3Himo3UMUdgJQlwkvaIBJBI9qOGGhUpuymgkM="},"indexInfo":{"baseKey":"Bd9CRPfgdbogWxH030xGRA+qnMv7r/2uA/aWJBwkTZNR","baseKeyType":1,"closed":-1,"used":1691326024176,"created":1691326024176,"remoteIdentityKey":"BT5NgSm98DP5S8wy1apbDVPboaNdeEmNh4+d6IhTQmoC"},"_chains":{"BaOPEDlbbqMkVEzuxjd8paTb9OQ5NWdtaJBoN54dSZRs":{"chainKey":{"counter":0,"key":"WJL6hiVaDBUcKzkGbOiEZDIBoI42aoGE/IMY7OBInSs="},"chainType":1,"messageKeys":{}}},"pendingPreKey":{"signedKeyId":2,"baseKey":"Bd9CRPfgdbogWxH030xGRA+qnMv7r/2uA/aWJBwkTZNR","preKeyId":16200696}}},"version":"v1"}