{"_sessions":{"BTzFtbFdQYeWrxnyK4GjvvuJTIWHznRYTD8c+IZ8z3cj":{"registrationId":1655165443,"currentRatchet":{"ephemeralKeyPair":{"pubKey":"BSdWK2CKp2O/AsWzC0kRjROdlBHuXwE0poJqVrK8328D","privKey":"qDlHOY2btDRoTV50Y6jnl8wVcXgLz0Rk6meszM+tKXM="},"lastRemoteEphemeralKey":"BUpu/GR1faz2WjXx/rlQPTtfiTLKFg3fsv6G5D9HPr1X","previousCounter":0,"rootKey":"hJnDuSQs+1VaWPkS4OL1AE8lyiO3NlNldeuPkS2W3yU="},"indexInfo":{"baseKey":"BTzFtbFdQYeWrxnyK4GjvvuJTIWHznRYTD8c+IZ8z3cj","baseKeyType":1,"closed":-1,"used":1691325929431,"created":1691325929431,"remoteIdentityKey":"BRKqe262+/D2iQPUi4cwITITiKQMAKgWBZiOr4MmawhU"},"_chains":{"BSdWK2CKp2O/AsWzC0kRjROdlBHuXwE0poJqVrK8328D":{"chainKey":{"counter":1,"key":"jbcIdboGbIiIqMWekOCbTWhpUNPc2PfeQSWwH4fOaXQ="},"chainType":1,"messageKeys":{}}},"pendingPreKey":{"signedKeyId":3020170,"baseKey":"BTzFtbFdQYeWrxnyK4GjvvuJTIWHznRYTD8c+IZ8z3cj","preKeyId":17826}}},"version":"v1"}