{"_sessions":{"BcCMSJwCIjZ1ScNZopIu0ZaELiplLt0kvixVNNVkb/5q":{"registrationId":16326218,"currentRatchet":{"ephemeralKeyPair":{"pubKey":"BbSCap91M9cRFFth2MZi/V1Naq2f2jsV0SiINVpE4UVv","privKey":"oGnxq0igxt5PEqTwoIZ+X2Ap1c4R7H8kVKUd+EVcAn8="},"lastRemoteEphemeralKey":"BWLXcU3RXeGtItovphmqY1Ui+vcobMVtMSKNqeH18XUg","previousCounter":0,"rootKey":"ISC7T3WRQoj5A0WB5ukzuM53d5kdg91fOGKjPLW8YPI="},"indexInfo":{"baseKey":"BcCMSJwCIjZ1ScNZopIu0ZaELiplLt0kvixVNNVkb/5q","baseKeyType":1,"closed":-1,"used":1691326025542,"created":1691326025542,"remoteIdentityKey":"BQ9Il9LUCacIL/nPaF0KrIf+ai6V7Et2f5QvsZc3bWkR"},"_chains":{"BbSCap91M9cRFFth2MZi/V1Naq2f2jsV0SiINVpE4UVv":{"chainKey":{"counter":0,"key":"ZJFXZrkBuZZDCFoe69RGmTfmY9Zkj/Jn7N6IBtepBTU="},"chainType":1,"messageKeys":{}}},"pendingPreKey":{"signedKeyId":1,"baseKey":"BcCMSJwCIjZ1ScNZopIu0ZaELiplLt0kvixVNNVkb/5q"}}},"version":"v1"}