{"_sessions":{"BWFGpkhlR8fE3/79LWuciiiKE9/SoqUdTdsUyYVe3AFK":{"registrationId":97,"currentRatchet":{"ephemeralKeyPair":{"pubKey":"BU00K26B4hthjn0uU9kRb5LxDO8DxupGwPicB1X7Bp01","privKey":"+IZyKIGSgGkfqw2yAEQnQSKCmIvbJ04NR3xYrnkdyXo="},"lastRemoteEphemeralKey":"BaSJKo6p75/25gQcA2n/ozmlbqhjzfII8ixaavHfMTdi","previousCounter":0,"rootKey":"nN3YJmpBhkYWUSZmgKuSX6NCrrrKj4o6N63xmDBgWAM="},"indexInfo":{"baseKey":"BWFGpkhlR8fE3/79LWuciiiKE9/SoqUdTdsUyYVe3AFK","baseKeyType":1,"closed":-1,"used":1691325928274,"created":1691325928274,"remoteIdentityKey":"BWGbi8AumHHUlUeGaDO/J//MCC7Bn9+oMKbgdnKX7pYt"},"_chains":{"BU00K26B4hthjn0uU9kRb5LxDO8DxupGwPicB1X7Bp01":{"chainKey":{"counter":1,"key":"X/wwGMmzH5f6h+GP7uj9B53xhsT1mf4C2NwVUXLw3Ik="},"chainType":1,"messageKeys":{}}},"pendingPreKey":{"signedKeyId":1,"baseKey":"BWFGpkhlR8fE3/79LWuciiiKE9/SoqUdTdsUyYVe3AFK"}}},"version":"v1"}