{"_sessions":{"BYsAxC1oTT2CSHSBZK3NCl5ohoXZAe0GarcKod9mgbo4":{"registrationId":1688364858,"currentRatchet":{"ephemeralKeyPair":{"pubKey":"BS6Wjy4YvXDmOiNVWKfMs7rirbMWbnd6Nb34MJbX39oc","privKey":"+FhjHaSXBTOIMoq7biq7+lkKNBpb4yApqSdhWj5oalk="},"lastRemoteEphemeralKey":"BQ2gZSNIa3WZc+XUYZu6jbRlEA1RPuJncdwJ2A3sXk53","previousCounter":0,"rootKey":"YRDDOxFZvIk+reqae7dcT8gYGQT3RuhljrJDcph7h10="},"indexInfo":{"baseKey":"BYsAxC1oTT2CSHSBZK3NCl5ohoXZAe0GarcKod9mgbo4","baseKeyType":1,"closed":-1,"used":1691325929668,"created":1691325929668,"remoteIdentityKey":"BQcNYPHyjYV4SS1qwukQS4AUYzVcJNpbG/IuDXMCpG5l"},"_chains":{"BS6Wjy4YvXDmOiNVWKfMs7rirbMWbnd6Nb34MJbX39oc":{"chainKey":{"counter":1,"key":"/TfCIiyD2xUplal8pzWTjtM94SpFmz9Fhwvv5v4Cmeo="},"chainType":1,"messageKeys":{}}},"pendingPreKey":{"signedKeyId":0,"baseKey":"BYsAxC1oTT2CSHSBZK3NCl5ohoXZAe0GarcKod9mgbo4","preKeyId":833495}}},"version":"v1"}