{"_sessions":{"Bb8ZGgMXvT7ZwbsRg4PUNMrxrQI/zHwYJW/vsu26biZK":{"registrationId":1974539240,"currentRatchet":{"ephemeralKeyPair":{"pubKey":"BbN5Xj8MFm+k73Z/fkrYd52TwlBTQpJq+my77ChowV1H","privKey":"qN6ZsfIjbr062IBkYvtJHoNUmCyrEAYD9FkXtT2QkFE="},"lastRemoteEphemeralKey":"BZtTgtVHnE+fbAZcOyHxdRzJeUGu+mdW/UlI+wkWpOsD","previousCounter":1,"rootKey":"0wOKGADtSD+Hetr91bXEU87TOrPWvEeqDKU9txrQ3R0="},"indexInfo":{"baseKey":"Bb8ZGgMXvT7ZwbsRg4PUNMrxrQI/zHwYJW/vsu26biZK","baseKeyType":2,"closed":-1,"used":1691326034743,"created":1691325894392,"remoteIdentityKey":"BRhHx0h8Pn7fgScKWqphF6gWeWXMU5qFu7CrB1chI84j"},"_chains":{"BYG5Pm+lx/V5V8fxGO4m/YVYUuIPKuorRCJcZ1umKowf":{"chainKey":{"counter":8},"chainType":2,"messageKeys":{}},"BZtTgtVHnE+fbAZcOyHxdRzJeUGu+mdW/UlI+wkWpOsD":{"chainKey":{"counter":1,"key":"LIcJXIFpco8OtxZEqkEmjAPc3G2HRPJRPm8K8YbQdJM="},"chainType":2,"messageKeys":{}},"BbN5Xj8MFm+k73Z/fkrYd52TwlBTQpJq+my77ChowV1H":{"chainKey":{"counter":0,"key":"DOh1PbuRewjCH9yV7yMv5X/GNsP7QNYVSOwtwOPFpGE="},"chainType":1,"messageKeys":{}}}}},"version":"v1"}