{"_sessions":{"BSWJHkbEz8DehRELXPNyf/kI6r5TPfc4K3LADN0kVgtT":{"registrationId":1411239141,"currentRatchet":{"ephemeralKeyPair":{"pubKey":"BW/NmOmtsXglvZv/+C4rynLKrz5WLjyGnD+baEiSF14E","privKey":"WE8EQ+riv4Pg5kQDx8J5FD/X5NhARCrlZzasKlCZYEs="},"lastRemoteEphemeralKey":"BUIQqNhnLfMux7//4JeSLpht9SoPEq/kNVWDq7Ba/z5t","previousCounter":0,"rootKey":"qe3WwebJ1mPdoqtq7kc2EbcGc1yhl33+dB2NggwblUQ="},"indexInfo":{"baseKey":"BSWJHkbEz8DehRELXPNyf/kI6r5TPfc4K3LADN0kVgtT","baseKeyType":1,"closed":-1,"used":1691326022036,"created":1691326022036,"remoteIdentityKey":"BUoWFcrCfYwHKC3IlV9uk2tzus2tHXVhwXDj+q59eV9/"},"_chains":{"BW/NmOmtsXglvZv/+C4rynLKrz5WLjyGnD+baEiSF14E":{"chainKey":{"counter":0,"key":"nepPBSSVMBaFeH9LWjW6evlFg2lCjaYX+4Qb0E/q5qg="},"chainType":1,"messageKeys":{}}},"pendingPreKey":{"signedKeyId":0,"baseKey":"BSWJHkbEz8DehRELXPNyf/kI6r5TPfc4K3LADN0kVgtT"}}},"version":"v1"}