{"_sessions":{"BdFaSBXTz815zZgmyGJ13pjd1+OH7JGVXR6PYTGlnyQo":{"registrationId":214809487,"currentRatchet":{"ephemeralKeyPair":{"pubKey":"BcB4qI5uSlmB4xgd7ospmilctIQ2vEma/Rj+146Mr2pz","privKey":"mJb+arLNxyaVj/35Nusv9Elv25vsV/YoPq1cDVA/20M="},"lastRemoteEphemeralKey":"BVdV/1r/IVHt4aI1cWaDW3qC09pbPtMf2dDyujQ0qH5s","previousCounter":0,"rootKey":"m6ETkOHl7L+a+QUWKWl7vUK3F3hVvNFwUkon4/SVbHM="},"indexInfo":{"baseKey":"BdFaSBXTz815zZgmyGJ13pjd1+OH7JGVXR6PYTGlnyQo","baseKeyType":1,"closed":-1,"used":1691326019268,"created":1691326019268,"remoteIdentityKey":"BXWUMEFvLnZSAJ2q8F2GqXKoV1o7bGmjRKwhsOrkiZFj"},"_chains":{"BcB4qI5uSlmB4xgd7ospmilctIQ2vEma/Rj+146Mr2pz":{"chainKey":{"counter":0,"key":"SPaw/YmLS7lNVL+uVZqt67jr69FKfz/3RmaxFtM957c="},"chainType":1,"messageKeys":{}}},"pendingPreKey":{"signedKeyId":0,"baseKey":"BdFaSBXTz815zZgmyGJ13pjd1+OH7JGVXR6PYTGlnyQo","preKeyId":4248143}}},"version":"v1"}