{"_sessions":{"Bdb9f5YPlreCP/mxNIigWW2vTxnLgS8Q8waMhMQlbEQx":{"registrationId":1140827136,"currentRatchet":{"ephemeralKeyPair":{"pubKey":"BYxARH6B/6O1os3MrhZTx5707B9Hc6fdRlxF6U6Fg99c","privKey":"2CF1r4tdhI+zsWilbQ8/0QpWNdKYmt1zMBEApNTg020="},"lastRemoteEphemeralKey":"BU+p16tLNhvUnt6wgkl2H/GDWkSv7g8sIrAKS7sKxm0Z","previousCounter":0,"rootKey":"ZnYXFrd+AMEfNJ6PvSHC5Ic70kVi/5ACstqzyuMtED0="},"indexInfo":{"baseKey":"Bdb9f5YPlreCP/mxNIigWW2vTxnLgS8Q8waMhMQlbEQx","baseKeyType":1,"closed":-1,"used":1691326019063,"created":1691326019063,"remoteIdentityKey":"BV8Evkj7288hPyoCKfWv/Ij04aiVBzMagEFMJa4sq3QZ"},"_chains":{"BYxARH6B/6O1os3MrhZTx5707B9Hc6fdRlxF6U6Fg99c":{"chainKey":{"counter":0,"key":"daLYuH0UsenbXKWuzb48fm+uK2cSPn6pPVvVibF6U1o="},"chainType":1,"messageKeys":{}}},"pendingPreKey":{"signedKeyId":1,"baseKey":"Bdb9f5YPlreCP/mxNIigWW2vTxnLgS8Q8waMhMQlbEQx"}}},"version":"v1"}