{"_sessions":{"BXhsf8eIrHBH3QxAxrnY0rclcvgvRNQHOUXDx8MB4qQK":{"registrationId":1198666461,"currentRatchet":{"ephemeralKeyPair":{"pubKey":"Ber3A7SW0Zlxzf8y4gSTNiBbSm4CRcLtfbrsOsmkd4Qp","privKey":"cIUNGLmyfj/1/AJcthIeB1AtwZe648d+TnGIr4KJklw="},"lastRemoteEphemeralKey":"BR3r3btmbEUv21ZhI7+E9mnS/0C4Rps/s+iOU5knafpg","previousCounter":0,"rootKey":"a8853xmg098+BY1SgawTSw2P1hYCwRbWaufoInFfkDQ="},"indexInfo":{"baseKey":"BXhsf8eIrHBH3QxAxrnY0rclcvgvRNQHOUXDx8MB4qQK","baseKeyType":1,"closed":-1,"used":1691326024466,"created":1691326024466,"remoteIdentityKey":"Bed7R+zNDPUB1LRqRJss4ie3jU0JLRlXo6sbxZ5WYLpJ"},"_chains":{"Ber3A7SW0Zlxzf8y4gSTNiBbSm4CRcLtfbrsOsmkd4Qp":{"chainKey":{"counter":0,"key":"As0YFtGRow4pw5FcK9sWJqfMRhKZWSN8t1wgGrBVsik="},"chainType":1,"messageKeys":{}}},"pendingPreKey":{"signedKeyId":6,"baseKey":"BXhsf8eIrHBH3QxAxrnY0rclcvgvRNQHOUXDx8MB4qQK"}}},"version":"v1"}