{"_sessions":{"BQ7eOqLSj3psxutFoPXa5O0RBkmCtz7ryuqOqAucNU5X":{"registrationId":1511766803,"currentRatchet":{"ephemeralKeyPair":{"pubKey":"BUBLG7DhHqbkhqUiVqYT4h3sg4LzWIz49rqyod8gSIYR","privKey":"YPwz8q9AWBid2y+bi9N8mqYnvmgQzYGLKXVrxDi0rUc="},"lastRemoteEphemeralKey":"BbZ7PxCRZueQcsNSshYcCz960unAV6OKd4yq8Z13LyVv","previousCounter":0,"rootKey":"2zVBKtx53rqGpkOVjEFd8mRiqxp+ZmFxYWAsPxrweww="},"indexInfo":{"baseKey":"BQ7eOqLSj3psxutFoPXa5O0RBkmCtz7ryuqOqAucNU5X","baseKeyType":1,"closed":-1,"used":1691326022152,"created":1691326022152,"remoteIdentityKey":"BYKulJsO2en/+QGmlcTyw/b4yaPffP3aiD8FroQLYTgb"},"_chains":{"BUBLG7DhHqbkhqUiVqYT4h3sg4LzWIz49rqyod8gSIYR":{"chainKey":{"counter":0,"key":"Yu7YWn309F+XuSnlJDFMpZv+Tf565sGGxeuVOzCZy+o="},"chainType":1,"messageKeys":{}}},"pendingPreKey":{"signedKeyId":0,"baseKey":"BQ7eOqLSj3psxutFoPXa5O0RBkmCtz7ryuqOqAucNU5X","preKeyId":16749181}}},"version":"v1"}