{"_sessions":{"Bekwq55EtP/tYetnbRO6Yls5SEK13OiJDdw5uCAqkLEQ":{"registrationId":1211661756,"currentRatchet":{"ephemeralKeyPair":{"pubKey":"BXo3qtUDJNCdw7Aa+E0zRWVKrV1Ory7o48QqWuVi8+Jr","privKey":"yNpeUUYZRg3FtJOphsQ8L7yLDkfcMPPF91DC54QXQn8="},"lastRemoteEphemeralKey":"BR9PtNQmMPGXjzGS8t71+/T372920lguXGgw7PacFlYf","previousCounter":0,"rootKey":"ZKXsrqmOAPMDdeN2Nr8Pphxj5GPnbcqXTlCHBv+MInE="},"indexInfo":{"baseKey":"Bekwq55EtP/tYetnbRO6Yls5SEK13OiJDdw5uCAqkLEQ","baseKeyType":1,"closed":-1,"used":1691326019030,"created":1691326019030,"remoteIdentityKey":"Baf+/jzyquYlBdXjTgbO5+qCD/qru1b8aqhERrK90NoQ"},"_chains":{"BXo3qtUDJNCdw7Aa+E0zRWVKrV1Ory7o48QqWuVi8+Jr":{"chainKey":{"counter":0,"key":"QKrS5v8dBXKXYxTKnQtlGDsxLe3tNECPpN6w8u9lQOY="},"chainType":1,"messageKeys":{}}},"pendingPreKey":{"signedKeyId":0,"baseKey":"Bekwq55EtP/tYetnbRO6Yls5SEK13OiJDdw5uCAqkLEQ"}}},"version":"v1"}