{"_sessions":{"BcwF+dwqJHXV6BGP9KbQID85ljP1yCYO5mOULy+BHgB8":{"registrationId":1649017976,"currentRatchet":{"ephemeralKeyPair":{"pubKey":"BR32sPmkdSNfuC2eF73zMutqQ8mfBK9k+JRitjlGaOpe","privKey":"4Ad/+4DXpsfTCLNrYklcXAfoncBN7X6y7w4g9vIquGE="},"lastRemoteEphemeralKey":"BYHlGPaOfx5Hv15BRUbYbBs6Lg7hzMhV6rnjyb1TYYkm","previousCounter":0,"rootKey":"XvEGMsYHYqcYofso5KvC3WzT1MiieHIC1P20Vc4lU6c="},"indexInfo":{"baseKey":"BcwF+dwqJHXV6BGP9KbQID85ljP1yCYO5mOULy+BHgB8","baseKeyType":1,"closed":-1,"used":1691326019067,"created":1691326019067,"remoteIdentityKey":"BU0yMFGN0bV/4UhLpvg0JR0yoYhapMCOIqPrv+WCUN4B"},"_chains":{"BR32sPmkdSNfuC2eF73zMutqQ8mfBK9k+JRitjlGaOpe":{"chainKey":{"counter":0,"key":"8qKlgZG3RliQzzc9h2XnkfCVjqReQDpboeCV+w/nOmM="},"chainType":1,"messageKeys":{}}},"pendingPreKey":{"signedKeyId":50,"baseKey":"BcwF+dwqJHXV6BGP9KbQID85ljP1yCYO5mOULy+BHgB8"}}},"version":"v1"}