{"_sessions":{"BTCCMQXO+beM7IGpzfmimbmRnf/4mecOW1gJMHqPyqQL":{"registrationId":2090964359,"currentRatchet":{"ephemeralKeyPair":{"pubKey":"BQChkpHdvT8iZ7OI1o21D3EQSJR8Z2FwB44bwvky0UVa","privKey":"QFu7fHVYr2qQAHhYRsrCdd/K6e8Q8x2ys4RGKUscqn4="},"lastRemoteEphemeralKey":"BUrkKP9fNmJ7kn+vPQqyvG3nHMzxHq+YETn+34/oXboh","previousCounter":0,"rootKey":"y3o1OgVRN22PM5JlwottXsw2QniZ320aX/mW3ZFVWi8="},"indexInfo":{"baseKey":"BTCCMQXO+beM7IGpzfmimbmRnf/4mecOW1gJMHqPyqQL","baseKeyType":1,"closed":-1,"used":1691326021967,"created":1691326021967,"remoteIdentityKey":"BVLoEIDY+WI7IJPQB6F4Zw87b335RMKogqjVJFHpVuYp"},"_chains":{"BQChkpHdvT8iZ7OI1o21D3EQSJR8Z2FwB44bwvky0UVa":{"chainKey":{"counter":0,"key":"f+EL0qvZd6yRJRuL7V3K+igiHlKqBhtNVidj7U3jlR4="},"chainType":1,"messageKeys":{}}},"pendingPreKey":{"signedKeyId":5,"baseKey":"BTCCMQXO+beM7IGpzfmimbmRnf/4mecOW1gJMHqPyqQL","preKeyId":2276797}}},"version":"v1"}