{"_sessions":{"BZmm+lTKbEi5J0WdJAU2FQwFRk52AgYK+AMRu/qmaJ8Q":{"registrationId":44520482,"currentRatchet":{"ephemeralKeyPair":{"pubKey":"BTOWSdtrZ3y2bLWJWLMO8ufmQ57HrU9szN3ce5oTq5YM","privKey":"kJc2igUu7G5FPaVgFqjW7NMImiJ8GoJ7jRgLubg2fVI="},"lastRemoteEphemeralKey":"BXnDI5SK3csoVC/VxSFRsGrbav4dI4CIQvLhiPAuqTst","previousCounter":0,"rootKey":"QaKfhwBiyH/R0DZkB3ACnAzfRr4jewPn3BVPDjYVgGU="},"indexInfo":{"baseKey":"BZmm+lTKbEi5J0WdJAU2FQwFRk52AgYK+AMRu/qmaJ8Q","baseKeyType":1,"closed":-1,"used":1691326019843,"created":1691326019843,"remoteIdentityKey":"BWCLfvq6qTI/oCANy/AAnZ3HjqtMuDIgL5rvaodpEXgh"},"_chains":{"BTOWSdtrZ3y2bLWJWLMO8ufmQ57HrU9szN3ce5oTq5YM":{"chainKey":{"counter":0,"key":"GLaI1LH3MKhuwm/VfsWsTZVm6EnMok8DaLSQtaxa2YY="},"chainType":1,"messageKeys":{}}},"pendingPreKey":{"signedKeyId":10,"baseKey":"BZmm+lTKbEi5J0WdJAU2FQwFRk52AgYK+AMRu/qmaJ8Q","preKeyId":1595390}}},"version":"v1"}