{"_sessions":{"BdXAqpNwmxk+7VigD4snvJCaNKoFsbxALtLjZRZlnDor":{"registrationId":1503031953,"currentRatchet":{"ephemeralKeyPair":{"pubKey":"BfgPxN7BNTofSPcsOLtgeJlSmAnV9Qb+LJ4bUrs7lAZN","privKey":"kJoJCcJhCAf7txV+/0neU7o2B7SvPJTzfpGRLV4XjlM="},"lastRemoteEphemeralKey":"BdmGAwEXOuRuWmKynMtdvwrehD+aRCUJOD8VMegDefEz","previousCounter":0,"rootKey":"OEPaX6/K2RNhw9pHkps5ZljRn7gcyQwdwpxTWXStS4M="},"indexInfo":{"baseKey":"BdXAqpNwmxk+7VigD4snvJCaNKoFsbxALtLjZRZlnDor","baseKeyType":1,"closed":-1,"used":1691325928965,"created":1691325928965,"remoteIdentityKey":"BYkS+lMtUmGdZ3RW3pwk19NxqB8c6BhS3+w+8o4br8o8"},"_chains":{"BfgPxN7BNTofSPcsOLtgeJlSmAnV9Qb+LJ4bUrs7lAZN":{"chainKey":{"counter":1,"key":"0/O2ce38qjXjucSioMjpzJ38PSYDbiTSd01hY7XjQuc="},"chainType":1,"messageKeys":{}}},"pendingPreKey":{"signedKeyId":5,"baseKey":"BdXAqpNwmxk+7VigD4snvJCaNKoFsbxALtLjZRZlnDor","preKeyId":11000700}}},"version":"v1"}