{"_sessions":{"BdfQnQZCzrd9zjVWQEKH49mwUT1RI214HwTZ8QUBW1E0":{"registrationId":121500120,"currentRatchet":{"ephemeralKeyPair":{"pubKey":"BXxFoXdjj9gQxfLTSny6VK/Tm9eJSL800aKrJ+lfoP8K","privKey":"oFOCKNZHN6yAVn590KLjDx6E1rvaQln/zY8QOSs3H3A="},"lastRemoteEphemeralKey":"BQdsZmRXfEi8l7WkiaHxiODMTopmG3D5CaBIwwwi3qwQ","previousCounter":0,"rootKey":"HUSZWXFDESSu+oVFiyEroAGIhfiGfhWmVuFWGl6P3c0="},"indexInfo":{"baseKey":"BdfQnQZCzrd9zjVWQEKH49mwUT1RI214HwTZ8QUBW1E0","baseKeyType":1,"closed":-1,"used":1691325928868,"created":1691325928868,"remoteIdentityKey":"BVIKf2VVt+9HdfC8ngeDjsIrQjebwcwmY/ChMK67CoZj"},"_chains":{"BXxFoXdjj9gQxfLTSny6VK/Tm9eJSL800aKrJ+lfoP8K":{"chainKey":{"counter":1,"key":"TVTTRSJr9jDfBCPzgZzIByCt4/v7/+nLMXuLS4DNin0="},"chainType":1,"messageKeys":{}}},"pendingPreKey":{"signedKeyId":9,"baseKey":"BdfQnQZCzrd9zjVWQEKH49mwUT1RI214HwTZ8QUBW1E0","preKeyId":16752113}}},"version":"v1"}