{"_sessions":{"BeHTZJ2ItXpPYLUbJVY5O9SpMvTU2PvnFAlN/0EGXakM":{"registrationId":1466307084,"currentRatchet":{"ephemeralKeyPair":{"pubKey":"BeQ+if7aWYbw/sExFrNgWD+iCtZccZpy52wv5tbWrgI+","privKey":"WP4X9d39Ent3/5DTVQOjlPKwN4LKXyBfJIBRHQRvd3I="},"lastRemoteEphemeralKey":"BZdVBZFluSJxaNkn3JtQWwz9HRVdLL1JATt9FGedK/Im","previousCounter":0,"rootKey":"2IRcmEUtDC5PYbnFTdR7RwoDy3rjj+vHiLSyanEYxZM="},"indexInfo":{"baseKey":"BeHTZJ2ItXpPYLUbJVY5O9SpMvTU2PvnFAlN/0EGXakM","baseKeyType":1,"closed":-1,"used":1691326024038,"created":1691326024038,"remoteIdentityKey":"BQBdzKl1k5pUhNG1vVZ+II43SUxAcRBLPJXBLMsue6cn"},"_chains":{"BeQ+if7aWYbw/sExFrNgWD+iCtZccZpy52wv5tbWrgI+":{"chainKey":{"counter":0,"key":"v8ToWXAp8IvDR1sGiQt0fwunOwYxEiOp19trEtBSqSE="},"chainType":1,"messageKeys":{}}},"pendingPreKey":{"signedKeyId":0,"baseKey":"BeHTZJ2ItXpPYLUbJVY5O9SpMvTU2PvnFAlN/0EGXakM","preKeyId":721214}}},"version":"v1"}