{"_sessions":{"BaYh3DahWKlpBLCXSpwwx2biQIeE1D4t0Z5putSyhCtp":{"registrationId":1282337233,"currentRatchet":{"ephemeralKeyPair":{"pubKey":"BRl6D+vyGsKfojtGXBwHiVUgQBi4undA8vFTkGd2snZd","privKey":"KK13Co32Xizd4ZdKnAtfw+KfMYadRYf8m2nLGhV1n1k="},"lastRemoteEphemeralKey":"Bavr0rWytRZVI21//hoDqyjDZajk0LMnLwLY3EfyH3kI","previousCounter":0,"rootKey":"6nH99FJUUHoRYMrzHQ8w1TwNOQ2dqBeJ/I+CaW4Wp7A="},"indexInfo":{"baseKey":"BaYh3DahWKlpBLCXSpwwx2biQIeE1D4t0Z5putSyhCtp","baseKeyType":1,"closed":-1,"used":1691326024658,"created":1691326024658,"remoteIdentityKey":"BR1tCTTN1TXj2fxMCyMTuA/EabX6Y8OMqRQseWNnz9VB"},"_chains":{"BRl6D+vyGsKfojtGXBwHiVUgQBi4undA8vFTkGd2snZd":{"chainKey":{"counter":0,"key":"2s4r3dl+zuXIieyKwlSz8IWBVtxVysVFgJ7IEqOxsDk="},"chainType":1,"messageKeys":{}}},"pendingPreKey":{"signedKeyId":3,"baseKey":"BaYh3DahWKlpBLCXSpwwx2biQIeE1D4t0Z5putSyhCtp","preKeyId":2714128}}},"version":"v1"}