{"_sessions":{"BdCRflh7iz0D5mKrk3kF+KlwHUs+65zC6pYGPZ8r1vs6":{"registrationId":946972539,"currentRatchet":{"ephemeralKeyPair":{"pubKey":"Bcij0kh/dCVz2rGQFwT4gm8WYNnBxX1qTMI33boLQ6c+","privKey":"qKk4C8YP+vyFKmM1+affv8FQ9pFjoTjr0j5irK38mn0="},"lastRemoteEphemeralKey":"BWH4gOXiJqAN/ZqpG9VeXff7izRmnkpbct+xJAzXJQkb","previousCounter":0,"rootKey":"ALF//egD9BU5og74IjnKcwoP6F1dy9iYZ54md+4l2Us="},"indexInfo":{"baseKey":"BdCRflh7iz0D5mKrk3kF+KlwHUs+65zC6pYGPZ8r1vs6","baseKeyType":1,"closed":-1,"used":1691325929160,"created":1691325929160,"remoteIdentityKey":"BVG0katfdJPNXRjhM8yePaQF9VzLZFAipP5oFiPExFsQ"},"_chains":{"Bcij0kh/dCVz2rGQFwT4gm8WYNnBxX1qTMI33boLQ6c+":{"chainKey":{"counter":1,"key":"n9Mk59g27sc9p7KNfih4xi0/KklKjD6YGqkKPS68Qsg="},"chainType":1,"messageKeys":{}}},"pendingPreKey":{"signedKeyId":0,"baseKey":"BdCRflh7iz0D5mKrk3kF+KlwHUs+65zC6pYGPZ8r1vs6"}}},"version":"v1"}