{"_sessions":{"BRMiF3xr3dOwTZ2AOOH5BC7BvJ4Uo+4y1uPXlW+LD0sE":{"registrationId":361216978,"currentRatchet":{"ephemeralKeyPair":{"pubKey":"BbUeQ6/BvCdmvytgWd7q31jNoI/OWyncEsHUlVPH4ZJ6","privKey":"kOjAhC0VKzUPP4OKcTYgx39YLoicsBpl90mE+BklT1A="},"lastRemoteEphemeralKey":"BamnNiLRwos1FytCwDRnO7DikBWuaeTQ6GJMRG9Hhm0d","previousCounter":0,"rootKey":"ZFxm2qdLN02PuVmbhXknwa+1jYzAmgQNIvLGwbb4rDw="},"indexInfo":{"baseKey":"BRMiF3xr3dOwTZ2AOOH5BC7BvJ4Uo+4y1uPXlW+LD0sE","baseKeyType":1,"closed":-1,"used":1691326020955,"created":1691326020955,"remoteIdentityKey":"BR4Mg5ld26G6EQ0z0j1rhDIi0Cvd8QNHN2+ozxzJwO4u"},"_chains":{"BbUeQ6/BvCdmvytgWd7q31jNoI/OWyncEsHUlVPH4ZJ6":{"chainKey":{"counter":0,"key":"ZBSe11TVtC/yYInXgpLX/oERhJIt2k9iVsYLtkRVlKQ="},"chainType":1,"messageKeys":{}}},"pendingPreKey":{"signedKeyId":5,"baseKey":"BRMiF3xr3dOwTZ2AOOH5BC7BvJ4Uo+4y1uPXlW+LD0sE","preKeyId":5309861}}},"version":"v1"}