{"_sessions":{"BUrt7bMjmWwVjSo7oQmwRXN77cnHRFYE2LUnEr9wXbpn":{"registrationId":1802264320,"currentRatchet":{"ephemeralKeyPair":{"pubKey":"BbeNuzb1sT49Os7rkE/jNdsIDETqxNHKy8PNU/p96H9v","privKey":"CHDrqDtRfVAegS1EBTvSwRDwX7mfPLCQRTxcBdgg8X8="},"lastRemoteEphemeralKey":"BaC8jGjtYZWN5DE0RXsR5CEqR/UJMbxlvT8IjRgWz8gj","previousCounter":0,"rootKey":"MBo9GYHMaVMBaIgJLTZB6oFts+LlGV7JMUbUVRXf64M="},"indexInfo":{"baseKey":"BUrt7bMjmWwVjSo7oQmwRXN77cnHRFYE2LUnEr9wXbpn","baseKeyType":1,"closed":-1,"used":1691325929425,"created":1691325929425,"remoteIdentityKey":"BZeiNXazMlJw3nyHGo7cLQczSv3zflRPFRrZqssxgINP"},"_chains":{"BbeNuzb1sT49Os7rkE/jNdsIDETqxNHKy8PNU/p96H9v":{"chainKey":{"counter":1,"key":"OdLM4b9iRlGfuCA3LOfS1XEJV2TQx6b7DsWZhwu7Gu8="},"chainType":1,"messageKeys":{}}},"pendingPreKey":{"signedKeyId":0,"baseKey":"BUrt7bMjmWwVjSo7oQmwRXN77cnHRFYE2LUnEr9wXbpn","preKeyId":13463734}}},"version":"v1"}