{"_sessions":{"BVbJ3+NSbul3b9ChP4gI+iBjaTmbAAAgPmuYdf4Tr6p2":{"registrationId":1520983043,"currentRatchet":{"ephemeralKeyPair":{"pubKey":"Bb1afUuTWQ5gLHoMiYZyBSpopRwcuHcDTjSaVlEPkxlb","privKey":"+DD2cNCKJpquA6ptnYpN78o9Pj9qgVftEdu4TpMRTEY="},"lastRemoteEphemeralKey":"BWZo43k+O3ckPEbQewoWZWXs4DK3nNkIe89bUzXdcjcT","previousCounter":0,"rootKey":"l6UMkQ10sjrlzYtGZ5Q4VhYej5LzxEVBEJXwrCw49Qg="},"indexInfo":{"baseKey":"BVbJ3+NSbul3b9ChP4gI+iBjaTmbAAAgPmuYdf4Tr6p2","baseKeyType":1,"closed":-1,"used":1691326024340,"created":1691326024340,"remoteIdentityKey":"BSogSsdNM/z4lMnCPeBRzxPtNAYiSXmWtHX6Y8e3rBF2"},"_chains":{"Bb1afUuTWQ5gLHoMiYZyBSpopRwcuHcDTjSaVlEPkxlb":{"chainKey":{"counter":0,"key":"ci4qGLpYF/9WLTMRNKKZoWucq4I36bCtTOc+o5+whis="},"chainType":1,"messageKeys":{}}},"pendingPreKey":{"signedKeyId":21,"baseKey":"BVbJ3+NSbul3b9ChP4gI+iBjaTmbAAAgPmuYdf4Tr6p2","preKeyId":8762077}}},"version":"v1"}