{"_sessions":{"BZdhlgrWkaz6iD8ALh5kipoPQPZy7326o8xc0W3xjeh7":{"registrationId":1779018417,"currentRatchet":{"ephemeralKeyPair":{"pubKey":"BTIIY6ty3TpXCmon4xP0gFP8pyiYuQ0i2lTbHYx+RGBh","privKey":"OE9NPzl5dyvwkGSVCgp0D0pK/uARAwDxML7BzMFun1U="},"lastRemoteEphemeralKey":"BXPFPTAYei0aIzU0IxxCG9YNhUyxdW+IKt2H9JuSMtoo","previousCounter":0,"rootKey":"aA0g3un2DSFXuo/Ih66kanN+TrD6XIZm/j1TqbuDKGs="},"indexInfo":{"baseKey":"BZdhlgrWkaz6iD8ALh5kipoPQPZy7326o8xc0W3xjeh7","baseKeyType":1,"closed":-1,"used":1691326022576,"created":1691326022576,"remoteIdentityKey":"Bc/QCBodhidmSeoRrsZlYHjO4Nd5tkU/xFKeml1BegAc"},"_chains":{"BTIIY6ty3TpXCmon4xP0gFP8pyiYuQ0i2lTbHYx+RGBh":{"chainKey":{"counter":0,"key":"NEbuJKuD5Zoi3jMCLo1x4qhSF6dfz+GYlKGE/wIVFkc="},"chainType":1,"messageKeys":{}}},"pendingPreKey":{"signedKeyId":14,"baseKey":"BZdhlgrWkaz6iD8ALh5kipoPQPZy7326o8xc0W3xjeh7","preKeyId":12545920}}},"version":"v1"}