{"_sessions":{"BZEzRgZm5rCIga4dL8e81iZ+ACOMtK5nNSlKL7YQ6VxQ":{"registrationId":1853077398,"currentRatchet":{"ephemeralKeyPair":{"pubKey":"BeZkcw4/X/gMf+c75NcbdtlkCG23iS/RM7i6zi6rd3BG","privKey":"mNBT9zynDLvzA93HT90GyThPvjJqaJT1vg1byDBlJV0="},"lastRemoteEphemeralKey":"BcTxqOHKZefuEMa8KtHmGD1JE/revF0gUpyc+7B20c5u","previousCounter":0,"rootKey":"tDfYV8u31NJtPwcGD15/vfi3niPFGJIKQUMQ4B6rDwU="},"indexInfo":{"baseKey":"BZEzRgZm5rCIga4dL8e81iZ+ACOMtK5nNSlKL7YQ6VxQ","baseKeyType":1,"closed":-1,"used":1691326019226,"created":1691326019226,"remoteIdentityKey":"BVv7l1sGeFQGOKon0FihMWEgWpfEYD4ITuWoTrh9Bdhe"},"_chains":{"BeZkcw4/X/gMf+c75NcbdtlkCG23iS/RM7i6zi6rd3BG":{"chainKey":{"counter":0,"key":"k8IN5/tKlqkvj0a4sNKXmb8CUsfPaddl5mV26UHYW3A="},"chainType":1,"messageKeys":{}}},"pendingPreKey":{"signedKeyId":4,"baseKey":"BZEzRgZm5rCIga4dL8e81iZ+ACOMtK5nNSlKL7YQ6VxQ"}}},"version":"v1"}