{"_sessions":{"BddUT+tPqHjcgovLigqhOPsN+WJ+z4WDREZVT6y5E55V":{"registrationId":591610395,"currentRatchet":{"ephemeralKeyPair":{"pubKey":"BVkEOTJxaKqOVVMdVNt7xHyuaUTBOcMMDUPagDnLerdz","privKey":"kFs3p/E+5nRV3FoBeRFY/SjtvVyzuZHStZfZ3WznQGc="},"lastRemoteEphemeralKey":"BS39LNDIuQa7dTgskglPzP8C1JJmGEOQKYwnOxAI+GoF","previousCounter":0,"rootKey":"xWCTs4ki1iE6Wcg9Gan4ZcDpQKTnn+WsBCys3Bv0jp0="},"indexInfo":{"baseKey":"BddUT+tPqHjcgovLigqhOPsN+WJ+z4WDREZVT6y5E55V","baseKeyType":1,"closed":-1,"used":1691325928839,"created":1691325928839,"remoteIdentityKey":"Becv5PTJSKojob/alYWtqJiue7uEtvhtUZG6Fjh+qMtx"},"_chains":{"BVkEOTJxaKqOVVMdVNt7xHyuaUTBOcMMDUPagDnLerdz":{"chainKey":{"counter":2,"key":"PRAwUG0IpgMvshg2b0aBTe9vW9k+Nt971zMy4gZY/nI="},"chainType":1,"messageKeys":{}}},"pendingPreKey":{"signedKeyId":0,"baseKey":"BddUT+tPqHjcgovLigqhOPsN+WJ+z4WDREZVT6y5E55V"}}},"version":"v1"}