{"_sessions":{"BYVn+OHU/3BXS0N/O8fciRHoARaathHEHsP3H/KwGAdR":{"registrationId":1489786375,"currentRatchet":{"ephemeralKeyPair":{"pubKey":"BQa6ZpLHAgDHly4lbac0mHivSFy2PogKnw0vmZw8BopO","privKey":"eFMpT+2gdPiQbqh1rVOFjaQnimllVZir+6r+vdZ3GFo="},"lastRemoteEphemeralKey":"BSmjCAo52m4vY14tYF2Of6ECx2OfDCf1eD7oAXfbGD0s","previousCounter":0,"rootKey":"eDTPquMExyD4OLh+Giw/X0vOJ46uRYPLkj3hRM2tizo="},"indexInfo":{"baseKey":"BYVn+OHU/3BXS0N/O8fciRHoARaathHEHsP3H/KwGAdR","baseKeyType":1,"closed":-1,"used":1691326023967,"created":1691326023967,"remoteIdentityKey":"BXUN4qx/AAZOYvEeEJv9Wq0FLOlwWgMW8L4IU1NGyXt4"},"_chains":{"BQa6ZpLHAgDHly4lbac0mHivSFy2PogKnw0vmZw8BopO":{"chainKey":{"counter":0,"key":"kXpo1/bIQ3pNVt7D+ZBNYuF99Euu/1lzaFvy6jEgKM8="},"chainType":1,"messageKeys":{}}},"pendingPreKey":{"signedKeyId":3,"baseKey":"BYVn+OHU/3BXS0N/O8fciRHoARaathHEHsP3H/KwGAdR","preKeyId":2449889}}},"version":"v1"}