{"_sessions":{"BamZeEMq4r5/LyY/9vVUadUnby8LcMp4QZsgxcPKmkt/":{"registrationId":418613445,"currentRatchet":{"ephemeralKeyPair":{"pubKey":"BesmkspCTKQsW1MkVBnESTpGh5l8vmsYv4z7S6tKSIw4","privKey":"QJXEAn4/PV5u/G8lXzLHdYQx+rmuyQR5UP1Fpj7znng="},"lastRemoteEphemeralKey":"BW/hW11miBuTPHptWKaEx5xbv4K30XW4YwkDykjPqElR","previousCounter":0,"rootKey":"5eCOb7No3ymJ9z5OC4WE8DktP+hx3Zy8SnaAOFXU5Tk="},"indexInfo":{"baseKey":"BamZeEMq4r5/LyY/9vVUadUnby8LcMp4QZsgxcPKmkt/","baseKeyType":1,"closed":-1,"used":1691326021355,"created":1691326021355,"remoteIdentityKey":"BUxmQWT62hpH8Lr/aAuo5DYOXmUa4w8pi2Zlzy8Bnvxq"},"_chains":{"BesmkspCTKQsW1MkVBnESTpGh5l8vmsYv4z7S6tKSIw4":{"chainKey":{"counter":0,"key":"HCUayZPhBACENbv7CRQjZjbKHTNSHZR3Ee2eXhTz5Ys="},"chainType":1,"messageKeys":{}}},"pendingPreKey":{"signedKeyId":1,"baseKey":"BamZeEMq4r5/LyY/9vVUadUnby8LcMp4QZsgxcPKmkt/"}}},"version":"v1"}