{"_sessions":{"BSUe1nmHlM8qfSYPQzgPqUT9DIjxxMTYEoP7gAQqtoNh":{"registrationId":1989083263,"currentRatchet":{"ephemeralKeyPair":{"pubKey":"Bcnd9dAtC3Ot5cbtwz4tj1fh1YBv0N1Ubvel18rPUJ0J","privKey":"kEhCZAUP4LGJpPhbA2S951176h5XMBrlsXVReyN/EWU="},"lastRemoteEphemeralKey":"BW5ffeTYLw+9bPlxtfigulquZMkOx3//B4PCu56SrwEW","previousCounter":0,"rootKey":"6HfyrZVH89g5b23w3pTy0TqRphpSrQtVG2hdru5mejE="},"indexInfo":{"baseKey":"BSUe1nmHlM8qfSYPQzgPqUT9DIjxxMTYEoP7gAQqtoNh","baseKeyType":1,"closed":-1,"used":1691326024064,"created":1691326024064,"remoteIdentityKey":"BTEfr+NqNEsyxvBGeARbElR+XHU0+q+pcKqm0r6OGUF7"},"_chains":{"Bcnd9dAtC3Ot5cbtwz4tj1fh1YBv0N1Ubvel18rPUJ0J":{"chainKey":{"counter":0,"key":"gHx3I4szojn7g4LUpKBsEh11jzu9vrWLqyzmRcm98aU="},"chainType":1,"messageKeys":{}}},"pendingPreKey":{"signedKeyId":1,"baseKey":"BSUe1nmHlM8qfSYPQzgPqUT9DIjxxMTYEoP7gAQqtoNh"}}},"version":"v1"}