{"_sessions":{"BbVIDEcMTZcWa5WEwppRrcwiEDF2skwNHWg/M2M62oZz":{"registrationId":771636394,"currentRatchet":{"ephemeralKeyPair":{"pubKey":"Be/3hLAlgil+7uwamZD/ywbPVi6lDTktdxlIEGoLSL0w","privKey":"kD9hSxtyXkMsHOX56iVI43Qpn92p1YbXU+a8pWvImlE="},"lastRemoteEphemeralKey":"BejzrLsALjTSx5m+mAIoVKUidG5CnUYPMvFB9fuaFMcR","previousCounter":0,"rootKey":"0M/afqNhiZrKvjTQDfMiO6diB9O3DlA//xIgBU7IQmI="},"indexInfo":{"baseKey":"BbVIDEcMTZcWa5WEwppRrcwiEDF2skwNHWg/M2M62oZz","baseKeyType":1,"closed":-1,"used":1691325929272,"created":1691325929272,"remoteIdentityKey":"BdV/zAYMjh8631tYpAwib5ef28+KqwzDKy3aTUVJ+blV"},"_chains":{"Be/3hLAlgil+7uwamZD/ywbPVi6lDTktdxlIEGoLSL0w":{"chainKey":{"counter":1,"key":"U+EsB33NuVQrx+FrdmELt6FT/Wh4eTsSa/zV5qMqR6A="},"chainType":1,"messageKeys":{}}},"pendingPreKey":{"signedKeyId":16,"baseKey":"BbVIDEcMTZcWa5WEwppRrcwiEDF2skwNHWg/M2M62oZz","preKeyId":7595822}}},"version":"v1"}