{"_sessions":{"BdDZmgvcYTLojwuFmwONqe0yczeg2+lItvuYX0mB7yVN":{"registrationId":339899886,"currentRatchet":{"ephemeralKeyPair":{"pubKey":"BRdvLaFTwO/Bxqw8O5raxktdJNSlD0A4LthCDkloR48d","privKey":"YOaByJCk+h5QPT7uGn8LK7cqKCuQwnnkZAaVJXxdm2E="},"lastRemoteEphemeralKey":"BfwewOLr4TtGrGARH+qVpIEI9mutfwxhTAzbHrd2XjIe","previousCounter":0,"rootKey":"mkgJW2Euu5eistIjH9Dzejiw0wBUkth/6fT4tuVOlSI="},"indexInfo":{"baseKey":"BdDZmgvcYTLojwuFmwONqe0yczeg2+lItvuYX0mB7yVN","baseKeyType":1,"closed":-1,"used":1691326022261,"created":1691326022261,"remoteIdentityKey":"BWc1vbgLfin75KR5q2Qo/QO66JYZF9luJW+2EUoLu/1g"},"_chains":{"BRdvLaFTwO/Bxqw8O5raxktdJNSlD0A4LthCDkloR48d":{"chainKey":{"counter":0,"key":"2/RO/nyD0bPhDFK/iqRYqBAnvvJywBrehEWwpQhEgbw="},"chainType":1,"messageKeys":{}}},"pendingPreKey":{"signedKeyId":8,"baseKey":"BdDZmgvcYTLojwuFmwONqe0yczeg2+lItvuYX0mB7yVN","preKeyId":13683654}}},"version":"v1"}