{"_sessions":{"BeU92aGpVaV9JfQCVWkWVB80yPihglFBNf1Jmy918FJW":{"registrationId":48391126,"currentRatchet":{"ephemeralKeyPair":{"pubKey":"BXrC3/ti/zQIFbcN7hncbIhUoHXVKCoejWO75mFZdT5P","privKey":"gI448/BYmotMpuvWxYEaSawE6uaqeA6mMG1w8MLQjXs="},"lastRemoteEphemeralKey":"BYykpCloxQl7Kj6IEH72E1z47+/J8XuQZhyLgC33fOo7","previousCounter":0,"rootKey":"tJzZa72OKziBXWMX0XJtr2sI4Ov+XvLoERRLmS6hxlM="},"indexInfo":{"baseKey":"BeU92aGpVaV9JfQCVWkWVB80yPihglFBNf1Jmy918FJW","baseKeyType":1,"closed":-1,"used":1691326025750,"created":1691326025750,"remoteIdentityKey":"BaTpE2v0CyI/8rJN6VLZ6LWzGv960kzMn5AeDzMElLtk"},"_chains":{"BXrC3/ti/zQIFbcN7hncbIhUoHXVKCoejWO75mFZdT5P":{"chainKey":{"counter":0,"key":"FKTAlx3eo4UUVKCgkr1pXbNr/VJvAZLCY99NdVdBl1o="},"chainType":1,"messageKeys":{}}},"pendingPreKey":{"signedKeyId":4,"baseKey":"BeU92aGpVaV9JfQCVWkWVB80yPihglFBNf1Jmy918FJW","preKeyId":8736996}}},"version":"v1"}