{"_sessions":{"BYYk4CNg52p8cWkqlZhxL/g+9txg8DDOLmyy6VHqTaxY":{"registrationId":1576634369,"currentRatchet":{"ephemeralKeyPair":{"pubKey":"BbSxxM9SOSCES289mM42bIt97yNBikSZysWhvHcxiYAA","privKey":"uMi8AupwoqJr1dBMaRtNsux2V/AznwYQi9ObhJQVIEI="},"lastRemoteEphemeralKey":"Ba6eMKp4cmftdzUpJrWpNv4c1Lcsrwz/3W+wGwglcnln","previousCounter":0,"rootKey":"9JkCmQ6KkJQ4PyeL58dXJw/p0B4sKjGxwlV6QZXExpQ="},"indexInfo":{"baseKey":"BYYk4CNg52p8cWkqlZhxL/g+9txg8DDOLmyy6VHqTaxY","baseKeyType":1,"closed":-1,"used":1691325928980,"created":1691325928980,"remoteIdentityKey":"BYa2aGKUfiZvIH0RWIOpA98xHeto13q407iuKoG+HQ5I"},"_chains":{"BbSxxM9SOSCES289mM42bIt97yNBikSZysWhvHcxiYAA":{"chainKey":{"counter":1,"key":"MTmUI0JtpCRKjFzsmBBhFt63ELt3uOpEIkbKK+bm1Ks="},"chainType":1,"messageKeys":{}}},"pendingPreKey":{"signedKeyId":12,"baseKey":"BYYk4CNg52p8cWkqlZhxL/g+9txg8DDOLmyy6VHqTaxY","preKeyId":14766137}}},"version":"v1"}