{"_sessions":{"BSXkyRQ7KGmUwZYSwcEaPBCu8CKTNcf3kylC8UrCG3pG":{"registrationId":440238157,"currentRatchet":{"ephemeralKeyPair":{"pubKey":"BftJ34RXLw8s/gjI2KFS8hVRegueieV648VZVt+6rUQm","privKey":"mJtegcvwy1O06NNO3phdq+zcA/3lH5lFL+Ve8pPe7m8="},"lastRemoteEphemeralKey":"BdRhvxJZKNjW+JTsqdfA8VRbvEw8GtxdR0SXFLBqaIpg","previousCounter":0,"rootKey":"LSMzo6MaNxDH56O0lD93shJYZS/wK+WnWUAMmqW0ecQ="},"indexInfo":{"baseKey":"BSXkyRQ7KGmUwZYSwcEaPBCu8CKTNcf3kylC8UrCG3pG","baseKeyType":1,"closed":-1,"used":1691326020060,"created":1691326020060,"remoteIdentityKey":"Ba+fX6cOEbKa7PrS3V7jDvfkiqQ8kfWBBDKQwtmlLkZa"},"_chains":{"BftJ34RXLw8s/gjI2KFS8hVRegueieV648VZVt+6rUQm":{"chainKey":{"counter":0,"key":"/tSjSOXAi46dV4HWKq1mwpGSDOk6gWlBMDTXgA4Skv8="},"chainType":1,"messageKeys":{}}},"pendingPreKey":{"signedKeyId":3,"baseKey":"BSXkyRQ7KGmUwZYSwcEaPBCu8CKTNcf3kylC8UrCG3pG"}}},"version":"v1"}