{"_sessions":{"BVsKz/ZrMooVWWhihKKuxhcdAamJoRRGw5egiG7x3qdj":{"registrationId":295066652,"currentRatchet":{"ephemeralKeyPair":{"pubKey":"BVcL8rmodZx5nLEwKnT828/xsgIxUnUHAefgs9PD0+du","privKey":"mOZ9wOdooPLLjHNP99a/T5aLGdQa+HnWnKknb9TnAGs="},"lastRemoteEphemeralKey":"BZ+aS/w0JozwSQsnqrjEFgnxc46YJAlLMbkxHHIwKV0G","previousCounter":0,"rootKey":"qipHMGCImuAOzOty/HbWSjuLqJKjgcimOYGB4M0maI8="},"indexInfo":{"baseKey":"BVsKz/ZrMooVWWhihKKuxhcdAamJoRRGw5egiG7x3qdj","baseKeyType":1,"closed":-1,"used":1691325928731,"created":1691325928731,"remoteIdentityKey":"BeckcMlFCbTqrCfTkQWh+M9vQ/ygPvEqkMVyZmnXxtEK"},"_chains":{"BVcL8rmodZx5nLEwKnT828/xsgIxUnUHAefgs9PD0+du":{"chainKey":{"counter":1,"key":"lq1kQ0ymkd7jSJclS8M/sBNNN/fGPSEPF6FUGTe9RWs="},"chainType":1,"messageKeys":{}}},"pendingPreKey":{"signedKeyId":0,"baseKey":"BVsKz/ZrMooVWWhihKKuxhcdAamJoRRGw5egiG7x3qdj","preKeyId":4342434}}},"version":"v1"}