{"_sessions":{"Bf6nDgAIeGZk18ndV4KdSRYiTkZvrEjrI8Q2nSa1hSRF":{"registrationId":1948598098,"currentRatchet":{"ephemeralKeyPair":{"pubKey":"BVfodqc81L29frwxGVw9xCcBhyboKT+aKai4UAkC8eFn","privKey":"qGXuzQd5nx8ZC2fbKJqNqJQNPzeDTcB6SWGZctLPhEI="},"lastRemoteEphemeralKey":"BXnGeYFtgjc/FlAwI6XnXhRGYi+7aSLmzahqCZndjEIG","previousCounter":0,"rootKey":"6whYD2PCEU6QPH79kv9NMVgAYZWmPX88HGgB7UAEKAY="},"indexInfo":{"baseKey":"Bf6nDgAIeGZk18ndV4KdSRYiTkZvrEjrI8Q2nSa1hSRF","baseKeyType":1,"closed":-1,"used":1691326021475,"created":1691326021475,"remoteIdentityKey":"BZWazQRF+UnYxzARCDzqlzkHBOU/+uRM5rPAVZCBLcVH"},"_chains":{"BVfodqc81L29frwxGVw9xCcBhyboKT+aKai4UAkC8eFn":{"chainKey":{"counter":0,"key":"sEMmWSy/C7tw9bQpHTwRM4BqvL/phdfo3yZ68ZrUaTo="},"chainType":1,"messageKeys":{}}},"pendingPreKey":{"signedKeyId":0,"baseKey":"Bf6nDgAIeGZk18ndV4KdSRYiTkZvrEjrI8Q2nSa1hSRF"}}},"version":"v1"}