{"_sessions":{"BYJPHCQ//zFkgZ0WmSNC0UhuEdU3O062Uuhy4DnGuqkH":{"registrationId":1922429626,"currentRatchet":{"ephemeralKeyPair":{"pubKey":"BcfK8mJaJkbtbz36sUt2MwQozwad2SW7aRkqY/r+cGxb","privKey":"mCO+kNZE+8UoF8/TQbKlZGBSscLXURWAEqEdFvjKNk8="},"lastRemoteEphemeralKey":"BfQE6Iqdseqp0CH1ic0oQAKQlT8aTG4gkbyfQNanX049","previousCounter":0,"rootKey":"hAzRU4IiWMsq9bVX+hyJBFmEe8vt9Nn8D9jdeTyVMDs="},"indexInfo":{"baseKey":"BYJPHCQ//zFkgZ0WmSNC0UhuEdU3O062Uuhy4DnGuqkH","baseKeyType":1,"closed":-1,"used":1691325928847,"created":1691325928847,"remoteIdentityKey":"BZ1wzePZHaM4dPeowLUz2FPLmqZzrPNKD4xnoAhhNsQy"},"_chains":{"BcfK8mJaJkbtbz36sUt2MwQozwad2SW7aRkqY/r+cGxb":{"chainKey":{"counter":1,"key":"bL8PhcSIR1DorAyQM759/4LH3AkxX9vJqDyS/nzIXWo="},"chainType":1,"messageKeys":{}}},"pendingPreKey":{"signedKeyId":2,"baseKey":"BYJPHCQ//zFkgZ0WmSNC0UhuEdU3O062Uuhy4DnGuqkH","preKeyId":8690964}}},"version":"v1"}