{"_sessions":{"BZyXnDWa0eSzTc6hbvMxqh9KvKfgbqAxjDBjj2gKLtR1":{"registrationId":1185575844,"currentRatchet":{"ephemeralKeyPair":{"pubKey":"BUb23J6+9Rf3mT/A5cj2KZFSBciRJNr+iSf6FBZWVWZF","privKey":"iIIHRZ5MJ7jtm0RstuUMuJQlmSIUN7A/uBN/wCXkZmY="},"lastRemoteEphemeralKey":"BVo1X1PmQExW1bjFuCWGngIBaw44REvPOy/rfk45ZY9V","previousCounter":0,"rootKey":"R+NvQwEBYzCSnhQNLVfRt+xAak6ZiQseq1YuQj1sufU="},"indexInfo":{"baseKey":"BZyXnDWa0eSzTc6hbvMxqh9KvKfgbqAxjDBjj2gKLtR1","baseKeyType":1,"closed":-1,"used":1691325929057,"created":1691325929057,"remoteIdentityKey":"BejUrsoh15u06mr44hJwGhxzUEOshxDK7mgrx7Bj35AQ"},"_chains":{"BUb23J6+9Rf3mT/A5cj2KZFSBciRJNr+iSf6FBZWVWZF":{"chainKey":{"counter":1,"key":"P8UFMO/lSg2RaCAMaYri9PGJQ8cgsc8FGQiueCTSfmY="},"chainType":1,"messageKeys":{}}},"pendingPreKey":{"signedKeyId":1,"baseKey":"BZyXnDWa0eSzTc6hbvMxqh9KvKfgbqAxjDBjj2gKLtR1","preKeyId":8347980}}},"version":"v1"}