{"_sessions":{"BXostQ4N14jpjhd8HuNGy2XuJe7E1AFzzHZVy/fd7EEU":{"registrationId":2131674839,"currentRatchet":{"ephemeralKeyPair":{"pubKey":"BWkhMCCakq8VbyhP8PMwjRTNVpse09kODHmXxiBli7Zb","privKey":"2JWwoxlMMSUHeu4FhedT0GR1yJvfceGKjPfFt1zBBVM="},"lastRemoteEphemeralKey":"BRDnWnPnp5j4ole2/J3dpKsGCGHKDfcpqlplKl1NEZYG","previousCounter":0,"rootKey":"hqugIBOxHegwuwVe1g5LUQou1fvoiKz229yA3k3v0zE="},"indexInfo":{"baseKey":"BXostQ4N14jpjhd8HuNGy2XuJe7E1AFzzHZVy/fd7EEU","baseKeyType":1,"closed":-1,"used":1691326023276,"created":1691326023276,"remoteIdentityKey":"BZyP6msdm8JhSquju1JBZmufQoiUUWqbvHKdawoLNmE3"},"_chains":{"BWkhMCCakq8VbyhP8PMwjRTNVpse09kODHmXxiBli7Zb":{"chainKey":{"counter":0,"key":"cA/tBCw3HFENxOMAvrzI46Eqd72H3t4OuyszvfgLan0="},"chainType":1,"messageKeys":{}}},"pendingPreKey":{"signedKeyId":13,"baseKey":"BXostQ4N14jpjhd8HuNGy2XuJe7E1AFzzHZVy/fd7EEU","preKeyId":5662323}}},"version":"v1"}