{"_sessions":{"BU1eWfe5qVant3vzwDnIA80jz1KiGnP7Xlr/71IAoUkh":{"registrationId":301129069,"currentRatchet":{"ephemeralKeyPair":{"pubKey":"BWHpgquohe6T30D9F9TCq91qef/MsrzSNN40NT3S6XY7","privKey":"EIsITciyWePgqouAdC5VuFiezziwptS2kFmcIIi8WXk="},"lastRemoteEphemeralKey":"BUZ3GogCMOrlOEVYFWSg8H6TgZF4KhTlFmBuUgy7YOYr","previousCounter":0,"rootKey":"uvgESrikvhbEXKfaprw20XSlx/pA5/fJnYRGw0S8NT4="},"indexInfo":{"baseKey":"BU1eWfe5qVant3vzwDnIA80jz1KiGnP7Xlr/71IAoUkh","baseKeyType":1,"closed":-1,"used":1691326024644,"created":1691326024644,"remoteIdentityKey":"BV90plPIj51o3uDBqBHBgBWK7+yq4h0BEyG6skUCHnAp"},"_chains":{"BWHpgquohe6T30D9F9TCq91qef/MsrzSNN40NT3S6XY7":{"chainKey":{"counter":0,"key":"Zb0YuFJisIAd1MT0I2qz+unvRSXrwEwT1SmqqH9OBGY="},"chainType":1,"messageKeys":{}}},"pendingPreKey":{"signedKeyId":1,"baseKey":"BU1eWfe5qVant3vzwDnIA80jz1KiGnP7Xlr/71IAoUkh"}}},"version":"v1"}