{"_sessions":{"BfOhaB2ejSg+0AdrJr/ImmKzu9HtS8EeuEVSHXIannRz":{"registrationId":754001879,"currentRatchet":{"ephemeralKeyPair":{"pubKey":"Beq6r/Y3WSENVbV/X/7N4GKp36kzGRhZPZEQBJ4UTssT","privKey":"+Dc4t+Ov6Fu9ttJ3K2kh5nB/NejUi9lqzuZt2MF6MFY="},"lastRemoteEphemeralKey":"BWYNP2BR8m1/LK/hkO/jfmmZVJZsUf60FCspQJ0h2fdt","previousCounter":0,"rootKey":"nkxEbmwkA0+RQAhBmGZJ54OpOkon7qQeUHxuWRq9ccM="},"indexInfo":{"baseKey":"BfOhaB2ejSg+0AdrJr/ImmKzu9HtS8EeuEVSHXIannRz","baseKeyType":1,"closed":-1,"used":1691325929339,"created":1691325929339,"remoteIdentityKey":"Be8b9928YTKD/Pp52qgR9P1QqRZnXmk2EKdH+xtybyxN"},"_chains":{"Beq6r/Y3WSENVbV/X/7N4GKp36kzGRhZPZEQBJ4UTssT":{"chainKey":{"counter":1,"key":"m5qMLjwdp7DrQ4CF85AXdqxn5AKFjuO/H3wEaNa4WdA="},"chainType":1,"messageKeys":{}}},"pendingPreKey":{"signedKeyId":8,"baseKey":"BfOhaB2ejSg+0AdrJr/ImmKzu9HtS8EeuEVSHXIannRz","preKeyId":6374939}}},"version":"v1"}