{"_sessions":{"Ba4Wu9o7xGQCRk5EdfZd2WC/d3j2MVTdHoW6AiH0Cu0V":{"registrationId":990217452,"currentRatchet":{"ephemeralKeyPair":{"pubKey":"BQ+v6rOWgRFnm2wPNUDWBOy4YJUunioUodWONM3m+4sk","privKey":"ANE9/moAR/5lNMsq6kK2jQiQyuSlEMilntaii6fM0Hg="},"lastRemoteEphemeralKey":"BROmLbBkbFPNZY2vG5+r8HZcH1xf700Al3vI2+nwmhAJ","previousCounter":0,"rootKey":"GZZHD/YEgDSiGagYmsCXbzlrI5LEODOc/8vrvUYHIHw="},"indexInfo":{"baseKey":"Ba4Wu9o7xGQCRk5EdfZd2WC/d3j2MVTdHoW6AiH0Cu0V","baseKeyType":1,"closed":-1,"used":1691326021139,"created":1691326021139,"remoteIdentityKey":"BViAC9SgpZq2UoCg8aSGu3Lk40MRoCHZJ82V9aw6ccRw"},"_chains":{"BQ+v6rOWgRFnm2wPNUDWBOy4YJUunioUodWONM3m+4sk":{"chainKey":{"counter":0,"key":"x+U0KfMLBMQK0blaMZXL8MVtrLWbiOMp8HUPB5hzRx8="},"chainType":1,"messageKeys":{}}},"pendingPreKey":{"signedKeyId":1,"baseKey":"Ba4Wu9o7xGQCRk5EdfZd2WC/d3j2MVTdHoW6AiH0Cu0V"}}},"version":"v1"}