{"_sessions":{"BTCi58yBoff+mQ92osabLG5/+gpvsFQ6xZ5SghqGOr9n":{"registrationId":149656802,"currentRatchet":{"ephemeralKeyPair":{"pubKey":"BS3P9Eu4t3wut1dbIkscpeSbHxeWB8QoXhm/nC1KgAkG","privKey":"uHcXXu3BSkP1HGJn2y/poW9lx/4lhE1NASDdrt816H8="},"lastRemoteEphemeralKey":"BZFa2UOqL8VibvoN9iFJLPtujozcKC69zzWfDuqjP8QF","previousCounter":0,"rootKey":"fa35YhYkoNa+ktmhGAcDSyxqE81MpTlZA+EWFq13Amc="},"indexInfo":{"baseKey":"BTCi58yBoff+mQ92osabLG5/+gpvsFQ6xZ5SghqGOr9n","baseKeyType":1,"closed":-1,"used":1691325928651,"created":1691325928651,"remoteIdentityKey":"BWR46xw5Ii2qhoSeFH6sqVdBo2jPxAx4L7NRn458K5J0"},"_chains":{"BS3P9Eu4t3wut1dbIkscpeSbHxeWB8QoXhm/nC1KgAkG":{"chainKey":{"counter":1,"key":"Lks2lE3UzwY7QARz0m7/ZGhnztx9NRjGxB6ajgN8yOg="},"chainType":1,"messageKeys":{}}},"pendingPreKey":{"signedKeyId":1,"baseKey":"BTCi58yBoff+mQ92osabLG5/+gpvsFQ6xZ5SghqGOr9n","preKeyId":5909913}}},"version":"v1"}