{"_sessions":{"BdKlh7Wo6IPt+pZgyofkfRQOYKKGZhAXawqszYTJuvIa":{"registrationId":1682844422,"currentRatchet":{"ephemeralKeyPair":{"pubKey":"BQpS0oKb8cZ9Feesc6kpG2k0rq+rRcA73V9h0ozT9JtJ","privKey":"WMflL8Rclb1TBXtndjqVw+cu/9NGzaIRIdRL4oa2h38="},"lastRemoteEphemeralKey":"BbsLcgKQnAlMjt+6PrBs9MeQm643IffFWK9kAt6V8Dl+","previousCounter":0,"rootKey":"Zr4NuEiUqX15ixDlON4duuvGe3yWSxjOFoxqGs8itBI="},"indexInfo":{"baseKey":"BdKlh7Wo6IPt+pZgyofkfRQOYKKGZhAXawqszYTJuvIa","baseKeyType":1,"closed":-1,"used":1691326024763,"created":1691326024763,"remoteIdentityKey":"BTZC6rB1KeRe4Ni6Rc64srjgcJEYdWHpmUYKRD18h99Y"},"_chains":{"BQpS0oKb8cZ9Feesc6kpG2k0rq+rRcA73V9h0ozT9JtJ":{"chainKey":{"counter":0,"key":"Q9smqJFsmRTY6ma/4yGf26IiUWLCICEqG8KajVPyrnY="},"chainType":1,"messageKeys":{}}},"pendingPreKey":{"signedKeyId":14,"baseKey":"BdKlh7Wo6IPt+pZgyofkfRQOYKKGZhAXawqszYTJuvIa"}}},"version":"v1"}