{"_sessions":{"Bf1BQ0iUz0z7bSayhNcUIcWLg6uundaXNhbviHXObXJY":{"registrationId":1275493491,"currentRatchet":{"ephemeralKeyPair":{"pubKey":"BU9wqqTKjnHQUQZ70V7POfHi5GCLa9roDf7THs7e0292","privKey":"eP1Sn6fHsUfiXh/1IWaopXyRLOLlCHJMjYw0P8H3JXw="},"lastRemoteEphemeralKey":"Bd06Z+amgKGyJWW4XT23bLcGAzMfOjREXYL0n4dBq7Q6","previousCounter":0,"rootKey":"OhQ3nANAdXa4Pg7IKja8eFImtfRLDWs1Y9ebOiw21Kw="},"indexInfo":{"baseKey":"Bf1BQ0iUz0z7bSayhNcUIcWLg6uundaXNhbviHXObXJY","baseKeyType":1,"closed":-1,"used":1691326022931,"created":1691326022931,"remoteIdentityKey":"BfDlkQ7ny5eyJvwpuU53M71PR8KFA0znkfkvH4+K6NsT"},"_chains":{"BU9wqqTKjnHQUQZ70V7POfHi5GCLa9roDf7THs7e0292":{"chainKey":{"counter":0,"key":"1DeOSgMhB5NPiNVmdB/8YFYSviwiUhMOrIR6btvc0mI="},"chainType":1,"messageKeys":{}}},"pendingPreKey":{"signedKeyId":0,"baseKey":"Bf1BQ0iUz0z7bSayhNcUIcWLg6uundaXNhbviHXObXJY"}}},"version":"v1"}