{"_sessions":{"BevxoSAHfG+6wMNmB3V7QgHb0jLroc5jiGABnWDdz4Jd":{"registrationId":1856183895,"currentRatchet":{"ephemeralKeyPair":{"pubKey":"BWVqMXOdfCXuRU10E4L2A/hnfFrmtCrXetpUWPQk/94t","privKey":"GMchKLBCpwe9lRYxJ6mBH70fjxEG+JQy7xHQ2svMnWE="},"lastRemoteEphemeralKey":"BQw96zTVixCZ8rSOWIt6zMmglrd5bzJwL9tYfqYGsMQL","previousCounter":0,"rootKey":"uhV4UUYPEnHusJT0jVS1NQsijLsxnOxECyND+AqSFT8="},"indexInfo":{"baseKey":"BevxoSAHfG+6wMNmB3V7QgHb0jLroc5jiGABnWDdz4Jd","baseKeyType":1,"closed":-1,"used":1691326019755,"created":1691326019755,"remoteIdentityKey":"BQYQ5CQO5E59ZWMZ3mQEFA9DB/rsB9MgY/yuI5AwwZwq"},"_chains":{"BWVqMXOdfCXuRU10E4L2A/hnfFrmtCrXetpUWPQk/94t":{"chainKey":{"counter":0,"key":"sKtMsk3FqKMV5ZG1mqC8hf9aZd3DmVqMC0Lpw3mCqQU="},"chainType":1,"messageKeys":{}}},"pendingPreKey":{"signedKeyId":9,"baseKey":"BevxoSAHfG+6wMNmB3V7QgHb0jLroc5jiGABnWDdz4Jd","preKeyId":16278471}}},"version":"v1"}