{"_sessions":{"BYeuVBz+zdFT6r9EVUvG62BGpU/dZ7r94dvvmn9Sds5t":{"registrationId":1254585528,"currentRatchet":{"ephemeralKeyPair":{"pubKey":"BXEWyfKEs9cTQS7lpBVkojGAzPyP+lo7ZlMfU9t8lK1P","privKey":"8DRZFe9DsIgst6Eb3BfbMzlnJUhB6M1ZGolZmBPXFns="},"lastRemoteEphemeralKey":"BTXrqsiUeskgPVfESIbgqie6HGwaLnnQ/RqibGfp1bth","previousCounter":0,"rootKey":"+268/m1OiPOilNyg5RpyfjZrQM80ay4ODMv/CzeD/Ag="},"indexInfo":{"baseKey":"BYeuVBz+zdFT6r9EVUvG62BGpU/dZ7r94dvvmn9Sds5t","baseKeyType":1,"closed":-1,"used":1691325928739,"created":1691325928739,"remoteIdentityKey":"BXZR4UK1VaJGSltQvVz46bmaOW+YEANa7SlByAGJoeEo"},"_chains":{"BXEWyfKEs9cTQS7lpBVkojGAzPyP+lo7ZlMfU9t8lK1P":{"chainKey":{"counter":1,"key":"DTI/12oE+YI8hYDWi0+/UTz223sx7qNQ1Y/l6GlpBnk="},"chainType":1,"messageKeys":{}}},"pendingPreKey":{"signedKeyId":2,"baseKey":"BYeuVBz+zdFT6r9EVUvG62BGpU/dZ7r94dvvmn9Sds5t","preKeyId":15752690}}},"version":"v1"}