{"_sessions":{"BT582t/J2sKoEcby0sPW77gGHLMekTaoWd5edRsW9ohh":{"registrationId":1532182484,"currentRatchet":{"ephemeralKeyPair":{"pubKey":"BREfpB956MyOm+NqJwxjTt8S5/XdS5KOe8l/sXK3NaBm","privKey":"wEkLG1ZBMa71Kt2SxcynCiM+w4wBcBnEq52WqQ48rkQ="},"lastRemoteEphemeralKey":"BYdFy3pObgG7J+1r53m/pav9xBLoRGlxenBl/reJR0pf","previousCounter":0,"rootKey":"Re3WCMbSIidbT1nUBKFgRIzJywV50GSVG9OL9elUXSs="},"indexInfo":{"baseKey":"BT582t/J2sKoEcby0sPW77gGHLMekTaoWd5edRsW9ohh","baseKeyType":1,"closed":-1,"used":1691325929941,"created":1691325929941,"remoteIdentityKey":"BSOsUk+pf1gfyGxGjf9qSznOP0NLqS7ch0qWRUoV4kNR"},"_chains":{"BREfpB956MyOm+NqJwxjTt8S5/XdS5KOe8l/sXK3NaBm":{"chainKey":{"counter":1,"key":"1ChG2cjDEGDQp8eCNqZN/imJuWsfyrAmpFzkDG7C/Wo="},"chainType":1,"messageKeys":{}}},"pendingPreKey":{"signedKeyId":8,"baseKey":"BT582t/J2sKoEcby0sPW77gGHLMekTaoWd5edRsW9ohh","preKeyId":3012580}}},"version":"v1"}