{"_sessions":{"BfOtRPR7gj0UFvTu//nWPoqvBwE/hsanNrLm4+bnyNw3":{"registrationId":701754567,"currentRatchet":{"ephemeralKeyPair":{"pubKey":"BVTHPlZKanPmEHkY4vxCZVeJb22wzEBWf8YJvxsFiSNW","privKey":"IItIP1QdmdbEhW/SpTZQO2P+smUkFfapLGm1ggaoA00="},"lastRemoteEphemeralKey":"BfUQ9gLhUBhUhPMDpLpGh3a3NtlhvfApDbWPCmYQkKFm","previousCounter":0,"rootKey":"d2WK8NzTQH9YcEltoIx+mnTYfu6NMEyvbD+rXM3J8as="},"indexInfo":{"baseKey":"BfOtRPR7gj0UFvTu//nWPoqvBwE/hsanNrLm4+bnyNw3","baseKeyType":1,"closed":-1,"used":1691326021448,"created":1691326021448,"remoteIdentityKey":"BaELKJU8/35TsiYzrVOhVwKMaueBrtLNpjYLXUSbwu5E"},"_chains":{"BVTHPlZKanPmEHkY4vxCZVeJb22wzEBWf8YJvxsFiSNW":{"chainKey":{"counter":0,"key":"Zr3+8SlPYhkQpDmYLa+GIxJG/rjsKW1eIUHB8w3V4nk="},"chainType":1,"messageKeys":{}}},"pendingPreKey":{"signedKeyId":7,"baseKey":"BfOtRPR7gj0UFvTu//nWPoqvBwE/hsanNrLm4+bnyNw3","preKeyId":6500469}}},"version":"v1"}