{"_sessions":{"BYzHXHbrPvns6Fdln0O/jR3ZZiE+IFvP9Y1chkRUMI0K":{"registrationId":622894662,"currentRatchet":{"ephemeralKeyPair":{"pubKey":"BTj8xf5DFCe4qsY/QkAjiYqkPSk1w46/hOi8Kb658jck","privKey":"aMXp87ODEqVt8kRNKo/R9/Vp1BwKomxEQ4hzW/CXjE0="},"lastRemoteEphemeralKey":"Bcx06nIXEoP/zMzzuo9E2CeLlauzP1vdwGLl7AX1YelJ","previousCounter":0,"rootKey":"Xi88amhAkzXQrhyQuQdl1dCUQyE/J0N/0oAPJtT7RcI="},"indexInfo":{"baseKey":"BYzHXHbrPvns6Fdln0O/jR3ZZiE+IFvP9Y1chkRUMI0K","baseKeyType":1,"closed":-1,"used":1691326025055,"created":1691326025055,"remoteIdentityKey":"Ben8MTXpV3cdo8CVX8AcAcYP4e/6eyR4G7HjsLVB25Ra"},"_chains":{"BTj8xf5DFCe4qsY/QkAjiYqkPSk1w46/hOi8Kb658jck":{"chainKey":{"counter":0,"key":"v/1ZfK206q2kvx93L9NNFjUbI3cs/uOnuo8fmvQ0brs="},"chainType":1,"messageKeys":{}}},"pendingPreKey":{"signedKeyId":1,"baseKey":"BYzHXHbrPvns6Fdln0O/jR3ZZiE+IFvP9Y1chkRUMI0K"}}},"version":"v1"}