{"_sessions":{"BRvmT5n8seSFyBdDkBDAOImsKsIiXgeIoYutjb2jHtNZ":{"registrationId":1245805789,"currentRatchet":{"ephemeralKeyPair":{"pubKey":"BZcLjnGWzm8BnM8PTeK30m4yvwxG0pF7P0TbMDDI2noP","privKey":"2GoXHelv8riEWjRbjwr9QMQbWpTX3YBvyCVaMzpioEA="},"lastRemoteEphemeralKey":"BYjCfOE6sfaaWGTJsIlbSwV40Dk9ueb+Q6VITi3NLHgN","previousCounter":0,"rootKey":"7+T7uXe+CZkVRfgtvhuLoxSUjO2RePnPmYc4mYAUrbU="},"indexInfo":{"baseKey":"BRvmT5n8seSFyBdDkBDAOImsKsIiXgeIoYutjb2jHtNZ","baseKeyType":1,"closed":-1,"used":1691326023951,"created":1691326023951,"remoteIdentityKey":"Ba6e3tFR44QOSQleKx5uPXSAvrrEfguPz7cZMWE7dLwE"},"_chains":{"BZcLjnGWzm8BnM8PTeK30m4yvwxG0pF7P0TbMDDI2noP":{"chainKey":{"counter":0,"key":"GoVpB3+VYu+/OxtBbtvgSic9T8Wb/DTYmcVIbOPJccY="},"chainType":1,"messageKeys":{}}},"pendingPreKey":{"signedKeyId":0,"baseKey":"BRvmT5n8seSFyBdDkBDAOImsKsIiXgeIoYutjb2jHtNZ"}}},"version":"v1"}