{"_sessions":{"BdIQMXjRHN7FZ3OsoZihNwSA5WI4T/tpM9DdGdB9oYNO":{"registrationId":2052905431,"currentRatchet":{"ephemeralKeyPair":{"pubKey":"BXud53dS3Lu1OwVPgX5GjEvFVvfPocU/khWitUgw25Qy","privKey":"IJ2vktc389jpWhchQw6w5f7C++LSJaQZm0PekZpIrFU="},"lastRemoteEphemeralKey":"BX8oKu7OeEtJKK++V4WJJIeHrMB9coc+Q/8IFdFlddpq","previousCounter":0,"rootKey":"75ZWY/w5IQm03VbTqSnJ7ht7gHiLzNOiWbrFYAGe1AE="},"indexInfo":{"baseKey":"BdIQMXjRHN7FZ3OsoZihNwSA5WI4T/tpM9DdGdB9oYNO","baseKeyType":1,"closed":-1,"used":1691325928535,"created":1691325928535,"remoteIdentityKey":"BcHFmRU/Wtdnhqrg2y826VWxR5ZUVh24gAAcvV4Bv60i"},"_chains":{"BXud53dS3Lu1OwVPgX5GjEvFVvfPocU/khWitUgw25Qy":{"chainKey":{"counter":1,"key":"oC7Nl2Xtgjodh1nxlvlhvObBJj4/APwt1+eXQtzPZHk="},"chainType":1,"messageKeys":{}}},"pendingPreKey":{"signedKeyId":0,"baseKey":"BdIQMXjRHN7FZ3OsoZihNwSA5WI4T/tpM9DdGdB9oYNO","preKeyId":11911735}}},"version":"v1"}