{"_sessions":{"BepGWqVCk22E2ndZsU1vkpVGZwUp+kOwr/sekmjKR31u":{"registrationId":252243092,"currentRatchet":{"ephemeralKeyPair":{"pubKey":"BeYrJmENOf1L+LynHA/uJA42HMn6/84rWTXX5D/MHiEa","privKey":"OCKUd3nnaxtsj5RWro8ml2DoH5QZLoMxN7iZK91dgGY="},"lastRemoteEphemeralKey":"BTp6pydHVq7GrzOLKPDiQo9Al/I0jJamui7fDmrU+VZ3","previousCounter":0,"rootKey":"wwBnC98/P5V/S/qssfvCYJZ//4JOlz3qFqEc1xTkBk4="},"indexInfo":{"baseKey":"BepGWqVCk22E2ndZsU1vkpVGZwUp+kOwr/sekmjKR31u","baseKeyType":1,"closed":-1,"used":1691326023134,"created":1691326023134,"remoteIdentityKey":"BRK55DIavInFykixxz+vG8l+BjN5fzvq0OvyCM90xIJr"},"_chains":{"BeYrJmENOf1L+LynHA/uJA42HMn6/84rWTXX5D/MHiEa":{"chainKey":{"counter":0,"key":"DC7VHAy+UgLQXGNTTy+4mS/bGsfF3yI6TPv3bY2P5hs="},"chainType":1,"messageKeys":{}}},"pendingPreKey":{"signedKeyId":0,"baseKey":"BepGWqVCk22E2ndZsU1vkpVGZwUp+kOwr/sekmjKR31u"}}},"version":"v1"}