{"_sessions":{"BabDA03TcDeplJb5cLMZ5wADWJRI+9B/Qs4dKrPlM84J":{"registrationId":1042893716,"currentRatchet":{"ephemeralKeyPair":{"pubKey":"BdERsvpnauVS+QuU8sX28zQZJbpC1dEWqLar+naXl/IA","privKey":"WMFKZFYc7IzA190Kdv7mt/EvCQ+6LNVQ1iTA6OvDpkI="},"lastRemoteEphemeralKey":"BR7E0PQSg18EZjoexHiOzdhpqXBe0v8ekFF+emUWDvUk","previousCounter":0,"rootKey":"gGFts6fSpCf31iVcy3ZzEzO+vKe9y/DvwhjmdGZiDCE="},"indexInfo":{"baseKey":"BabDA03TcDeplJb5cLMZ5wADWJRI+9B/Qs4dKrPlM84J","baseKeyType":1,"closed":-1,"used":1691326021131,"created":1691326021131,"remoteIdentityKey":"BTpmNOaPrEhtHropIrdWGDVQ4t+QaHoeuGarruWatMsQ"},"_chains":{"BdERsvpnauVS+QuU8sX28zQZJbpC1dEWqLar+naXl/IA":{"chainKey":{"counter":0,"key":"P4LVbGX5n5IYM2G5S00y201XeEPkHjhayO4fqO4IJ/4="},"chainType":1,"messageKeys":{}}},"pendingPreKey":{"signedKeyId":1,"baseKey":"BabDA03TcDeplJb5cLMZ5wADWJRI+9B/Qs4dKrPlM84J","preKeyId":14079452}}},"version":"v1"}