{"_sessions":{"BTHDAqDbhTIdO+ELrl0CqgFVl+/SkhEvXJCjV/oq4694":{"registrationId":324041122,"currentRatchet":{"ephemeralKeyPair":{"pubKey":"Bd/N75tmP2aci5QdDF4wWnIS9IJHaoG0IAn8aBqZFxAb","privKey":"oPqr/okHVC1BGU6/yOLwHZ8cnSs4YXWFd2eP7NmIdHc="},"lastRemoteEphemeralKey":"BUwSWA5+VOJNPEsETExQzxRaUtdvMuILtqsQRisXwSYe","previousCounter":0,"rootKey":"VN4CK5CeQI5jUKMgzx01ADl+IIru+/zT+h/hUeqwzYs="},"indexInfo":{"baseKey":"BTHDAqDbhTIdO+ELrl0CqgFVl+/SkhEvXJCjV/oq4694","baseKeyType":1,"closed":-1,"used":1691326025146,"created":1691326025146,"remoteIdentityKey":"Bb2lYbryRFSiA3oav6tsu1n1S5jcoWIOMPnXTxhPIdIu"},"_chains":{"Bd/N75tmP2aci5QdDF4wWnIS9IJHaoG0IAn8aBqZFxAb":{"chainKey":{"counter":0,"key":"omo3/Z1SdNQ5vHh7shz7M99YOhneUJSjoNxofYcO2qU="},"chainType":1,"messageKeys":{}}},"pendingPreKey":{"signedKeyId":5,"baseKey":"BTHDAqDbhTIdO+ELrl0CqgFVl+/SkhEvXJCjV/oq4694","preKeyId":9861704}}},"version":"v1"}