{"_sessions":{"BSfu/ecvBlq6AZb2nk2fBxCZksRvzQ6Lxnk0F4eXGyJ3":{"registrationId":1156926660,"currentRatchet":{"ephemeralKeyPair":{"pubKey":"BRwe56UIrcLihHsfalGXJXfOWA7p4EIZpzodPvoanntn","privKey":"eAFC8jqTbpQo8TsxQNfpi58rx1Yapxfr/HtjMFQQUHY="},"lastRemoteEphemeralKey":"BbWL2ATx82nZofNIMMJoCTs1m8GR3Tn58l86phtoWmY/","previousCounter":0,"rootKey":"Pne2fLzambg6kJGgLc378Bf3xv8KtELOrfOSUjGlaL4="},"indexInfo":{"baseKey":"BSfu/ecvBlq6AZb2nk2fBxCZksRvzQ6Lxnk0F4eXGyJ3","baseKeyType":1,"closed":-1,"used":1691325928264,"created":1691325928264,"remoteIdentityKey":"BatYA2IjrTENvzmstBulIGzEuM+7DKwVyTlYp1CVuP9T"},"_chains":{"BRwe56UIrcLihHsfalGXJXfOWA7p4EIZpzodPvoanntn":{"chainKey":{"counter":1,"key":"zZgq4NSFc+lsfacMnCh9lg1wZwWwDOVTx1oDboSp5Tg="},"chainType":1,"messageKeys":{}}},"pendingPreKey":{"signedKeyId":1,"baseKey":"BSfu/ecvBlq6AZb2nk2fBxCZksRvzQ6Lxnk0F4eXGyJ3","preKeyId":6512171}}},"version":"v1"}