{"_sessions":{"BVY5aIP93QWwghQs1N6iPlXKXQ0I8DLl8N8nzQlMnvIf":{"registrationId":972404975,"currentRatchet":{"ephemeralKeyPair":{"pubKey":"BRltl+/bRdFxYMacJg6uNFolarB9/9COd+6NuAixNwFN","privKey":"UNiRcqodx1N1Ql5WPfeQ8muHTK45XaDPC4RZD+F4Gmo="},"lastRemoteEphemeralKey":"BWX2BlHv7GrZ7MY2LWoWPN2qcctdsMvPICsbQf23ONNg","previousCounter":0,"rootKey":"K7NM/GaKWSkYbXAnQSQUVnnXR3iWXCS/5HM61DNPKbs="},"indexInfo":{"baseKey":"BVY5aIP93QWwghQs1N6iPlXKXQ0I8DLl8N8nzQlMnvIf","baseKeyType":1,"closed":1691325930959,"used":1691325929175,"created":1691325929175,"remoteIdentityKey":"BY9r3SEMrLVBYnzOv/3o6qNMUTJhYbQjXQ6Y0OzRWARc"},"_chains":{"BRltl+/bRdFxYMacJg6uNFolarB9/9COd+6NuAixNwFN":{"chainKey":{"counter":0,"key":"nq/5D7YaTnx24WGw1ZwDADMVshVsb/9xTZEKz+ijTnI="},"chainType":1,"messageKeys":{}}},"pendingPreKey":{"signedKeyId":1,"baseKey":"BVY5aIP93QWwghQs1N6iPlXKXQ0I8DLl8N8nzQlMnvIf","preKeyId":5250882}},"BZq1r8+hIzpyhzu0jWRKBzuOCRj6H4MfgmKw/MsBG2xO":{"registrationId":972404975,"currentRatchet":{"ephemeralKeyPair":{"pubKey":"Bfy0YqG04vyA454E7ZtxXKvKFr5Ciiy4iee3MQSA5F9F","privKey":"UIVWZmJTAYun4Atif7ntO26pQEiDgdsGh/bXc72/xWg="},"lastRemoteEphemeralKey":"BeXHDdrBDCmIMFYgKHnnLOcnO/mZ9Kf224Iw/5aPXLlf","previousCounter":0,"rootKey":"d//GnT0EHAq3uaUI6huKaAzXnka5KmH5COibgedfm2A="},"indexInfo":{"baseKey":"BZq1r8+hIzpyhzu0jWRKBzuOCRj6H4MfgmKw/MsBG2xO","baseKeyType":2,"closed":1691325949035,"used":1691325930964,"created":1691325930964,"remoteIdentityKey":"BY9r3SEMrLVBYnzOv/3o6qNMUTJhYbQjXQ6Y0OzRWARc"},"_chains":{"BeXHDdrBDCmIMFYgKHnnLOcnO/mZ9Kf224Iw/5aPXLlf":{"chainKey":{"counter":0,"key":"8AlTgdFCmFEb3mf+vgNjIIBMS+0KrW6FfxR4VhBTHJY="},"chainType":2,"messageKeys":{}},"Bfy0YqG04vyA454E7ZtxXKvKFr5Ciiy4iee3MQSA5F9F":{"chainKey":{"counter":-1,"key":"SqlvfzIJnq1wHABOjkU2wANvieXv8xzJJZSH3ZYcDFE="},"chainType":1,"messageKeys":{}}}},"BX41+eDbTjW/KLEkisAJk8vTKpG/pPiUsZdizwj56gFp":{"registrationId":972404975,"currentRatchet":{"ephemeralKeyPair":{"pubKey":"BdZ+Pnw+bXOGGOvcB2Jq2nJXXsaP3KptSUYruP9NX9wd","privKey":"gNdO8SSWR3fxEGaFLNGaZGs5+AbIkWyBCfmgS25NlE8="},"lastRemoteEphemeralKey":"BWX2BlHv7GrZ7MY2LWoWPN2qcctdsMvPICsbQf23ONNg","previousCounter":0,"rootKey":"5UoOTg9FyCt7eeyFrhq2HT5EyrqxRpHSKpGUDRC6cqU="},"indexInfo":{"baseKey":"BX41+eDbTjW/KLEkisAJk8vTKpG/pPiUsZdizwj56gFp","baseKeyType":1,"closed":1691325989139,"used":1691325949031,"created":1691325949031,"remoteIdentityKey":"BY9r3SEMrLVBYnzOv/3o6qNMUTJhYbQjXQ6Y0OzRWARc"},"_chains":{"BdZ+Pnw+bXOGGOvcB2Jq2nJXXsaP3KptSUYruP9NX9wd":{"chainKey":{"counter":0,"key":"cB3rr6hXAr6vQavkYCvRrPmnlDeKeZofnuzE5ZWupAI="},"chainType":1,"messageKeys":{}}},"pendingPreKey":{"signedKeyId":1,"baseKey":"BX41+eDbTjW/KLEkisAJk8vTKpG/pPiUsZdizwj56gFp","preKeyId":5250872}},"Ba5PdMk7b2jW77ED3RvxoTwJ5cwMMZNOyFXdOFx2NqlS":{"registrationId":972404975,"currentRatchet":{"ephemeralKeyPair":{"pubKey":"BTnZOSElaCJ744QpPgaxzUeXyPYL0THYsR3FuY16/UNZ","privKey":"+LQRFPeVkaHcfa5HpqjnIM3Xb5U/8cD0f4Ahm6rkllU="},"lastRemoteEphemeralKey":"BWX2BlHv7GrZ7MY2LWoWPN2qcctdsMvPICsbQf23ONNg","previousCounter":0,"rootKey":"KlsgCDghWNlWn5BSztxjNgRU4qx3FEpFLfuCEgRlJg0="},"indexInfo":{"baseKey":"Ba5PdMk7b2jW77ED3RvxoTwJ5cwMMZNOyFXdOFx2NqlS","baseKeyType":1,"closed":-1,"used":1691325989136,"created":1691325989136,"remoteIdentityKey":"BY9r3SEMrLVBYnzOv/3o6qNMUTJhYbQjXQ6Y0OzRWARc"},"_chains":{"BTnZOSElaCJ744QpPgaxzUeXyPYL0THYsR3FuY16/UNZ":{"chainKey":{"counter":-1,"key":"8LYqZBIOV0tre1BcUP0ihzzN//lyDaD26qhHmEg6bYs="},"chainType":1,"messageKeys":{}}},"pendingPreKey":{"signedKeyId":1,"baseKey":"Ba5PdMk7b2jW77ED3RvxoTwJ5cwMMZNOyFXdOFx2NqlS","preKeyId":5251611}}},"version":"v1"}