{"_sessions":{"BRwVBeqIfbfNBZP1/tmgTzKpthjSArF2Qy0ANXWyk+od":{"registrationId":37062952,"currentRatchet":{"ephemeralKeyPair":{"pubKey":"Bbq3lVyFSRst4yOhBV5xz2ers4GnGPNuBC4cVW/oWCQt","privKey":"wE5heOVmJiGOimF4rrULWHVwOw/Zttee4dgQquOTyWc="},"lastRemoteEphemeralKey":"BTn++pmymPhkYT3qY2liYdiJ6LnSoRBsGRk0CiobHtU+","previousCounter":0,"rootKey":"rejsWRzA1OG2aoCKoSfaif5Kz/BMibGFUJaDozuDF80="},"indexInfo":{"baseKey":"BRwVBeqIfbfNBZP1/tmgTzKpthjSArF2Qy0ANXWyk+od","baseKeyType":1,"closed":-1,"used":1691325929451,"created":1691325929451,"remoteIdentityKey":"BQ8LqXtBnJtLMIem67AGdgZy1hCVKDMnAHA5e29cQ2sR"},"_chains":{"Bbq3lVyFSRst4yOhBV5xz2ers4GnGPNuBC4cVW/oWCQt":{"chainKey":{"counter":1,"key":"rymOXlEglONYoSJvYcPjJOsVFKK8Sr40oPST6KNwhMM="},"chainType":1,"messageKeys":{}}},"pendingPreKey":{"signedKeyId":1,"baseKey":"BRwVBeqIfbfNBZP1/tmgTzKpthjSArF2Qy0ANXWyk+od","preKeyId":8444284}}},"version":"v1"}