{"_sessions":{"BfoMgOUevwH3xqCgGesktEFBSbVpICjNeSnaA5LSSPt0":{"registrationId":1110815798,"currentRatchet":{"ephemeralKeyPair":{"pubKey":"BUXHzdMHzVEcFp8tIMdpUwNW7UdjUw1uOqwbDgP6Kj5V","privKey":"OBsyo3BpXreV/ufkBvEqM844WT+pAAz1BSek/k7rUWI="},"lastRemoteEphemeralKey":"BXj14FsGHOHuBuSrJzDthUEDAhUlqNCfrMaZSxB6PBsP","previousCounter":0,"rootKey":"uvxthMml63DDkDvC4sP0M0myUPGWDC37y+Wu3HmnVTc="},"indexInfo":{"baseKey":"BfoMgOUevwH3xqCgGesktEFBSbVpICjNeSnaA5LSSPt0","baseKeyType":1,"closed":-1,"used":1691326024529,"created":1691326024529,"remoteIdentityKey":"BR3SUhIC2YUAy48cyPiTk/2X6p+xfWyKByJVOW+6oClG"},"_chains":{"BUXHzdMHzVEcFp8tIMdpUwNW7UdjUw1uOqwbDgP6Kj5V":{"chainKey":{"counter":0,"key":"LWsBBNXSLnE+fjGB4gkpOpB7f3Ww1zItZ3lcTsXlCDg="},"chainType":1,"messageKeys":{}}},"pendingPreKey":{"signedKeyId":0,"baseKey":"BfoMgOUevwH3xqCgGesktEFBSbVpICjNeSnaA5LSSPt0","preKeyId":6575074}}},"version":"v1"}