{"_sessions":{"BduhgqWBQ1KUcGq8auxYkVx99jngTrazg7ljniHNPhRy":{"registrationId":1642048039,"currentRatchet":{"ephemeralKeyPair":{"pubKey":"BS798zGJxhtLwXNxUR5hdn+wGyKVNLRdRBS6mTsYuosH","privKey":"0M8J3LVJ/K1ThGIu/9D+Cyv9ME9JTr4kUVGXl7EcqWY="},"lastRemoteEphemeralKey":"BV+whW+BVHafsRvLvF2x3mq/RWkQA3cySz4QY2QUvP4H","previousCounter":0,"rootKey":"fdOlJj1DiJXDSwONoDfU4W0X+KiBu3MeYthNJWCj3hc="},"indexInfo":{"baseKey":"BduhgqWBQ1KUcGq8auxYkVx99jngTrazg7ljniHNPhRy","baseKeyType":1,"closed":-1,"used":1691326023147,"created":1691326023147,"remoteIdentityKey":"BZQjm9+Mtd826q5adxK8AnfmxV0Q9VWwpihfTRAooQtH"},"_chains":{"BS798zGJxhtLwXNxUR5hdn+wGyKVNLRdRBS6mTsYuosH":{"chainKey":{"counter":0,"key":"Hc3nOw30ZQo/XGBvimVEiu4HLb0l7R9fS8FFfjhyrPc="},"chainType":1,"messageKeys":{}}},"pendingPreKey":{"signedKeyId":0,"baseKey":"BduhgqWBQ1KUcGq8auxYkVx99jngTrazg7ljniHNPhRy"}}},"version":"v1"}