{"_sessions":{"BeLYDKHizrbZNxOWSGxt2sb97zL2JjX4gSaEPFxKvtsk":{"registrationId":448921238,"currentRatchet":{"ephemeralKeyPair":{"pubKey":"BZ96Inn+aQgJKws/xZzImZrn1EdQLfTsllrtg+6Nbp54","privKey":"cN/LVFmpMtRx1WkJos/vu0/O3YIuO8/gHKgR96TKwkA="},"lastRemoteEphemeralKey":"BW2flbc+hyR0UrpcrcSWlocGwf8JEy735Vy8hgYASHtL","previousCounter":0,"rootKey":"/p1KtzV+rMhNvRKohkcVDWCfIZTuYs4FiwltWpU2WBM="},"indexInfo":{"baseKey":"BeLYDKHizrbZNxOWSGxt2sb97zL2JjX4gSaEPFxKvtsk","baseKeyType":1,"closed":-1,"used":1691325929031,"created":1691325929031,"remoteIdentityKey":"BXGI0uLvS3Z+MC15aZOWaW6Y0U9WadIaolbESkvyTk16"},"_chains":{"BZ96Inn+aQgJKws/xZzImZrn1EdQLfTsllrtg+6Nbp54":{"chainKey":{"counter":1,"key":"OLHAd/ZHVYnEuCAFJr2jl9q1/AI8mtfjFkLMFpX2H+Y="},"chainType":1,"messageKeys":{}}},"pendingPreKey":{"signedKeyId":2,"baseKey":"BeLYDKHizrbZNxOWSGxt2sb97zL2JjX4gSaEPFxKvtsk","preKeyId":12827090}}},"version":"v1"}