{"_sessions":{"BYDVRmjka5lpen41uPm53Pt21MfT7c2J8HFiKR4x64VL":{"registrationId":124,"currentRatchet":{"ephemeralKeyPair":{"pubKey":"Bar6CVR74RUPksxD009wgcRaYVWhzL2R+z0AqMX2z4J3","privKey":"SKAAPSI1qYmOO9ajy5+X5+YepM2epVq6T0ZXS0LDAWw="},"lastRemoteEphemeralKey":"BV7n6C6JW2b3wpJ6Gf93tN7AMBJxxqAPtNxG7JELB8cb","previousCounter":0,"rootKey":"MwwDwWXpnWg9taJ92hiAJmyRKb+6hsNivchJ3eFkxyA="},"indexInfo":{"baseKey":"BYDVRmjka5lpen41uPm53Pt21MfT7c2J8HFiKR4x64VL","baseKeyType":1,"closed":-1,"used":1691325928249,"created":1691325928249,"remoteIdentityKey":"BddkC1eysfxJnV4RB2o3OWOlanirfpHVsA2rdKemIxF9"},"_chains":{"Bar6CVR74RUPksxD009wgcRaYVWhzL2R+z0AqMX2z4J3":{"chainKey":{"counter":1,"key":"/e+UKPQqYkpEOuyVg9EvFUoo0hXhfyUDQ2dC1tjtuV8="},"chainType":1,"messageKeys":{}}},"pendingPreKey":{"signedKeyId":1,"baseKey":"BYDVRmjka5lpen41uPm53Pt21MfT7c2J8HFiKR4x64VL"}}},"version":"v1"}