{"_sessions":{"BaUsZ3gdw7NxlFIwwVbA2tyDTIHeb68XLL6z949b6tZ4":{"registrationId":12206460,"currentRatchet":{"ephemeralKeyPair":{"pubKey":"BewLfH2P043fMBvSSN5RcZYu7nag0llBZcaQ5gxmuhha","privKey":"aAMtxbOajcYZipCBZqCp3dm3V1TWVs8LzsiewdXsfWE="},"lastRemoteEphemeralKey":"Bbw+WJam3aHX2U9TllmcY/HhsYfYbVSZ0GZynn2u7dBr","previousCounter":0,"rootKey":"XyRDk5MrOAvuLho7oFF1N0elp3pwwTp1BGBectJujKM="},"indexInfo":{"baseKey":"BaUsZ3gdw7NxlFIwwVbA2tyDTIHeb68XLL6z949b6tZ4","baseKeyType":1,"closed":-1,"used":1691326023935,"created":1691326023935,"remoteIdentityKey":"BV3GSI7N0I9YXjWt56MO29AFQhfGw3Ufdqv9C61x5wpR"},"_chains":{"BewLfH2P043fMBvSSN5RcZYu7nag0llBZcaQ5gxmuhha":{"chainKey":{"counter":0,"key":"nc4wIA+77u41nul+YrrtYQctkAsLnGbl6cTrvav1nV0="},"chainType":1,"messageKeys":{}}},"pendingPreKey":{"signedKeyId":7,"baseKey":"BaUsZ3gdw7NxlFIwwVbA2tyDTIHeb68XLL6z949b6tZ4"}}},"version":"v1"}