{"_sessions":{"BVI3IrlSkILWELsTLMUccKHqA1qP2hMIgzmtbeQA5nty":{"registrationId":2071243174,"currentRatchet":{"ephemeralKeyPair":{"pubKey":"BYs36omglEn7BKnmIRWvjuzhTUZbKOHUse36TeBtzTYQ","privKey":"aIE/OOENiDy+9NknQenfqnRspUfl2YgQw2mTc4Gu1VM="},"lastRemoteEphemeralKey":"BfBaqiXGaOO2IKRnJGVtjoKSuRe4qafVTR/MITKMGVQK","previousCounter":0,"rootKey":"B2FbGVeFG8eocm9jYvzQhcFCin20jImje9kJVnG7FzY="},"indexInfo":{"baseKey":"BVI3IrlSkILWELsTLMUccKHqA1qP2hMIgzmtbeQA5nty","baseKeyType":1,"closed":-1,"used":1691326022846,"created":1691326022846,"remoteIdentityKey":"BaWHYQ7Bvf/VgHgIxy77TLi6cqSxYhKmVbR+2Gd0Sz9C"},"_chains":{"BYs36omglEn7BKnmIRWvjuzhTUZbKOHUse36TeBtzTYQ":{"chainKey":{"counter":0,"key":"DUrgelj6pT/99ea4A/3ddXzhW2KOstcRn9BszgQ5sEM="},"chainType":1,"messageKeys":{}}},"pendingPreKey":{"signedKeyId":5,"baseKey":"BVI3IrlSkILWELsTLMUccKHqA1qP2hMIgzmtbeQA5nty"}}},"version":"v1"}