{"_sessions":{"BUumtDzqMuRYmLUNNYu7NcxXZ5jzic59M9AQCOBsMT8m":{"registrationId":359236598,"currentRatchet":{"ephemeralKeyPair":{"pubKey":"Bc/cXLfpRQEbwBZ8hRDCHznXP5Zr+oqCERQ8tdvBgiE9","privKey":"OJCjCJ+oVBGMV11j1hLT+TafkYHwxd4P4p7S1H7FH18="},"lastRemoteEphemeralKey":"BYo1J/wZ4C4A1VSPgBNHzb2xlU45myl+yMjletsGJYx4","previousCounter":0,"rootKey":"CKLcF1cqHEA2/QZ5LEM9D+ZypCBwJcaJys+vUhg72Kg="},"indexInfo":{"baseKey":"BUumtDzqMuRYmLUNNYu7NcxXZ5jzic59M9AQCOBsMT8m","baseKeyType":1,"closed":-1,"used":1691326019742,"created":1691326019742,"remoteIdentityKey":"BUGdhswnIbZ3a7Nck9K1+bM0Qx3r6l1nctzXqfRg3JUB"},"_chains":{"Bc/cXLfpRQEbwBZ8hRDCHznXP5Zr+oqCERQ8tdvBgiE9":{"chainKey":{"counter":0,"key":"g79VBmXNuEWakdktrhNL8u8QOynLis4ROLmeyX9tkpE="},"chainType":1,"messageKeys":{}}},"pendingPreKey":{"signedKeyId":13,"baseKey":"BUumtDzqMuRYmLUNNYu7NcxXZ5jzic59M9AQCOBsMT8m","preKeyId":12631243}}},"version":"v1"}