{"_sessions":{"Bd4inD11VPjwzw8A9hs/9oVp7i5TEEaMKw9dRdhNZuRg":{"registrationId":10596,"currentRatchet":{"ephemeralKeyPair":{"pubKey":"BQPcSi0tbBMjYWp5vAZXlVkfJ5m8LQdhSk3dLjesF7l6","privKey":"IEvnLA6rwQH7JC72ewIU6lNahz7TXOBMUYlZu1UVr2Y="},"lastRemoteEphemeralKey":"BYDnCQi1EBn8WVz7ESg0fWlnH0YKJ9M7ox9GJeMnDM0Q","previousCounter":0,"rootKey":"/cjqKOmZDrHXlRcgaIfe4yF6yw5yJa4C9mZITGk1V28="},"indexInfo":{"baseKey":"Bd4inD11VPjwzw8A9hs/9oVp7i5TEEaMKw9dRdhNZuRg","baseKeyType":1,"closed":-1,"used":1691326018754,"created":1691326018754,"remoteIdentityKey":"BVAk6cjw2+Z8klI1tDGKSGaVV4+BAPcaVGgx88+vOPIz"},"_chains":{"BQPcSi0tbBMjYWp5vAZXlVkfJ5m8LQdhSk3dLjesF7l6":{"chainKey":{"counter":0,"key":"Z4laKhEwpEQrUaxO8LrUrs+HpCZ1d3NUTl1QGgnYJtA="},"chainType":1,"messageKeys":{}}},"pendingPreKey":{"signedKeyId":1,"baseKey":"Bd4inD11VPjwzw8A9hs/9oVp7i5TEEaMKw9dRdhNZuRg"}}},"version":"v1"}