{"_sessions":{"BU8UPiCMwgNL9dPZbLFNxMIS3JoXsqN2J5rI4YvNchEL":{"registrationId":973114841,"currentRatchet":{"ephemeralKeyPair":{"pubKey":"Bd7r8eccR8C/AGU81RrpyDJsbRRize/P6jNwDfFlEipV","privKey":"CDdhPLKstBEeXIyotYS5+f2QCPRDj75tMiowf02WY2c="},"lastRemoteEphemeralKey":"BdablIkhpwzU9HkmyRylidSeSrdmZ5wfvft2HKYW6jwW","previousCounter":0,"rootKey":"cdymOD/X2bmt8YnUEGmPOnqlFUaNGBAG6AmK7HapGEQ="},"indexInfo":{"baseKey":"BU8UPiCMwgNL9dPZbLFNxMIS3JoXsqN2J5rI4YvNchEL","baseKeyType":1,"closed":-1,"used":1691326020066,"created":1691326020066,"remoteIdentityKey":"BRHKDyJMIdR4wmXlniCLwNPjs4oXBW6tRmoh6QUMkfMY"},"_chains":{"Bd7r8eccR8C/AGU81RrpyDJsbRRize/P6jNwDfFlEipV":{"chainKey":{"counter":0,"key":"8OZB0HnoGweTh467cu9Im+9G4bD3Tnmx9JZOijMa+TM="},"chainType":1,"messageKeys":{}}},"pendingPreKey":{"signedKeyId":0,"baseKey":"BU8UPiCMwgNL9dPZbLFNxMIS3JoXsqN2J5rI4YvNchEL"}}},"version":"v1"}