{"_sessions":{"BUOMEBsGWE17Oa5uG1R6VHSvOlbf/19GPiWMDHGfnjgP":{"registrationId":201809896,"currentRatchet":{"ephemeralKeyPair":{"pubKey":"BUYK+j5O7DKKcApfoQb71Bd+woRI2VPwoWwUm1/n/91K","privKey":"qNPP682StUfHQ6d7n/gfiINLrCBHFlhXDTzyWV+FZHk="},"lastRemoteEphemeralKey":"BahsNwNXzQGfo1LAPcIeYwrHTfBqvmKqDNUawhN8Pf0f","previousCounter":0,"rootKey":"r7mRzm2/BHhnlbaPmD/P40qJ7LVLdozeBoATWqJS94c="},"indexInfo":{"baseKey":"BUOMEBsGWE17Oa5uG1R6VHSvOlbf/19GPiWMDHGfnjgP","baseKeyType":1,"closed":-1,"used":1691326023439,"created":1691326023439,"remoteIdentityKey":"BevFBsSErGyYbOus1mHsV1Hr+dnqKPv8D+edLSa3yhFb"},"_chains":{"BUYK+j5O7DKKcApfoQb71Bd+woRI2VPwoWwUm1/n/91K":{"chainKey":{"counter":0,"key":"a3J8EZF10oD7ugtwxFErhSLsT/8lhf3aBd+/sMbipic="},"chainType":1,"messageKeys":{}}},"pendingPreKey":{"signedKeyId":0,"baseKey":"BUOMEBsGWE17Oa5uG1R6VHSvOlbf/19GPiWMDHGfnjgP"}}},"version":"v1"}