{"_sessions":{"BeqaQZqxbd0HEXGqszQMzg2rZP+mmrJQvCO044l7zIVP":{"registrationId":1143969193,"currentRatchet":{"ephemeralKeyPair":{"pubKey":"BRNIkfDqueGxrkoompNi5zxmKAWoGM5yW+ll6h67GS8k","privKey":"0C/83BIUX7csRfUkvgXACcmRmG/lzxPBUKzK9lYQqGU="},"lastRemoteEphemeralKey":"BdkW7j565yhNh4xOIOYlel+5xAfXwk58EgAEYH0kX9ZK","previousCounter":0,"rootKey":"CVLy8I1BY+R6jwv1ppkW/czqGCFmtAF6VlA0yZ8ZGpI="},"indexInfo":{"baseKey":"BeqaQZqxbd0HEXGqszQMzg2rZP+mmrJQvCO044l7zIVP","baseKeyType":1,"closed":-1,"used":1691326019348,"created":1691326019348,"remoteIdentityKey":"BQCNPErfTURzCfMFkrZ91xtQ6JpMnAv3WSC8njY0bT8C"},"_chains":{"BRNIkfDqueGxrkoompNi5zxmKAWoGM5yW+ll6h67GS8k":{"chainKey":{"counter":0,"key":"GhC6Nq6kJUFFuXuVqiBg2HvVGWUat3NLJNGyjOUBCpg="},"chainType":1,"messageKeys":{}}},"pendingPreKey":{"signedKeyId":0,"baseKey":"BeqaQZqxbd0HEXGqszQMzg2rZP+mmrJQvCO044l7zIVP"}}},"version":"v1"}