{"_sessions":{"BQ35ktlwvPEf4EoSDdbfEk1Jd4Xa8EzU6ggX0E3495Fk":{"registrationId":1691377607,"currentRatchet":{"ephemeralKeyPair":{"pubKey":"BQBJqSLqFSMBesGMnqq2z7LlU676f/8ya3fbIwRBhVlD","privKey":"YCXg6BGn5An58oh98gwpLz4DyywhaPZqv5zNkD9qoEI="},"lastRemoteEphemeralKey":"BbiVspDFbjHzUcCXkuRObgiWYwpWoYN1JaDE1vVnODRe","previousCounter":0,"rootKey":"V049uZ3LLGpk6N0q2UkhIofj5zpkwmHGafeSL8EW6Kg="},"indexInfo":{"baseKey":"BQ35ktlwvPEf4EoSDdbfEk1Jd4Xa8EzU6ggX0E3495Fk","baseKeyType":1,"closed":-1,"used":1691326020039,"created":1691326020039,"remoteIdentityKey":"BTzIngcecOUwEnMqVcBgiQu3E1lQzxLBBeFDN1nO0aAg"},"_chains":{"BQBJqSLqFSMBesGMnqq2z7LlU676f/8ya3fbIwRBhVlD":{"chainKey":{"counter":0,"key":"wSxVASJ5ZM7M4PLqnPkp2YHewHH/CLoEpqyTJ2EOy5A="},"chainType":1,"messageKeys":{}}},"pendingPreKey":{"signedKeyId":1,"baseKey":"BQ35ktlwvPEf4EoSDdbfEk1Jd4Xa8EzU6ggX0E3495Fk"}}},"version":"v1"}