{"_sessions":{"BYiQ/PbrfUxgTtVSmTNTljxDi08eDQC39EkOBEXtwq0W":{"registrationId":15645,"currentRatchet":{"ephemeralKeyPair":{"pubKey":"BQPq3yaxLGHpylAqYWICyqM/HQAHJ3iuls4s4B/8HTJR","privKey":"+J0Q0SiJYNGw3ir7Vj6BlmsXNYVD1aHGafCZLHw26lc="},"lastRemoteEphemeralKey":"BR/0SB/eRGQZdvOQlrImhD3/gPlL2LUU1CeR3X7qpLY/","previousCounter":0,"rootKey":"+fU0yQ7LOXwITLD5bbWAaFtZqTi3wOL8Abfbl/h86IE="},"indexInfo":{"baseKey":"BYiQ/PbrfUxgTtVSmTNTljxDi08eDQC39EkOBEXtwq0W","baseKeyType":1,"closed":-1,"used":1691325928362,"created":1691325928362,"remoteIdentityKey":"BUv0Pe6u9zPfG2vRXzAm6frS10GVTtS8POMnHVWzDV1y"},"_chains":{"BQPq3yaxLGHpylAqYWICyqM/HQAHJ3iuls4s4B/8HTJR":{"chainKey":{"counter":1,"key":"11tu4TQcxOPus1DE1Z9G5pSO+88xPkBxZaXJcISZGp8="},"chainType":1,"messageKeys":{}}},"pendingPreKey":{"signedKeyId":1,"baseKey":"BYiQ/PbrfUxgTtVSmTNTljxDi08eDQC39EkOBEXtwq0W","preKeyId":847}}},"version":"v1"}