{"_sessions":{"BSZJJFuDS2PDXLb1FOMSd1yiRetouN5LdSuI4Z3VgOx5":{"registrationId":1282464262,"currentRatchet":{"ephemeralKeyPair":{"pubKey":"BdqOsn1U6bYQn/ZnTTaN5AWWxASB6jfT4Q2AtrvJlrRt","privKey":"0Fl9HslT3rGmjUQ/I95rqbaahNYl/2JBD+WjWEKKk14="},"lastRemoteEphemeralKey":"Bar1p8qPXrUQnPXSSAspnnk2x0Rod9Gxpgxot/ETvqZO","previousCounter":0,"rootKey":"wnzqZakANx27GoAQRfduw9D1SLCBy/+FBGMWMCzqZ/4="},"indexInfo":{"baseKey":"BSZJJFuDS2PDXLb1FOMSd1yiRetouN5LdSuI4Z3VgOx5","baseKeyType":1,"closed":-1,"used":1691326021875,"created":1691326021875,"remoteIdentityKey":"BYwx8fV/e2PtCREyeJzfDu42PMwR9zueaBbixjqbxlg1"},"_chains":{"BdqOsn1U6bYQn/ZnTTaN5AWWxASB6jfT4Q2AtrvJlrRt":{"chainKey":{"counter":0,"key":"bFb9HSJAeissHv2tgdMZtlNUn9y38WN8FUg7nbLS0Lc="},"chainType":1,"messageKeys":{}}},"pendingPreKey":{"signedKeyId":2,"baseKey":"BSZJJFuDS2PDXLb1FOMSd1yiRetouN5LdSuI4Z3VgOx5","preKeyId":16075433}}},"version":"v1"}