{"_sessions":{"Bfnd3VMjGz8RPVS9oAHn1wo1H+B5uxvJ62ixCttf+zUD":{"registrationId":1410948952,"currentRatchet":{"ephemeralKeyPair":{"pubKey":"BWEx6huH/8f53PhJeU+VfPAFgQUEIMCIue3n0ZiiMVFj","privKey":"iI3qcJxT6yfj/mK3RcTPK7N9rPPnRCOpY9xjm4U/sFA="},"lastRemoteEphemeralKey":"BRKbru/JCvUIo9AyLlFLOX+bTYx5/UfYeAFiJh9uz4kU","previousCounter":0,"rootKey":"oggDy79j+BDaVNWZZ/tSK6n4fnTe9HQVc8EI+c/G3kY="},"indexInfo":{"baseKey":"Bfnd3VMjGz8RPVS9oAHn1wo1H+B5uxvJ62ixCttf+zUD","baseKeyType":1,"closed":-1,"used":1691325928527,"created":1691325928527,"remoteIdentityKey":"BYIZo+nJWTLDSv0QMP6sW8XSIzRB6a6PjNiG2k3qtIZS"},"_chains":{"BWEx6huH/8f53PhJeU+VfPAFgQUEIMCIue3n0ZiiMVFj":{"chainKey":{"counter":1,"key":"rHQxr761wxpZCGvzcp6wzZgWSkKyQsncAROU1xNd1rA="},"chainType":1,"messageKeys":{}}},"pendingPreKey":{"signedKeyId":1,"baseKey":"Bfnd3VMjGz8RPVS9oAHn1wo1H+B5uxvJ62ixCttf+zUD","preKeyId":16766513}}},"version":"v1"}