{"_sessions":{"BSWISR4DZObgwy1FgJQ8XrcMtPL/qlzuFDva2fxTPytv":{"registrationId":253410227,"currentRatchet":{"ephemeralKeyPair":{"pubKey":"Bb25HVplsSMVmv3SF5BNWwrQJSwU+HcCs0RM8oBXbnh4","privKey":"8LB0tJD09YrwbdBBGoRlpqU7Au+APXOUtEAcWTH6bVw="},"lastRemoteEphemeralKey":"BS0TofsF+bRF/69NOyFX6XhEctPnU/HFZQJ5szWKCyk8","previousCounter":0,"rootKey":"+zumvB9rko2mzoqMvTDAOggu1J/uG2vb3u9OVxE9DFw="},"indexInfo":{"baseKey":"BSWISR4DZObgwy1FgJQ8XrcMtPL/qlzuFDva2fxTPytv","baseKeyType":1,"closed":-1,"used":1691326023445,"created":1691326023445,"remoteIdentityKey":"BWzZI2ViQRdGxFh/c485BlTi7bhW7FGO0OnmURu5RnJW"},"_chains":{"Bb25HVplsSMVmv3SF5BNWwrQJSwU+HcCs0RM8oBXbnh4":{"chainKey":{"counter":0,"key":"3z4NhQt6MOhA+zK5c988bjLJZysF5obFAwmFDsUjpYY="},"chainType":1,"messageKeys":{}}},"pendingPreKey":{"signedKeyId":0,"baseKey":"BSWISR4DZObgwy1FgJQ8XrcMtPL/qlzuFDva2fxTPytv"}}},"version":"v1"}