{"_sessions":{"BTGNo7qCgKcICtGDDnOmZ+jW1FRlKM55p99tjZxsKjh9":{"registrationId":1502619322,"currentRatchet":{"ephemeralKeyPair":{"pubKey":"BU2wYD3bht9wfwBsvNuXW/WLH0lJFIWZ8UP0UKht2PVE","privKey":"AN3E22kJsCo3XV5ny43nDF14FHQvPZG6LncarK3hxHk="},"lastRemoteEphemeralKey":"Bb6lGtA5GFghenS9y8UaqNyilqqLLPG1RIH5dvDYQZxG","previousCounter":0,"rootKey":"Ld+gjwpuyupl8xuFOjVjK/mrjl3akY/uAw8KmgWDPEg="},"indexInfo":{"baseKey":"BTGNo7qCgKcICtGDDnOmZ+jW1FRlKM55p99tjZxsKjh9","baseKeyType":1,"closed":-1,"used":1691326021259,"created":1691326021259,"remoteIdentityKey":"Bc/2oeih9dVfnprT1ar0yRoHI2Mo2Z+xc5pEjb3QKY0h"},"_chains":{"BU2wYD3bht9wfwBsvNuXW/WLH0lJFIWZ8UP0UKht2PVE":{"chainKey":{"counter":0,"key":"hCwja+nPMR/hCc5GIfI5g1ampiD5E1mTMTA5KFI2j9M="},"chainType":1,"messageKeys":{}}},"pendingPreKey":{"signedKeyId":0,"baseKey":"BTGNo7qCgKcICtGDDnOmZ+jW1FRlKM55p99tjZxsKjh9"}}},"version":"v1"}