{"_sessions":{"BfA6YgV/xSXXRHHT31IZpNEcR8QjG6igyKiTlcCMvwNo":{"registrationId":1908931865,"currentRatchet":{"ephemeralKeyPair":{"pubKey":"BVjPcD9ANzFVfUbNzQ+C2L3lFKaF4zMUyPsh3N75bNoh","privKey":"OMRp2sZJ5i7IlGf+qB5N4ARMjGrAurau4tltSnowT28="},"lastRemoteEphemeralKey":"BW6mDgMFS8/mdw98qBO78uUGIOz7YrA3l06HWy58+5ln","previousCounter":0,"rootKey":"1vGIKuXysAWayvk3GVPQ5w/1Ik6dKAjI6wJX++dFL+4="},"indexInfo":{"baseKey":"BfA6YgV/xSXXRHHT31IZpNEcR8QjG6igyKiTlcCMvwNo","baseKeyType":1,"closed":-1,"used":1691326022774,"created":1691326022774,"remoteIdentityKey":"BbKWdEV6EMBETjI52w06nAL+GrcP+BNSJYkqVSsUpSZs"},"_chains":{"BVjPcD9ANzFVfUbNzQ+C2L3lFKaF4zMUyPsh3N75bNoh":{"chainKey":{"counter":0,"key":"wze4v6L/K7rW34xI5WVdVBiVxzxpckRaN+sA2QbSuro="},"chainType":1,"messageKeys":{}}},"pendingPreKey":{"signedKeyId":7,"baseKey":"BfA6YgV/xSXXRHHT31IZpNEcR8QjG6igyKiTlcCMvwNo","preKeyId":12074855}}},"version":"v1"}