{"_sessions":{"BQWjIwt7cA2ljdmpba9HUmkP82Pjc3+FGvhEnA6rb7AQ":{"registrationId":1392149754,"currentRatchet":{"ephemeralKeyPair":{"pubKey":"Be7J/QmCcw6JSFK5kEkhsu+S8zsjeW+BACq59wYT4RMF","privKey":"wJSjQuTQJFaK31zvEp56w/8SeyUu/xdQODOUeY0LFHM="},"lastRemoteEphemeralKey":"BZIEXX/Zi6B9QlE6pczl2VrXA74TkZdSBgvzA2BH7wNa","previousCounter":0,"rootKey":"bt9VKljMqNLoj1FFIFT9m5a/sf2T7kwPrAqeY/Y7zKg="},"indexInfo":{"baseKey":"BQWjIwt7cA2ljdmpba9HUmkP82Pjc3+FGvhEnA6rb7AQ","baseKeyType":1,"closed":-1,"used":1691325928659,"created":1691325928659,"remoteIdentityKey":"BRJQ0JmhgiRwD5wEKKJCxaRzxadGlanQ7I3dfLzd6aUo"},"_chains":{"Be7J/QmCcw6JSFK5kEkhsu+S8zsjeW+BACq59wYT4RMF":{"chainKey":{"counter":1,"key":"CznholiYVbQHL891gqRuCsGRFap6q0pR5wXJ77Wc6UQ="},"chainType":1,"messageKeys":{}}},"pendingPreKey":{"signedKeyId":1,"baseKey":"BQWjIwt7cA2ljdmpba9HUmkP82Pjc3+FGvhEnA6rb7AQ","preKeyId":8203792}}},"version":"v1"}