{"_sessions":{"BUrFy4YGe5OkpaMnBhDNJi4DAOi8WoCNQ7U7mXptD59c":{"registrationId":1706171943,"currentRatchet":{"ephemeralKeyPair":{"pubKey":"BeG/MkTqB19GT3WIKwNwvDJasECfsRHO/oma3aKJzdUd","privKey":"+DHTyLgJ1RVaenz7O+Bc4qNOMWkOblmoX5eV5vTBtkM="},"lastRemoteEphemeralKey":"BfGwcpZdfu6snZ9/penM6DrzSulZMn6jOrqIUM2WI/0k","previousCounter":0,"rootKey":"vFmFRpWFn/DbAcMn9tBYq3VPTPY6qjv/xlkSWVspmGM="},"indexInfo":{"baseKey":"BUrFy4YGe5OkpaMnBhDNJi4DAOi8WoCNQ7U7mXptD59c","baseKeyType":1,"closed":-1,"used":1691326023928,"created":1691326023928,"remoteIdentityKey":"BWY8V701sPpPqaQAIbkaMwFAajdfR7YT7Rzjt3GGggpw"},"_chains":{"BeG/MkTqB19GT3WIKwNwvDJasECfsRHO/oma3aKJzdUd":{"chainKey":{"counter":0,"key":"viqr6hRGVRQMAmMjH1N6Z5oE6LS8fHsDp1bzg5EBKY4="},"chainType":1,"messageKeys":{}}},"pendingPreKey":{"signedKeyId":1741424,"baseKey":"BUrFy4YGe5OkpaMnBhDNJi4DAOi8WoCNQ7U7mXptD59c","preKeyId":10208}}},"version":"v1"}