{"_sessions":{"BR69psrxu/CsTeY4Is4808YoUZQwkYXaHy7bOdZLH1dY":{"registrationId":282300958,"currentRatchet":{"ephemeralKeyPair":{"pubKey":"BSd4tp4NHDHNP2LPwhn+AG1qx1zw9Bw30AIn66vsWB5/","privKey":"6O34r/Ha5K0/ckFm9QqHE+QoYcjPlJhWg71rwlov0WI="},"lastRemoteEphemeralKey":"BVxXbTjR3Gt78+SBgyU1jn1qmELoJKxs5LMeIhQT2C8X","previousCounter":0,"rootKey":"CsTkqupI5Lq+S6rHzRDYZN8Jwb77CPEIDZPPxABNks0="},"indexInfo":{"baseKey":"BR69psrxu/CsTeY4Is4808YoUZQwkYXaHy7bOdZLH1dY","baseKeyType":1,"closed":-1,"used":1691326021030,"created":1691326021030,"remoteIdentityKey":"BUI/PvwJxX2TTGBk3TnNFVgbXax9C/6fOB9aJ2UFdTUm"},"_chains":{"BSd4tp4NHDHNP2LPwhn+AG1qx1zw9Bw30AIn66vsWB5/":{"chainKey":{"counter":0,"key":"89cccIbI2pIceFaPyMFWE/l7JWG9vl15+kDRtumIkbg="},"chainType":1,"messageKeys":{}}},"pendingPreKey":{"signedKeyId":7,"baseKey":"BR69psrxu/CsTeY4Is4808YoUZQwkYXaHy7bOdZLH1dY","preKeyId":6065332}}},"version":"v1"}