{"_sessions":{"Bc5xQzG+vwuvKbm6GC8QhCQYjHKpJdN+AYhAz/+NS3Qr":{"registrationId":1779619309,"currentRatchet":{"ephemeralKeyPair":{"pubKey":"BZHZNkDnqne2IaEngeltXdB2NNr/IvdT8qiVphrmN6V/","privKey":"yNMtKUGXU643QdA6KsBAnhuWdMjX6oPJwWlaDPkra2E="},"lastRemoteEphemeralKey":"BTjFiqxLcwVFpZmI1FrtYth1wPov9xtn2CQwaz6/+FtO","previousCounter":0,"rootKey":"JfZQPzwP80a11ikLMcBStkd25D64llgXzsuCgWRdET4="},"indexInfo":{"baseKey":"Bc5xQzG+vwuvKbm6GC8QhCQYjHKpJdN+AYhAz/+NS3Qr","baseKeyType":1,"closed":-1,"used":1691326021435,"created":1691326021435,"remoteIdentityKey":"BUKOLVSx7x2GeZsHJwarNGFzd7OqzEqDaXiz0GWYbaZb"},"_chains":{"BZHZNkDnqne2IaEngeltXdB2NNr/IvdT8qiVphrmN6V/":{"chainKey":{"counter":0,"key":"C9oX3tVjUhvqz1PuKxCoJjsYrKWoniSgXQvoInX0UWc="},"chainType":1,"messageKeys":{}}},"pendingPreKey":{"signedKeyId":15,"baseKey":"Bc5xQzG+vwuvKbm6GC8QhCQYjHKpJdN+AYhAz/+NS3Qr"}}},"version":"v1"}