{"_sessions":{"BXZk1iIow9Ibt9I4zF+m13atswrTdghRK0RfL4Cn5J5A":{"registrationId":761074510,"currentRatchet":{"ephemeralKeyPair":{"pubKey":"BU6Dp5UG1gATZGKpEjBMJ4sOxkG7mP/38IkoRBrgWxgB","privKey":"GP6cyNMW7QfdAJD8yagCTPENWfmRdAtlzX9wcaScT0Q="},"lastRemoteEphemeralKey":"BaMlyF4aOQi6d7nMGEwjzxOenif/w/rcwJmO8bGl7b9f","previousCounter":0,"rootKey":"q/Sc3LJniiBqrKjK/W9xs1wGOkGiTiNv6eSCSgnFH3U="},"indexInfo":{"baseKey":"BXZk1iIow9Ibt9I4zF+m13atswrTdghRK0RfL4Cn5J5A","baseKeyType":1,"closed":-1,"used":1691326019655,"created":1691326019655,"remoteIdentityKey":"BcTepdUtGkRM/nzAL7dSmgNByEHmBGkiT7QXNZLLu5Jj"},"_chains":{"BU6Dp5UG1gATZGKpEjBMJ4sOxkG7mP/38IkoRBrgWxgB":{"chainKey":{"counter":0,"key":"x2QBkE68ixOnOrByol+lrWNwitVlZlT0+AcM+Uaan8I="},"chainType":1,"messageKeys":{}}},"pendingPreKey":{"signedKeyId":2,"baseKey":"BXZk1iIow9Ibt9I4zF+m13atswrTdghRK0RfL4Cn5J5A"}}},"version":"v1"}