{"_sessions":{"BRkj+TyLlHIK6DiznzEZVIOXo6S9xujLWwRDZAcrCTI1":{"registrationId":216208847,"currentRatchet":{"ephemeralKeyPair":{"pubKey":"BYivbe+yXnPWWa7gzc/YAhgwEGTRvp4o77ej/ZCyCN1c","privKey":"yPse6XSNi41VVcAYmNkOWeU/AQJitI7ZmlOt2lc5hlU="},"lastRemoteEphemeralKey":"BWICrIcj1xyeRcnFRnTxDilb8hoqZ15ODN4IWYLjLWV9","previousCounter":0,"rootKey":"CBcPP8K/ejhZdP4cEKQf3C0DVBFu5OH3jPzpcfW0Nuk="},"indexInfo":{"baseKey":"BRkj+TyLlHIK6DiznzEZVIOXo6S9xujLWwRDZAcrCTI1","baseKeyType":1,"closed":-1,"used":1691325929875,"created":1691325929875,"remoteIdentityKey":"BSHjMqoE6fQzS6QEFu3yrKi3OVesRU64mc+9AYspYXNP"},"_chains":{"BYivbe+yXnPWWa7gzc/YAhgwEGTRvp4o77ej/ZCyCN1c":{"chainKey":{"counter":2,"key":"xa81hDt7qH2X4OjEX8+/SEBhO4O19izviz8OxiHUji0="},"chainType":1,"messageKeys":{}}},"pendingPreKey":{"signedKeyId":1,"baseKey":"BRkj+TyLlHIK6DiznzEZVIOXo6S9xujLWwRDZAcrCTI1"}}},"version":"v1"}