{"_sessions":{"BdsK4btF7Xo2J6lQMy5SCVejXGgllap1H2YLZuBUeNBO":{"registrationId":734169640,"currentRatchet":{"ephemeralKeyPair":{"pubKey":"Bci76EDvWAjLY77vtxEx9Z7RSQUTD8von4NVr0n4Siku","privKey":"YKTcPzVNBYdl/IaDDCpyT/V1nPL+H5j5aiTKXttEA1k="},"lastRemoteEphemeralKey":"BectMkZQ1+PYI97ADMuGKjLB25LcI3hnYVo7PkRnoogE","previousCounter":0,"rootKey":"3lSsT5qZZUUP5gJUkO8XZQd8ja+xz38N+9UzheKTcCM="},"indexInfo":{"baseKey":"BdsK4btF7Xo2J6lQMy5SCVejXGgllap1H2YLZuBUeNBO","baseKeyType":1,"closed":-1,"used":1691326019262,"created":1691326019262,"remoteIdentityKey":"BYSJMLmudRzWenBhOG/rYvkdPu0k1fCyZ6Rs6/sBoJkK"},"_chains":{"Bci76EDvWAjLY77vtxEx9Z7RSQUTD8von4NVr0n4Siku":{"chainKey":{"counter":0,"key":"dqmqIUJDF1cn6g7y8AjbQ64qgee7hQl5NJT8NWzKGVk="},"chainType":1,"messageKeys":{}}},"pendingPreKey":{"signedKeyId":0,"baseKey":"BdsK4btF7Xo2J6lQMy5SCVejXGgllap1H2YLZuBUeNBO"}}},"version":"v1"}