{"_sessions":{"BQXegGds0j58yJ1FJxJUrYZPDU/Kf1M1SbMS5BJzBQYc":{"registrationId":673682145,"currentRatchet":{"ephemeralKeyPair":{"pubKey":"BcF/7I3PeXjDDCGD0f36f/Q4yEev0ujCULhbgFl+Ue0Y","privKey":"mGUaMEgMDUpgVERFdOz/T7PhaKfaanx9RnsKy9QIFXw="},"lastRemoteEphemeralKey":"BW/dHEflyOUvW2Vuu+14/vMce+HZdAU0sCJdTQyhXcYn","previousCounter":0,"rootKey":"7eIvveNoB8b+NNi7YWJR8abPpJ+ZGr2WzuyW0UO2Ib4="},"indexInfo":{"baseKey":"BQXegGds0j58yJ1FJxJUrYZPDU/Kf1M1SbMS5BJzBQYc","baseKeyType":1,"closed":-1,"used":1691326021339,"created":1691326021339,"remoteIdentityKey":"BQ3CguavyPLq7WPJoBc1aPS5k9dbQuFRQmeRdum/aK8y"},"_chains":{"BcF/7I3PeXjDDCGD0f36f/Q4yEev0ujCULhbgFl+Ue0Y":{"chainKey":{"counter":0,"key":"OcH46q4s1Gq1mlNkObCXvj8/uc621z+YmskZWvl9DGE="},"chainType":1,"messageKeys":{}}},"pendingPreKey":{"signedKeyId":0,"baseKey":"BQXegGds0j58yJ1FJxJUrYZPDU/Kf1M1SbMS5BJzBQYc","preKeyId":4881797}}},"version":"v1"}