{"_sessions":{"Bf3u/Is3h+t6ddz0H8Fre107VLKqJX3aEenE2kQxTWFu":{"registrationId":285763952,"currentRatchet":{"ephemeralKeyPair":{"pubKey":"BSn/0aDn4VqQNowyh+nvKyfYMTIR00dTcyT/7vjMAD0G","privKey":"ePAGKkifaY9cndbCQMb0p/+vFkMJ5O6/xZx//GHBdGM="},"lastRemoteEphemeralKey":"BVWLEzNMMyPNRQaGGkgC6n1hUdQ6uGlAIguueFtA+lty","previousCounter":0,"rootKey":"u6WjFGNVOHXgJYW+nrkYD1byzmLme3uFW9EsvHSoTKU="},"indexInfo":{"baseKey":"Bf3u/Is3h+t6ddz0H8Fre107VLKqJX3aEenE2kQxTWFu","baseKeyType":1,"closed":-1,"used":1691326024235,"created":1691326024235,"remoteIdentityKey":"BUdwlNS924jcTpwg7X0IVgoy93rSRW0TPnezTPEOy7FF"},"_chains":{"BSn/0aDn4VqQNowyh+nvKyfYMTIR00dTcyT/7vjMAD0G":{"chainKey":{"counter":0,"key":"Vk3gJ+SVWEDsXOjUisu5ly91XdlWGyxLlMxtUFT/WTQ="},"chainType":1,"messageKeys":{}}},"pendingPreKey":{"signedKeyId":0,"baseKey":"Bf3u/Is3h+t6ddz0H8Fre107VLKqJX3aEenE2kQxTWFu"}}},"version":"v1"}