{"_sessions":{"BWO7sn6HoFMpebkTX1wqTnsaJ7HaddMEEUXfg9aHuRsI":{"registrationId":1451173844,"currentRatchet":{"ephemeralKeyPair":{"pubKey":"BQaAqiAAjPMRhBR5gBlGslqqwg58zvjEoO5R7dWxfcsw","privKey":"4PXQdfQCJAkm4HJ9/6MAeLiDHwWj+hBPne3NkZoZ3XY="},"lastRemoteEphemeralKey":"BSEU09nek6+Bx03EGRAT7qO6wRzRp6P3SVW4xpuKp/F/","previousCounter":0,"rootKey":"tZ2m3hGGpm1eTUCNmGSLYay/LRWXAMqTWbWqnb8dvqo="},"indexInfo":{"baseKey":"BWO7sn6HoFMpebkTX1wqTnsaJ7HaddMEEUXfg9aHuRsI","baseKeyType":1,"closed":-1,"used":1691326019253,"created":1691326019253,"remoteIdentityKey":"BeELFChnKeCnN5cLK7t8RytAFn6GGL6MO+6sSeY4FHgH"},"_chains":{"BQaAqiAAjPMRhBR5gBlGslqqwg58zvjEoO5R7dWxfcsw":{"chainKey":{"counter":0,"key":"3zWBNylYj1ouf/wjUcRc0FfNBGVVU9lhlhiqCZSFgOI="},"chainType":1,"messageKeys":{}}},"pendingPreKey":{"signedKeyId":14,"baseKey":"BWO7sn6HoFMpebkTX1wqTnsaJ7HaddMEEUXfg9aHuRsI"}}},"version":"v1"}