{"_sessions":{"BcJXfNiYU7KqDIviXBW2LpvqV6fXH4o3xQmgD2nwIk9d":{"registrationId":1679714366,"currentRatchet":{"ephemeralKeyPair":{"pubKey":"BdViw6F9OIGS38QThQm+7cZbwC2VBXozH+Wtly7mqk0W","privKey":"4E/A5HD5QPjbk+TamPDmI47YFJOWunX80q49XNKQMFA="},"lastRemoteEphemeralKey":"BVB9h8hazsVMv3dH9wEy/aPMc/UTbCqTBRICx6fiFE0b","previousCounter":0,"rootKey":"OhxZTWOWQt+AQxrq3FvNmB4beQm8ouZClO2OHRyHUw8="},"indexInfo":{"baseKey":"BcJXfNiYU7KqDIviXBW2LpvqV6fXH4o3xQmgD2nwIk9d","baseKeyType":1,"closed":-1,"used":1691326021227,"created":1691326021227,"remoteIdentityKey":"BVdfJaG4RW1Od0gEFC4pasUxgl/Du8bOocXeWUCkV/pi"},"_chains":{"BdViw6F9OIGS38QThQm+7cZbwC2VBXozH+Wtly7mqk0W":{"chainKey":{"counter":0,"key":"bEpJTP1vE8W+8xK5YX7ciuA7wpGsqbP1qq8DTOgE3SA="},"chainType":1,"messageKeys":{}}},"pendingPreKey":{"signedKeyId":0,"baseKey":"BcJXfNiYU7KqDIviXBW2LpvqV6fXH4o3xQmgD2nwIk9d"}}},"version":"v1"}