{"_sessions":{"BYdFIgQvGcJeyJVrFMeUO9pmhpF2NhWifo/sRWKLjrkf":{"registrationId":511815880,"currentRatchet":{"ephemeralKeyPair":{"pubKey":"BedaZBGqYhHCkL5T8WTlowUfnpMM+Ux2Z6DrDOdJGsQQ","privKey":"oJMUPaabCjfO8PTsY3Z8Ed0rzW5u4JBinLwZv5aYBmY="},"lastRemoteEphemeralKey":"BRotZhkLlc26MNtFYH8dUrjsA8ABgKS1ZmQUY2q7kdES","previousCounter":0,"rootKey":"lvk9V7ZBCmLMF7bbqKldo395OnayFqcrUQq2v+nCr8w="},"indexInfo":{"baseKey":"BYdFIgQvGcJeyJVrFMeUO9pmhpF2NhWifo/sRWKLjrkf","baseKeyType":1,"closed":-1,"used":1691325929645,"created":1691325929645,"remoteIdentityKey":"BS0dF/Q7a50rySwXGpoGWr4LcCxDCicy4sUBUAUWek9E"},"_chains":{"BedaZBGqYhHCkL5T8WTlowUfnpMM+Ux2Z6DrDOdJGsQQ":{"chainKey":{"counter":1,"key":"/Xi8Zxo3Azx0dTlTCTJiXghi7AKRATfpx2Qz9eYhOvI="},"chainType":1,"messageKeys":{}}},"pendingPreKey":{"signedKeyId":29,"baseKey":"BYdFIgQvGcJeyJVrFMeUO9pmhpF2NhWifo/sRWKLjrkf","preKeyId":7307768}}},"version":"v1"}