{"_sessions":{"BYh13TjRFNo8as0MpwUlmIemD+IOz8o/uVDdGpY0Cmt9":{"registrationId":1721254547,"currentRatchet":{"ephemeralKeyPair":{"pubKey":"BWcS9Na+fQ1AC3mwvvgJq3vPy+U82nQnUaBUz8iBJiVb","privKey":"eE/iW+KbNTpnpQHxaLUCP2ojO8pIvY0GfYOpfePGzlo="},"lastRemoteEphemeralKey":"BdaA+VeB9tLrFIFoof/zsqdiNkvTiEoB3RA7xhOEGod8","previousCounter":0,"rootKey":"unQkSzjmki/A9oHPbexaaZpO/8YhJxCNPCoVEpF2TMc="},"indexInfo":{"baseKey":"BYh13TjRFNo8as0MpwUlmIemD+IOz8o/uVDdGpY0Cmt9","baseKeyType":1,"closed":-1,"used":1691326021164,"created":1691326021164,"remoteIdentityKey":"BW62CUGcf0mJFuau1YIVMbfFWdoE/ceN2QBzf5PvaoQH"},"_chains":{"BWcS9Na+fQ1AC3mwvvgJq3vPy+U82nQnUaBUz8iBJiVb":{"chainKey":{"counter":0,"key":"XOlJWdaHLnI+24kgc4JOPavMyZb6yyY02IZVFn4R6qs="},"chainType":1,"messageKeys":{}}},"pendingPreKey":{"signedKeyId":0,"baseKey":"BYh13TjRFNo8as0MpwUlmIemD+IOz8o/uVDdGpY0Cmt9"}}},"version":"v1"}