{"_sessions":{"Bd9XX8YmZXRik9cL7g2kCKMdybvJ97uawm5JfYy3hVcV":{"registrationId":1140669829,"currentRatchet":{"ephemeralKeyPair":{"pubKey":"BbfhOEV0fGaYXHJ027YrZNCrQMNsY8TbkTPsp6UkYlV0","privKey":"OIDU2Py0M9k+Gx/0u+s+pJoHa3YURg6se/K7oKV490s="},"lastRemoteEphemeralKey":"BXq/pXZGupYo4BbVQViCFbW7HIYqhLN+4nQ5qhPxO5EK","previousCounter":0,"rootKey":"X3ykOPlDR2bk6zXulpT6XgSQgPaq+5LJqLh9GCEyePo="},"indexInfo":{"baseKey":"Bd9XX8YmZXRik9cL7g2kCKMdybvJ97uawm5JfYy3hVcV","baseKeyType":1,"closed":-1,"used":1691325929137,"created":1691325929137,"remoteIdentityKey":"BTcBfZvakL8TsSDl0b4pJDdQvsMD/d4D/s8999S+rLID"},"_chains":{"BbfhOEV0fGaYXHJ027YrZNCrQMNsY8TbkTPsp6UkYlV0":{"chainKey":{"counter":1,"key":"6m08ZYxTDAyx9ZYLleqpP8R7czO92aig/GrDlEPJd5o="},"chainType":1,"messageKeys":{}}},"pendingPreKey":{"signedKeyId":19,"baseKey":"Bd9XX8YmZXRik9cL7g2kCKMdybvJ97uawm5JfYy3hVcV","preKeyId":3152439}}},"version":"v1"}