{"_sessions":{"BdgTCZzBTtQV/WRwV3FCwPGYjcxOJM6lg90yqa5/PitI":{"registrationId":375444396,"currentRatchet":{"ephemeralKeyPair":{"pubKey":"BW5ROm6lSzfVjhcNJt0bmjGJrCIpemChnEtGoLAfubx9","privKey":"2DonebrFZHSjduLgwHCyU5QWZ/5L3sFRkyuoqr393m4="},"lastRemoteEphemeralKey":"BfP8oCO4chMlQRuhMlKi3kaEChl+i/1NNp0E/7+rQwpd","previousCounter":0,"rootKey":"sSm/q0cUqgb/Wk0f1Bd02RrDsr+pN8NF3j0Pqz8PXgg="},"indexInfo":{"baseKey":"BdgTCZzBTtQV/WRwV3FCwPGYjcxOJM6lg90yqa5/PitI","baseKeyType":1,"closed":-1,"used":1691325928950,"created":1691325928950,"remoteIdentityKey":"BcgQ1TrcFWZyXI4kQmzQBCzf2l8oFE+a9fCDGJwh8AUU"},"_chains":{"BW5ROm6lSzfVjhcNJt0bmjGJrCIpemChnEtGoLAfubx9":{"chainKey":{"counter":1,"key":"oy8+WKzEjlUUVfZyhScnXWtW0raR4YprboVqT0CuSrA="},"chainType":1,"messageKeys":{}}},"pendingPreKey":{"signedKeyId":11,"baseKey":"BdgTCZzBTtQV/WRwV3FCwPGYjcxOJM6lg90yqa5/PitI","preKeyId":14988770}}},"version":"v1"}