{"_sessions":{"BfqOzzIcm7YfrYkDPym17LOIdc2PM3QnuktLS2NX3hw8":{"registrationId":135050220,"currentRatchet":{"ephemeralKeyPair":{"pubKey":"BWem9vV/6UrU/OXqlhVy9aAVbUoPNGWdKTzX8A3AmP8d","privKey":"mFT6ihT5reAWYVWBQg8WHOqRANDdqnHQa9GGCC9PQWs="},"lastRemoteEphemeralKey":"BevDdkUXzbHDwN4zUktS4SniCLLZTCmgBk49GlVjMCwo","previousCounter":0,"rootKey":"LsI2h6Ukrlm/kYsZZpGbU4XXpxJZWUQB0l5eny5izGs="},"indexInfo":{"baseKey":"BfqOzzIcm7YfrYkDPym17LOIdc2PM3QnuktLS2NX3hw8","baseKeyType":1,"closed":-1,"used":1691326020568,"created":1691326020568,"remoteIdentityKey":"BRierVRAeFgvjZr242r9gqYEPC1Cd3vpVR6nI7MpxGZl"},"_chains":{"BWem9vV/6UrU/OXqlhVy9aAVbUoPNGWdKTzX8A3AmP8d":{"chainKey":{"counter":0,"key":"mcPR4gUdpVYSJXLSKasffON8Ew25lamqI565yAulz/c="},"chainType":1,"messageKeys":{}}},"pendingPreKey":{"signedKeyId":2,"baseKey":"BfqOzzIcm7YfrYkDPym17LOIdc2PM3QnuktLS2NX3hw8","preKeyId":9012080}}},"version":"v1"}