{"_sessions":{"BTsc66Vm7HO9qg0v/YOKJ0McV/+WYDdbi9OsikmVfNIm":{"registrationId":168577345,"currentRatchet":{"ephemeralKeyPair":{"pubKey":"BRkonEhRg+V5Dmv54uVFN49lYp3fL/SiKBhjBo8Xlioo","privKey":"uGOrfHzAh/sIZdwGSFvQNkH+4rkRlf8yknzrlG0D3UQ="},"lastRemoteEphemeralKey":"BY/nPNrlnTZWawpWhojD80Eoi7hsN6yu3/BTV6S17fpR","previousCounter":0,"rootKey":"Ag8t/Y22ZqGd+kngI49QkEOKc4Jpo8M+giV4ba3g0/w="},"indexInfo":{"baseKey":"BTsc66Vm7HO9qg0v/YOKJ0McV/+WYDdbi9OsikmVfNIm","baseKeyType":1,"closed":-1,"used":1691326020046,"created":1691326020046,"remoteIdentityKey":"BcAuvzqgAqXumR5fEgMOo3oStBVA3loI+kJkGt7YjkBU"},"_chains":{"BRkonEhRg+V5Dmv54uVFN49lYp3fL/SiKBhjBo8Xlioo":{"chainKey":{"counter":0,"key":"OBTGHyd1MD6oIDDE+/Qa6iuxTo+FP+NYRz/CJjck9go="},"chainType":1,"messageKeys":{}}},"pendingPreKey":{"signedKeyId":0,"baseKey":"BTsc66Vm7HO9qg0v/YOKJ0McV/+WYDdbi9OsikmVfNIm"}}},"version":"v1"}