{"_sessions":{"BfxsLEQK22Qm0l/h/gLtEyXU5txH64nlGsnRZGBE46d4":{"registrationId":168351519,"currentRatchet":{"ephemeralKeyPair":{"pubKey":"BUry8z5+NEy9FzycQ4As8r+UxaJp1u/84ADzhutJT/Zo","privKey":"CPzRhZewN+vP9SLuYBKloFSmlQoRphDWlmVzv8LCJnM="},"lastRemoteEphemeralKey":"Bb7ZTIwhp+QmnzOsQrXCiBXVTq9/2irNe1TrRU3/duYM","previousCounter":0,"rootKey":"Au11YXKJU2/yxvXyVuiTQhTCemQYmG4D+my9h4+sUCI="},"indexInfo":{"baseKey":"BfxsLEQK22Qm0l/h/gLtEyXU5txH64nlGsnRZGBE46d4","baseKeyType":1,"closed":-1,"used":1691326019679,"created":1691326019679,"remoteIdentityKey":"BTS6WfeJXBW+UsYykWWm8NIbzhn8cxvKjzDA5q3AlqoI"},"_chains":{"BUry8z5+NEy9FzycQ4As8r+UxaJp1u/84ADzhutJT/Zo":{"chainKey":{"counter":0,"key":"UkbANCauf27H0rjO9pktfA2NMSUqe6Ri4AOaVen4h6M="},"chainType":1,"messageKeys":{}}},"pendingPreKey":{"signedKeyId":0,"baseKey":"BfxsLEQK22Qm0l/h/gLtEyXU5txH64nlGsnRZGBE46d4","preKeyId":10060595}}},"version":"v1"}