{"_sessions":{"BZF5vvJodn8nFD8cuOJUBU8Qb7nMBjhBYVGomIXLZORR":{"registrationId":1484340106,"currentRatchet":{"ephemeralKeyPair":{"pubKey":"BQhTT0MLRjdfcl9X9GS2nG4C+vQqr6Ui7gcmEJC15Gd4","privKey":"gKiX9jASSVDfA2XN7xVg1w3r+QGjNAhNSTs3BYoAlHQ="},"lastRemoteEphemeralKey":"BT7QtN38a1sKQGpLuQYmyWw8WOnxYNdv8erjuO84LMsD","previousCounter":0,"rootKey":"lC44CmpmS3Ig6n9vhRoJl3VR/zawyuc8XJCiW6jkV3M="},"indexInfo":{"baseKey":"BZF5vvJodn8nFD8cuOJUBU8Qb7nMBjhBYVGomIXLZORR","baseKeyType":1,"closed":-1,"used":1691325929442,"created":1691325929442,"remoteIdentityKey":"BYK8u47Rrc+Irg+MKK+BXHJxw0Mwsg1vLYR2sNtgAE9T"},"_chains":{"BQhTT0MLRjdfcl9X9GS2nG4C+vQqr6Ui7gcmEJC15Gd4":{"chainKey":{"counter":1,"key":"BF9Ih9i1gRy0fgJwsuT0ds9+xPL8HC+2Pnv3Vor4afo="},"chainType":1,"messageKeys":{}}},"pendingPreKey":{"signedKeyId":5,"baseKey":"BZF5vvJodn8nFD8cuOJUBU8Qb7nMBjhBYVGomIXLZORR","preKeyId":14358138}}},"version":"v1"}