{"_sessions":{"BbciLScYv6GdCsMhO5nqqzIzRbstd3YXj0Crd2z2/V0l":{"registrationId":50977433,"currentRatchet":{"ephemeralKeyPair":{"pubKey":"BYBT6GJzH7voM4JTjI7AHl5+NS9Vgl1TRTiQABToWGlc","privKey":"8AOza5nTNUJQ3bkVRWUMlQUfRMF4znFjajY4+kakamE="},"lastRemoteEphemeralKey":"BcvXRaw8CU80qP2OYe0aT8+SRG1zkGxlo0MX1TmJ9OZs","previousCounter":0,"rootKey":"KT8aydO9f25Fe8VZYxklAzq5W2NOwlj0u6ISGHKNJUk="},"indexInfo":{"baseKey":"BbciLScYv6GdCsMhO5nqqzIzRbstd3YXj0Crd2z2/V0l","baseKeyType":1,"closed":-1,"used":1691326019735,"created":1691326019735,"remoteIdentityKey":"BRs9HD2GM/bG7I1z0i1Ae9OAeGjTFupiDYHQN9zxkwZn"},"_chains":{"BYBT6GJzH7voM4JTjI7AHl5+NS9Vgl1TRTiQABToWGlc":{"chainKey":{"counter":0,"key":"n0RTcWNZaA3T2GTGMntXeXLZAxkddMHH33qEkqFqLGg="},"chainType":1,"messageKeys":{}}},"pendingPreKey":{"signedKeyId":0,"baseKey":"BbciLScYv6GdCsMhO5nqqzIzRbstd3YXj0Crd2z2/V0l"}}},"version":"v1"}