{"_sessions":{"BUbSOpnLfPtRx5m+tJbkE9EMpGL1bQj/eU8qKyIfEr8Q":{"registrationId":58957750,"currentRatchet":{"ephemeralKeyPair":{"pubKey":"BenIByA07mpf+OITHaLhIN2KiJIMiJgac5oFBP2/IjkL","privKey":"yAauj5jmLYBGWTM/2wUNaHWVwL9+u4Mcbf+Y+Gstbk0="},"lastRemoteEphemeralKey":"BTuGe+9kfYrYFUsDU8R/Ch0+R6gN7/tgNcY4giVwHdQU","previousCounter":0,"rootKey":"MCpDP0tC5idEjzAwcH9uM2bpclCCJvllbVNa1IaNIaA="},"indexInfo":{"baseKey":"BUbSOpnLfPtRx5m+tJbkE9EMpGL1bQj/eU8qKyIfEr8Q","baseKeyType":1,"closed":-1,"used":1691326023141,"created":1691326023141,"remoteIdentityKey":"BTnHJ94D0CwEtaFxUX73W/UKoQipAJ/pNAv5Fh/Q5v9O"},"_chains":{"BenIByA07mpf+OITHaLhIN2KiJIMiJgac5oFBP2/IjkL":{"chainKey":{"counter":0,"key":"bAa6VAhBR7i9XOi31oUyIJCR+rKbExaTaW1O9GW842Q="},"chainType":1,"messageKeys":{}}},"pendingPreKey":{"signedKeyId":13,"baseKey":"BUbSOpnLfPtRx5m+tJbkE9EMpGL1bQj/eU8qKyIfEr8Q","preKeyId":10734975}}},"version":"v1"}