{"_sessions":{"Bc1F2cJTQRnqxM3cfe+aSXttUD5fSjl3bg7944Bu0R0V":{"registrationId":2043065536,"currentRatchet":{"ephemeralKeyPair":{"pubKey":"BYztmpjhwyjCI6o+cgJK2bS0FbMs966qWDwxCmeCxNUg","privKey":"2J1htm2swP4/wFWLiBmMCD9bG2PKRUQgbZ6Y/JeU/Ek="},"lastRemoteEphemeralKey":"BbsanYL8tFq8lThz1qWRKzD7uh4rxp5HNePNgdMp6YIK","previousCounter":0,"rootKey":"4KNUoyQ/ulVp3n6dv9YNv2ck3glAIvFPWOFAIzlysrg="},"indexInfo":{"baseKey":"Bc1F2cJTQRnqxM3cfe+aSXttUD5fSjl3bg7944Bu0R0V","baseKeyType":1,"closed":-1,"used":1691326022859,"created":1691326022859,"remoteIdentityKey":"BdDmzD335xkEurIqbEyO2F/9TtnxowB3m5gPZRb6RbEP"},"_chains":{"BYztmpjhwyjCI6o+cgJK2bS0FbMs966qWDwxCmeCxNUg":{"chainKey":{"counter":0,"key":"GDL7NcLBQdqEEkcE+zTapG4Hq+zHtwTktw/W/aC68T4="},"chainType":1,"messageKeys":{}}},"pendingPreKey":{"signedKeyId":2,"baseKey":"Bc1F2cJTQRnqxM3cfe+aSXttUD5fSjl3bg7944Bu0R0V"}}},"version":"v1"}