{"_sessions":{"BThAf8beCS6AB6yHC0bOxc1xxIP0CybmTk85k+W87bIw":{"registrationId":1333500269,"currentRatchet":{"ephemeralKeyPair":{"pubKey":"Bb5TRv6i0gCabPRNNNmamcaxd1nH9JjctBboOEFZ/l0G","privKey":"2EpjAXla71Qtet8pn7kETIAe6y9PY+PsKBEJQbUAeUc="},"lastRemoteEphemeralKey":"BQzQyQO/oWOZmUIxKXT4Tn/AJo4vL73zqVtcJeQgazJV","previousCounter":0,"rootKey":"KJWDQ+uBQ4oYkj+cRljgNNDGVI5JeozN58L2FrcCFuY="},"indexInfo":{"baseKey":"BThAf8beCS6AB6yHC0bOxc1xxIP0CybmTk85k+W87bIw","baseKeyType":1,"closed":-1,"used":1691326025557,"created":1691326025557,"remoteIdentityKey":"BYCRYyvXCj+N7D9Yg/EXQxbIqSnj3o+aP1PGAWHCbqdc"},"_chains":{"Bb5TRv6i0gCabPRNNNmamcaxd1nH9JjctBboOEFZ/l0G":{"chainKey":{"counter":0,"key":"KuaTjjLZVJqgeafnI+zpF2Q1zgThKVdbcno6JWHXN6M="},"chainType":1,"messageKeys":{}}},"pendingPreKey":{"signedKeyId":3,"baseKey":"BThAf8beCS6AB6yHC0bOxc1xxIP0CybmTk85k+W87bIw","preKeyId":9371532}}},"version":"v1"}