{"_sessions":{"BXwTP/qXUVFeplZg/rXAhaDt91/J8zUcEFdzVIdkgNN0":{"registrationId":288985338,"currentRatchet":{"ephemeralKeyPair":{"pubKey":"BUb8OIHpp2fXVtXgWJjxiqlgaKb8wfEY3nD+1D7pWAh0","privKey":"wCoYoxxcgN8Y1m3PTgJ49nPR43pQUHaHkyz33GWVt2o="},"lastRemoteEphemeralKey":"BWfbGYrZlNEyiGNG37PFd9mUisZkAEHUWX1kC/3T1Kxl","previousCounter":0,"rootKey":"0ATs7lPvRDUfqQgfI3xaXRbrMiIIixGcuBb+NwKoThg="},"indexInfo":{"baseKey":"BXwTP/qXUVFeplZg/rXAhaDt91/J8zUcEFdzVIdkgNN0","baseKeyType":1,"closed":-1,"used":1691326019273,"created":1691326019273,"remoteIdentityKey":"BVphjOZ3QhxXEcQ5bHXcyT8zNlgt5CYy1XWk7KFaqv4i"},"_chains":{"BUb8OIHpp2fXVtXgWJjxiqlgaKb8wfEY3nD+1D7pWAh0":{"chainKey":{"counter":0,"key":"WPX6TdH4fNlQViGFonoC6M5kNU0E398nEGsMv1yZz8E="},"chainType":1,"messageKeys":{}}},"pendingPreKey":{"signedKeyId":3,"baseKey":"BXwTP/qXUVFeplZg/rXAhaDt91/J8zUcEFdzVIdkgNN0","preKeyId":5747081}}},"version":"v1"}