{"_sessions":{"BbFLfr/0v+mkDHBiHphcfJMYfjBDRXYXZVnxHYZ+LQsC":{"registrationId":831562423,"currentRatchet":{"ephemeralKeyPair":{"pubKey":"BYzDs0zeW+neWl4IN84D6GHcp1xyK/rMyRmOgh5BsjRL","privKey":"+NupVy1Xde1EOr2NyUNWUdGXcF4Cw2X76d/u2ndkCHA="},"lastRemoteEphemeralKey":"BUcZZ/rylVjupAuQsLoexX9pYx/m2TmeguHQpvb7UTQt","previousCounter":0,"rootKey":"Fgp2XpsxI20yp/lquiFkyiICnmdmkhnqRi/JTn44In8="},"indexInfo":{"baseKey":"BbFLfr/0v+mkDHBiHphcfJMYfjBDRXYXZVnxHYZ+LQsC","baseKeyType":1,"closed":-1,"used":1691326021956,"created":1691326021956,"remoteIdentityKey":"BdtZXbBfvtCs5Vw5RtdnnfN4oDXiUepmwpeyvPGxMGZf"},"_chains":{"BYzDs0zeW+neWl4IN84D6GHcp1xyK/rMyRmOgh5BsjRL":{"chainKey":{"counter":0,"key":"rxqb/QblGdxuH2bCWYbWopAtcFRR22ldQk0O5HQOlV4="},"chainType":1,"messageKeys":{}}},"pendingPreKey":{"signedKeyId":0,"baseKey":"BbFLfr/0v+mkDHBiHphcfJMYfjBDRXYXZVnxHYZ+LQsC"}}},"version":"v1"}