{"_sessions":{"BTjtISW+GVr6/jeDC1fTJZF+R0347xdjzIzcKMr9YYVq":{"registrationId":877421172,"currentRatchet":{"ephemeralKeyPair":{"pubKey":"BVAnsevR8ZkuVlsHbT30AYj66DKE+v6sY5mbaAFC3Dlu","privKey":"6N3idAiRj94sNb/9F9IHLr4JzNG/F4ukKzzZDVbavlY="},"lastRemoteEphemeralKey":"BVNO84fuRgiDB8e8wSaHKqKMzON3672KbLr4GLBCRywI","previousCounter":0,"rootKey":"W5JzNQaeM/pSputKen8dc/xihYqvnD7wtbKeoNgPmSQ="},"indexInfo":{"baseKey":"BTjtISW+GVr6/jeDC1fTJZF+R0347xdjzIzcKMr9YYVq","baseKeyType":1,"closed":-1,"used":1691326025366,"created":1691326025366,"remoteIdentityKey":"BV+d1kF61ow1hftKJVIssEH7jpZYnE1cAF+8QMNKoLQL"},"_chains":{"BVAnsevR8ZkuVlsHbT30AYj66DKE+v6sY5mbaAFC3Dlu":{"chainKey":{"counter":0,"key":"zMC59CLYascV2dra4oshew668aR3ChIAGosjOo8KK2A="},"chainType":1,"messageKeys":{}}},"pendingPreKey":{"signedKeyId":6,"baseKey":"BTjtISW+GVr6/jeDC1fTJZF+R0347xdjzIzcKMr9YYVq","preKeyId":14151815}}},"version":"v1"}