{"_sessions":{"BbqE63V/ToFfJBWdlHppsQPGTZOdRYq6Lb3jKOI6/9xT":{"registrationId":1912973971,"currentRatchet":{"ephemeralKeyPair":{"pubKey":"BWrpJvyP7Ra5KXdn8hdxeFzjsjgbDW94H4QyCO4xgr82","privKey":"qAJKAw9chJUYJbtNkdYTQcK8ofpqVlw5zlMhF/I/nlQ="},"lastRemoteEphemeralKey":"Bdx1k/1fE5rpssP5KXYOStt+a3XOD7yU5v5nVJZ7cGdg","previousCounter":0,"rootKey":"hu3OzG8O9dNtRV4YrhlOsTxOES1VaQ0+sXf4uUnUKDo="},"indexInfo":{"baseKey":"BbqE63V/ToFfJBWdlHppsQPGTZOdRYq6Lb3jKOI6/9xT","baseKeyType":1,"closed":-1,"used":1691325928957,"created":1691325928957,"remoteIdentityKey":"BcTZQem29H7VpqffZejKbg+tGbImsIiXR0H2ISa3lXAg"},"_chains":{"BWrpJvyP7Ra5KXdn8hdxeFzjsjgbDW94H4QyCO4xgr82":{"chainKey":{"counter":1,"key":"rB8zQUMnnGJmMvBVxZaH1U3Ndkw0MUpSzO8G87jGlvM="},"chainType":1,"messageKeys":{}}},"pendingPreKey":{"signedKeyId":20,"baseKey":"BbqE63V/ToFfJBWdlHppsQPGTZOdRYq6Lb3jKOI6/9xT","preKeyId":3229199}}},"version":"v1"}