{"_sessions":{"BYYVnXYT/Rxmz4O8mp2Ppq8RnhWrW9TTrxOZgMs9Djs9":{"registrationId":180718646,"currentRatchet":{"ephemeralKeyPair":{"pubKey":"BV/Y/1XQwbj7O2C4/1gJe1fjkQUtBe/+l3PaoWQLYJoS","privKey":"UPzG+CHVWJQR5F856LDOtFe6d1ITSejTBZKO0+mT1m4="},"lastRemoteEphemeralKey":"BWddGOsn25ymzRKCL99q4lszIV+EspHR49zcmPy3AMEg","previousCounter":0,"rootKey":"LTnVDzRvrrQEAfKrywSc5gCF//WHr0Pz2RbEb49bnTc="},"indexInfo":{"baseKey":"BYYVnXYT/Rxmz4O8mp2Ppq8RnhWrW9TTrxOZgMs9Djs9","baseKeyType":1,"closed":-1,"used":1691325928570,"created":1691325928570,"remoteIdentityKey":"BesQcUBgzlHnFZfcpLdZ3LAeD81KkFUkos5Kjw/MEwlv"},"_chains":{"BV/Y/1XQwbj7O2C4/1gJe1fjkQUtBe/+l3PaoWQLYJoS":{"chainKey":{"counter":1,"key":"/okdI7/hkVXlosXiX16NHvq4rcHMCh20NG/ovaj0pRU="},"chainType":1,"messageKeys":{}}},"pendingPreKey":{"signedKeyId":6,"baseKey":"BYYVnXYT/Rxmz4O8mp2Ppq8RnhWrW9TTrxOZgMs9Djs9","preKeyId":16237697}}},"version":"v1"}