{"_sessions":{"BcNb4auQsKyZDJp3e8hnsIKNPr9iefcP/8pqxm4nVtYO":{"registrationId":457046986,"currentRatchet":{"ephemeralKeyPair":{"pubKey":"Bc0zUbjjYdLQuBbkn4R5QeY3gBxmW2qsErAhy/qitEl+","privKey":"KGLd1STJ/tv5VlP77J/XBBK4sFVnVsIYsNugaXvYc3E="},"lastRemoteEphemeralKey":"BWba+7uxhKQhHcvgw8zwWSoAPsjFLZBlu942GmxScflJ","previousCounter":0,"rootKey":"kBiqMi2F29PwOHK8HR60IC6DR5krxbi5//0v4QcbHfk="},"indexInfo":{"baseKey":"BcNb4auQsKyZDJp3e8hnsIKNPr9iefcP/8pqxm4nVtYO","baseKeyType":1,"closed":-1,"used":1691326025357,"created":1691326025357,"remoteIdentityKey":"BcmkHBQKDHc14k/FdJtVEi6boIgf7faVut6fXYe+9UBf"},"_chains":{"Bc0zUbjjYdLQuBbkn4R5QeY3gBxmW2qsErAhy/qitEl+":{"chainKey":{"counter":0,"key":"9HscOu5IxaSvnqFWqOAvttrTFV3oH/Hi8WErBhLJrV0="},"chainType":1,"messageKeys":{}}},"pendingPreKey":{"signedKeyId":12,"baseKey":"BcNb4auQsKyZDJp3e8hnsIKNPr9iefcP/8pqxm4nVtYO"}}},"version":"v1"}