{"_sessions":{"BTUp/b9a7o3OT0YM8r3xSTPSX/pmkevJhDgnhwfEEPwc":{"registrationId":1417382364,"currentRatchet":{"ephemeralKeyPair":{"pubKey":"BYrTZuHst6WYFhf5ef4oD2QFuC4nEwZPiAGXrbV5AdNH","privKey":"MIF8YMGppCcs23tw0n5IqlDFd7O2mVBJe5EfvBImy1A="},"lastRemoteEphemeralKey":"BbuF5JpL1XDfSQYaIU1X3pekgL9GpL6hclZOjxsx2glq","previousCounter":0,"rootKey":"N0qQ2QCCtQ0xkpIcS7pX4nSgEY4tQRAPz8Tt2X8n3as="},"indexInfo":{"baseKey":"BTUp/b9a7o3OT0YM8r3xSTPSX/pmkevJhDgnhwfEEPwc","baseKeyType":1,"closed":-1,"used":1691326018945,"created":1691326018945,"remoteIdentityKey":"BV93+RIslWFk1raF4id+ks1A7T1cug/TZuiVPcdTbPUD"},"_chains":{"BYrTZuHst6WYFhf5ef4oD2QFuC4nEwZPiAGXrbV5AdNH":{"chainKey":{"counter":0,"key":"kRZxIhcDLsg1XN0RqU0VALqxK00gz84cg5Kvjd60/ic="},"chainType":1,"messageKeys":{}}},"pendingPreKey":{"signedKeyId":0,"baseKey":"BTUp/b9a7o3OT0YM8r3xSTPSX/pmkevJhDgnhwfEEPwc"}}},"version":"v1"}