{"_sessions":{"BYsnQOe5S2YgLPP7XtTQ4VQO4gevdj4RIjewAXBLAV82":{"registrationId":924638028,"currentRatchet":{"ephemeralKeyPair":{"pubKey":"BckHZqXIPPX0Diifkzzq00M0dbpVo3aALUQrjP3Sa2Y/","privKey":"WN38HbvckP5GydvqoTjes7TrRyDSERpeDwd4ZQzcilk="},"lastRemoteEphemeralKey":"BaVDRC6lGoCkd/MMe8/LWcRjr0p28izUL+EjI7ajX94u","previousCounter":0,"rootKey":"d89B3sHVzGPkA9mJ7nw96iO4iq2CjQfLmMxRxBrXdng="},"indexInfo":{"baseKey":"BYsnQOe5S2YgLPP7XtTQ4VQO4gevdj4RIjewAXBLAV82","baseKeyType":1,"closed":-1,"used":1691326021838,"created":1691326021838,"remoteIdentityKey":"BSyYinOeKgP84GkCIjpAYFs5Aww1SZ0Co6JgajuuXfdK"},"_chains":{"BckHZqXIPPX0Diifkzzq00M0dbpVo3aALUQrjP3Sa2Y/":{"chainKey":{"counter":0,"key":"5c44cEtrBKVHaNxSkZv9EydN9cocLx14MfiS1E/vvGk="},"chainType":1,"messageKeys":{}}},"pendingPreKey":{"signedKeyId":0,"baseKey":"BYsnQOe5S2YgLPP7XtTQ4VQO4gevdj4RIjewAXBLAV82"}}},"version":"v1"}