{"_sessions":{"BXVObkKvWwta0gfzk+rWj7TwNo9KYysBFAL8MOsEAYwg":{"registrationId":560178401,"currentRatchet":{"ephemeralKeyPair":{"pubKey":"BTyQiNmnMeAreBPZdWG7xK+3eBMfjMcy1e/3jCrYtlxU","privKey":"CHkS8SRFE1fMY3aec3DbmMw0zROGBkNeesJ+r4cBmVc="},"lastRemoteEphemeralKey":"BfhLqg7JiIEexnEqLP2QHel88//O8RwL4LRWvxmu3uEN","previousCounter":0,"rootKey":"jxA7J+T4Ijhc6G+gYewB0vPowqDQmDi8I7W14ce1OZ0="},"indexInfo":{"baseKey":"BXVObkKvWwta0gfzk+rWj7TwNo9KYysBFAL8MOsEAYwg","baseKeyType":1,"closed":-1,"used":1691326023566,"created":1691326023566,"remoteIdentityKey":"BW0WYQ9Ta5ssykfgfh4EUHp0xeDvIjYrBC7nkS/5M1pm"},"_chains":{"BTyQiNmnMeAreBPZdWG7xK+3eBMfjMcy1e/3jCrYtlxU":{"chainKey":{"counter":0,"key":"+u2WVpzXMUWRLpX6OInpjXNYpK9BV0pU+bgi1HlXtm4="},"chainType":1,"messageKeys":{}}},"pendingPreKey":{"signedKeyId":9,"baseKey":"BXVObkKvWwta0gfzk+rWj7TwNo9KYysBFAL8MOsEAYwg"}}},"version":"v1"}