{"_sessions":{"BSEsvX4oMAcplkN2xDzbcSuJowehBHooISXHPiMhu04H":{"registrationId":1846452689,"currentRatchet":{"ephemeralKeyPair":{"pubKey":"BYwNt1wp509xxSHdsMe1upaGSX3wbhFzH/raW2nWp3wd","privKey":"yKVOKln6yazl/1bxwNgkzDVYYPH9Xbp7LXP2H4LTXW0="},"lastRemoteEphemeralKey":"BfE7J4D6Uh2oOcJAP+V6MBkzgOAuXpK1tXxexmYglhJe","previousCounter":0,"rootKey":"Ydz9VavdxuJEzpwDd285LohcD9XANgcPF/jmcX+1YBU="},"indexInfo":{"baseKey":"BSEsvX4oMAcplkN2xDzbcSuJowehBHooISXHPiMhu04H","baseKeyType":1,"closed":-1,"used":1691325929852,"created":1691325929852,"remoteIdentityKey":"BRTCLUSZiDhmf+JFeXLW6c9aCIteVh52mGo/M9FsfAo/"},"_chains":{"BYwNt1wp509xxSHdsMe1upaGSX3wbhFzH/raW2nWp3wd":{"chainKey":{"counter":2,"key":"Z8VtQ9XBulH8BbI1VP726ePJWDNCsMQJXFEzvpLoKVo="},"chainType":1,"messageKeys":{}}},"pendingPreKey":{"signedKeyId":1,"baseKey":"BSEsvX4oMAcplkN2xDzbcSuJowehBHooISXHPiMhu04H"}}},"version":"v1"}