{"_sessions":{"BZG/qJPJmW8NRoHr6qM6h6a+DSc8EG8Kofyh7Z4sU20r":{"registrationId":634765589,"currentRatchet":{"ephemeralKeyPair":{"pubKey":"BYXq36hAF71IV6mEtshJ7EYYNi5/CZ9V9N/qOAKVrnUi","privKey":"uHn05tIhMVEVBuTo53KRPk03HZedzMhdanLZhENKK1k="},"lastRemoteEphemeralKey":"BTgOAXKrFPiFMtDHVvTU1g3qxD/V3hBdRGVqa7tQMmFz","previousCounter":0,"rootKey":"yIv8iIq/5YFa8NtA5WqCVrAi78zr7qHyNx9dfkWzzXs="},"indexInfo":{"baseKey":"BZG/qJPJmW8NRoHr6qM6h6a+DSc8EG8Kofyh7Z4sU20r","baseKeyType":1,"closed":-1,"used":1691326018960,"created":1691326018960,"remoteIdentityKey":"BaOTHYHtJq0XrmG5VaOI6ndct51arXpJlLwjome+/JFD"},"_chains":{"BYXq36hAF71IV6mEtshJ7EYYNi5/CZ9V9N/qOAKVrnUi":{"chainKey":{"counter":0,"key":"UH6qW4spuRFWRoOXefk1siY6KNGneLHrYlt9KLxBGtc="},"chainType":1,"messageKeys":{}}},"pendingPreKey":{"signedKeyId":0,"baseKey":"BZG/qJPJmW8NRoHr6qM6h6a+DSc8EG8Kofyh7Z4sU20r"}}},"version":"v1"}