{"_sessions":{"BYIc2NG9pMrhAF5Sx360Tj2WKbIUM0aVY2EjjYdOMRdW":{"registrationId":1694894033,"currentRatchet":{"ephemeralKeyPair":{"pubKey":"BW3Nf9sQJbU5LkPLMmHz9iITFirfy7kqFZUB7tNX739v","privKey":"OLcmg0WxiP+BPo4QRqaEDZPqnneYkE9BR5Di8BXxpXc="},"lastRemoteEphemeralKey":"BbBS0rqunawm2MQ0sxEXYMpmfzTRqMwZqV1f8tvqw+k2","previousCounter":0,"rootKey":"rrxItsuwcHid42S+SZAmDbZsP/tey/j5rRTgLb5RBSM="},"indexInfo":{"baseKey":"BYIc2NG9pMrhAF5Sx360Tj2WKbIUM0aVY2EjjYdOMRdW","baseKeyType":1,"closed":-1,"used":1691326020544,"created":1691326020544,"remoteIdentityKey":"BUs/2WEdgRBa5K6y67fsrpGP80kNOCYDAp8i+vwiVakC"},"_chains":{"BW3Nf9sQJbU5LkPLMmHz9iITFirfy7kqFZUB7tNX739v":{"chainKey":{"counter":0,"key":"ZNx50fhNtnSbJm82159g7CBsLnv9G/ehydJ46U0kjJE="},"chainType":1,"messageKeys":{}}},"pendingPreKey":{"signedKeyId":0,"baseKey":"BYIc2NG9pMrhAF5Sx360Tj2WKbIUM0aVY2EjjYdOMRdW"}}},"version":"v1"}