{"_sessions":{"BUgyaNEcU/Pjp/fIw6uGK5aCyH0BU4MNKnNTmAZMWmAq":{"registrationId":2076,"currentRatchet":{"ephemeralKeyPair":{"pubKey":"BXi2zAbaJf6K/a42eH5lxPUu5R/VpcZM8ljXGlJXix4G","privKey":"MA5v8O/xV6H1nfV/jvx5dxqz9VmGtZEwlikZ5VB5WUU="},"lastRemoteEphemeralKey":"BcBPP+iDkiEde7nIWHqaF85QyXTOmg6WTojZ/92bHq14","previousCounter":0,"rootKey":"rjQe2BRczbvyqX0/DAFb2Yf1UqXa1QzgFCjlROu5pXw="},"indexInfo":{"baseKey":"BUgyaNEcU/Pjp/fIw6uGK5aCyH0BU4MNKnNTmAZMWmAq","baseKeyType":1,"closed":-1,"used":1691325928342,"created":1691325928342,"remoteIdentityKey":"BR/OqjbaELuFuKKU6Oqmg5Ky/j1LSDslQ5FdwklUC9V6"},"_chains":{"BXi2zAbaJf6K/a42eH5lxPUu5R/VpcZM8ljXGlJXix4G":{"chainKey":{"counter":1,"key":"Jt+9HCeSrHFb311C9pxOSfS2hOd3wksRD9vHz1YLuV4="},"chainType":1,"messageKeys":{}}},"pendingPreKey":{"signedKeyId":1,"baseKey":"BUgyaNEcU/Pjp/fIw6uGK5aCyH0BU4MNKnNTmAZMWmAq"}}},"version":"v1"}