{"_sessions":{"BWRWqIxn8agc0pRAzbmigFV9DFh92BMxeYIS0GqqSXxV":{"registrationId":1043167575,"currentRatchet":{"ephemeralKeyPair":{"pubKey":"BcPYxgmg2YJCRyleL+sEXvGXqeeLRX2mPWSuelhCLtU1","privKey":"6FibNXk/jLpCdkbX4Lawag+CQs5COtGvnCNuEOJFln0="},"lastRemoteEphemeralKey":"BXXjjHm/Wv12pcyNSNvB1phyfz7W1DIkCbXPYUJtHlgJ","previousCounter":0,"rootKey":"HdmTV8URCyq/KllHULaNO46M2XjC7b3bdg74cyQIibA="},"indexInfo":{"baseKey":"BWRWqIxn8agc0pRAzbmigFV9DFh92BMxeYIS0GqqSXxV","baseKeyType":1,"closed":-1,"used":1691325929660,"created":1691325929660,"remoteIdentityKey":"BZwuUgYnZYoyF4DV4/JHfp+xyxVi1Dic3GdCYu2IP7gV"},"_chains":{"BcPYxgmg2YJCRyleL+sEXvGXqeeLRX2mPWSuelhCLtU1":{"chainKey":{"counter":1,"key":"MyTdhWcy6nRwn3j3dmXu8hKH4nV1mF1L3WyrWLPCrOg="},"chainType":1,"messageKeys":{}}},"pendingPreKey":{"signedKeyId":1,"baseKey":"BWRWqIxn8agc0pRAzbmigFV9DFh92BMxeYIS0GqqSXxV","preKeyId":2577718}}},"version":"v1"}