{"_sessions":{"BXcbeMLfr3S/MxkELu25pGJZMcocdmt+HZczdxwQItUH":{"registrationId":538062573,"currentRatchet":{"ephemeralKeyPair":{"pubKey":"BXNWVy+pcGzdOmgs2iDPDHJFaOG6lZgkMA9urQWEYQ5Y","privKey":"gMDonh//imwM7R0mAKpzHV5iENMtnC0xBcCJBD5Dtnk="},"lastRemoteEphemeralKey":"BdShmYy13X1paS5AOv0C4sGSJsSVCluAmbu6P7atOSVw","previousCounter":0,"rootKey":"8MlwNvZx2gKP3oTqWduTuZVK1vUqTy4scyeqiNMEXC4="},"indexInfo":{"baseKey":"BXcbeMLfr3S/MxkELu25pGJZMcocdmt+HZczdxwQItUH","baseKeyType":1,"closed":-1,"used":1691326020155,"created":1691326020155,"remoteIdentityKey":"BXgF18GQkuV3Zk0BamqU33NlGS8rCT9EGrgkXkQBwvw4"},"_chains":{"BXNWVy+pcGzdOmgs2iDPDHJFaOG6lZgkMA9urQWEYQ5Y":{"chainKey":{"counter":0,"key":"H1BiitI99jRXlt14uWOlVDnUZ/HgaDsECRC2VOAbiZQ="},"chainType":1,"messageKeys":{}}},"pendingPreKey":{"signedKeyId":2,"baseKey":"BXcbeMLfr3S/MxkELu25pGJZMcocdmt+HZczdxwQItUH","preKeyId":5464}}},"version":"v1"}