{"_sessions":{"BYz0MS1zyPQPXchzxRxUlue2Lva018Z4ALdLkH2mVVUg":{"registrationId":556086247,"currentRatchet":{"ephemeralKeyPair":{"pubKey":"BQudLpIsBbjNPZ1hz8wYQvGffDo2K/WVRjBdD8zC5SNq","privKey":"uENKc81uRI1MCEmw2M2LbsH18R8VDPEpFxyIKmIE6G0="},"lastRemoteEphemeralKey":"BZBg16zZxs05+5m3LtP2sN/y5CHr1QJUtRRIfgb3z2Y7","previousCounter":0,"rootKey":"8eLMrZj5FM0pv/JSSHYl405sPbDwmwQIAI7iywagF4c="},"indexInfo":{"baseKey":"BYz0MS1zyPQPXchzxRxUlue2Lva018Z4ALdLkH2mVVUg","baseKeyType":1,"closed":-1,"used":1691325929765,"created":1691325929765,"remoteIdentityKey":"BdTw4ydf6f6j+HXkknEvap8BUtj3lhDx4B7njvs+yncN"},"_chains":{"BQudLpIsBbjNPZ1hz8wYQvGffDo2K/WVRjBdD8zC5SNq":{"chainKey":{"counter":1,"key":"/GeNanEmrKQlJ3IBqrrz7fBZS3i4BpWrs9k+YbFlLUM="},"chainType":1,"messageKeys":{}}},"pendingPreKey":{"signedKeyId":6,"baseKey":"BYz0MS1zyPQPXchzxRxUlue2Lva018Z4ALdLkH2mVVUg","preKeyId":1844746}}},"version":"v1"}