{"_sessions":{"BbKt+hll1ez5kTGw+mW+aP5JWDzfKkXDKfnwx1ZLcFJ3":{"registrationId":1805251481,"currentRatchet":{"ephemeralKeyPair":{"pubKey":"BSboJ1VbUQPBa8rE9ZiwDob7q3K2vt1hSq64KWScfDNg","privKey":"KClhTIyggW+sYouspEnZ1wlyW9WC8QnKgwLaq4ICv0I="},"lastRemoteEphemeralKey":"BY/7ycGU1fgx8ddOOxHhWT1AF8OJ+2msLbZWEW2XXGBd","previousCounter":0,"rootKey":"zPYptiiljm0dDCStkG4GX6iXB9J0G9f4gfVT8+hIUzs="},"indexInfo":{"baseKey":"BbKt+hll1ez5kTGw+mW+aP5JWDzfKkXDKfnwx1ZLcFJ3","baseKeyType":1,"closed":-1,"used":1691326022026,"created":1691326022026,"remoteIdentityKey":"BXpKFWuMHUFMTw5hhzVODcQANg1T8p+BC4o+d4HKwppY"},"_chains":{"BSboJ1VbUQPBa8rE9ZiwDob7q3K2vt1hSq64KWScfDNg":{"chainKey":{"counter":0,"key":"LcCAJY+pt2CF4SFRW3AZOgjErmjkRFJU1DGbOoPrtIM="},"chainType":1,"messageKeys":{}}},"pendingPreKey":{"signedKeyId":0,"baseKey":"BbKt+hll1ez5kTGw+mW+aP5JWDzfKkXDKfnwx1ZLcFJ3","preKeyId":3331286}}},"version":"v1"}