{"_sessions":{"Bdit0RKbGNeg0zXVrR98gI/tJrsAlSBpQH5WHU8tyl9k":{"registrationId":227892345,"currentRatchet":{"ephemeralKeyPair":{"pubKey":"BVisrEiPvdcBdDFMRy5939qSsZPh1pdxFNJPBGCdheFi","privKey":"IG+aLTWjRaTaJafVW659DfzDqNWmDfejRroV03TjfXc="},"lastRemoteEphemeralKey":"BSCzavIpF6RWJltnpdQ5nmU0TzE1f8k4oyIZfSshiLQ1","previousCounter":0,"rootKey":"dLM2IX6PbFYeisTVnC8zzIL8YcqOzCQ3+ZeYJh1iOzI="},"indexInfo":{"baseKey":"Bdit0RKbGNeg0zXVrR98gI/tJrsAlSBpQH5WHU8tyl9k","baseKeyType":1,"closed":-1,"used":1691325929638,"created":1691325929638,"remoteIdentityKey":"BZDJwkSrCP61BkSckedKYUNtpdLi/909nR9rSt2vUOEx"},"_chains":{"BVisrEiPvdcBdDFMRy5939qSsZPh1pdxFNJPBGCdheFi":{"chainKey":{"counter":1,"key":"EG/CnPHdrJm5rsBQqHNkpsmpn7QEz2T1uPKE8+bhCQQ="},"chainType":1,"messageKeys":{}}},"pendingPreKey":{"signedKeyId":2,"baseKey":"Bdit0RKbGNeg0zXVrR98gI/tJrsAlSBpQH5WHU8tyl9k","preKeyId":5725035}}},"version":"v1"}