{"_sessions":{"BTqoj/6NhE0HJSbmGTHrRrdb8yUg4THhQAqMz/b7axpn":{"registrationId":2096994238,"currentRatchet":{"ephemeralKeyPair":{"pubKey":"BW77nBXHiUj0nOCGAcd7RBrOL9n+nRBpWwvQ9+1rEYZO","privKey":"iCrJlA/7+apIf2Qe78IVKUPwu//PTxo7jqmZ9pq/kXo="},"lastRemoteEphemeralKey":"BeREx37AqmFrFJRmsoBaSP1mIc519nhSRr0ZdL4ST3kP","previousCounter":0,"rootKey":"ujmTR1QsCI0LWAngycLFHa8meK1mLUsiz1T5WH6wXBA="},"indexInfo":{"baseKey":"BTqoj/6NhE0HJSbmGTHrRrdb8yUg4THhQAqMz/b7axpn","baseKeyType":1,"closed":-1,"used":1691325929256,"created":1691325929256,"remoteIdentityKey":"BQGZAMT3yujoiAd9UNI2SzyP2Yx5283WOnDt9LuDJvlZ"},"_chains":{"BW77nBXHiUj0nOCGAcd7RBrOL9n+nRBpWwvQ9+1rEYZO":{"chainKey":{"counter":1,"key":"L8alaJO4ps8vagCwLRTXXditPSTF1grCbM+inl3I/Ug="},"chainType":1,"messageKeys":{}}},"pendingPreKey":{"signedKeyId":1,"baseKey":"BTqoj/6NhE0HJSbmGTHrRrdb8yUg4THhQAqMz/b7axpn","preKeyId":7809669}}},"version":"v1"}