{"_sessions":{"Bboa7gY9rMRJIUfWrvDC2+5mKrLVk7ZSYMRfc7dKqVIY":{"registrationId":1287378786,"currentRatchet":{"ephemeralKeyPair":{"pubKey":"Bcp5vEYTDV41ESIKM+ZewvH+EtToslpzWffAExw5vSwH","privKey":"mN3rg+r77IFIPqRReJVb+iLCw5WuAUlGGaMv3o7o4lY="},"lastRemoteEphemeralKey":"BeAQv5y0nolLwZx0V/w6GTNkY4SGm9+sy0lN/pE9Qk0G","previousCounter":0,"rootKey":"bL88F983jjhCyo514EgBaxZ6ndMieF4zT7fePg+SHSY="},"indexInfo":{"baseKey":"Bboa7gY9rMRJIUfWrvDC2+5mKrLVk7ZSYMRfc7dKqVIY","baseKeyType":1,"closed":-1,"used":1691326023738,"created":1691326023738,"remoteIdentityKey":"BbvIivW1OwgoWsQdWrx3a4w8StAH8dNVM7OTXQpCHokL"},"_chains":{"Bcp5vEYTDV41ESIKM+ZewvH+EtToslpzWffAExw5vSwH":{"chainKey":{"counter":0,"key":"KTZAASLnMZnlOE5vlroNMvszgyeBnAEIxedTMiSOGeE="},"chainType":1,"messageKeys":{}}},"pendingPreKey":{"signedKeyId":3,"baseKey":"Bboa7gY9rMRJIUfWrvDC2+5mKrLVk7ZSYMRfc7dKqVIY"}}},"version":"v1"}