{"_sessions":{"BfQ7ZPmNbRRtDBD7XqbYi85bTjtyzA87FdxSeGdPqdJG":{"registrationId":2106826477,"currentRatchet":{"ephemeralKeyPair":{"pubKey":"BYKZ6BFdxIYv+qFe54EZUsbf1Rlt3qavMDD7TjMGQXtg","privKey":"MDalcsRBNsGpiNjFbPiTtusjGKxQgEvLLjbOrLYbzVc="},"lastRemoteEphemeralKey":"BZ/qbgA1aUCq3+0vIKth9FGeoX88h7TQJmc0mp3Ph24k","previousCounter":0,"rootKey":"6khII9fi5ytBorrD1dV63ast5AMZeNmD4d/UQJ96R6M="},"indexInfo":{"baseKey":"BfQ7ZPmNbRRtDBD7XqbYi85bTjtyzA87FdxSeGdPqdJG","baseKeyType":1,"closed":-1,"used":1691326019540,"created":1691326019540,"remoteIdentityKey":"BUEZRq0ddXVGzMKzN6kehUEUQR9Zmv2ov8EtiebibBge"},"_chains":{"BYKZ6BFdxIYv+qFe54EZUsbf1Rlt3qavMDD7TjMGQXtg":{"chainKey":{"counter":0,"key":"VO7g4/2fs8dcbn1feYKeK9wvZ1u1mPpt7Nr1CGtFGcs="},"chainType":1,"messageKeys":{}}},"pendingPreKey":{"signedKeyId":0,"baseKey":"BfQ7ZPmNbRRtDBD7XqbYi85bTjtyzA87FdxSeGdPqdJG"}}},"version":"v1"}