{"_sessions":{"BV4Gj8Upu2GLqDeNOcx/0LPVS2u838Q2410SHJDtLblG":{"registrationId":1847824799,"currentRatchet":{"ephemeralKeyPair":{"pubKey":"BQccdaeEnUjS5ueRQFL0xJAnnZujAOi8rdOkl4DLi35v","privKey":"sH7eKY2s5NqMD1gFL7z9vXddaUKsS1LUn4XVl/UCHF0="},"lastRemoteEphemeralKey":"BWDarw4U8sS+omqMhj+BZRtJBRtE1/FR+5aFtA9psegX","previousCounter":0,"rootKey":"zS0L9fDdtx2cCh/e+t4Lfj44uL6vxaVghCNJTKBFIrs="},"indexInfo":{"baseKey":"BV4Gj8Upu2GLqDeNOcx/0LPVS2u838Q2410SHJDtLblG","baseKeyType":1,"closed":-1,"used":1691326023475,"created":1691326023475,"remoteIdentityKey":"BQDMBkv4iNLQk2bdfhJUSdydeqWvXadUj+Nt70X5ifQP"},"_chains":{"BQccdaeEnUjS5ueRQFL0xJAnnZujAOi8rdOkl4DLi35v":{"chainKey":{"counter":0,"key":"sAPEhX7rr+3aVW2g4n2NAM0J+x0Pfqh/ICUfdNxOi1M="},"chainType":1,"messageKeys":{}}},"pendingPreKey":{"signedKeyId":4,"baseKey":"BV4Gj8Upu2GLqDeNOcx/0LPVS2u838Q2410SHJDtLblG","preKeyId":13069022}}},"version":"v1"}