{"_sessions":{"Ba4w9MIf/VoKAJ563TD/v5Cw/1vHyTxQ5MFRcbbXLm96":{"registrationId":131732111,"currentRatchet":{"ephemeralKeyPair":{"pubKey":"BbWrc+yRm+aDeBnq+XI4DrKjJx8TwOX36Z++ZQMChKcV","privKey":"oEzSre2SnrPg9fPpBqHfd6mPj9TOI1UM3dRXEPnRBl0="},"lastRemoteEphemeralKey":"BaYEmbwXvtn/5R37w//2Nkokjwfnsuv0DCopVZq5DO85","previousCounter":0,"rootKey":"t5GDRj1xg11O5UIOy0VHRwyxHs4uQdLWmCuyNSOMs84="},"indexInfo":{"baseKey":"Ba4w9MIf/VoKAJ563TD/v5Cw/1vHyTxQ5MFRcbbXLm96","baseKeyType":1,"closed":-1,"used":1691326021652,"created":1691326021652,"remoteIdentityKey":"BeFBp/gUXgcE6Dwd60CEoUJUvBktOp6tU42cTfb7uW46"},"_chains":{"BbWrc+yRm+aDeBnq+XI4DrKjJx8TwOX36Z++ZQMChKcV":{"chainKey":{"counter":0,"key":"cNzzPNQURKcjH37zOr7xtLOp0KoqOKGC4uYyg/Ocf30="},"chainType":1,"messageKeys":{}}},"pendingPreKey":{"signedKeyId":10,"baseKey":"Ba4w9MIf/VoKAJ563TD/v5Cw/1vHyTxQ5MFRcbbXLm96","preKeyId":6156677}}},"version":"v1"}