{"_sessions":{"BQ1fxj6gVtjL7dV9gx2QZDmam8rve4LFYiSKLQXQuOQo":{"registrationId":432664098,"currentRatchet":{"ephemeralKeyPair":{"pubKey":"BVfD0Txj11/41SKzcq3MM3UbS94+vIBWjxuV2CBmIrxo","privKey":"sGbb3ZcnU8fWYO3yX7GF3dk4Y7OgbrbhbhuR0uaUK1U="},"lastRemoteEphemeralKey":"BUix+L1ZFeM0VOC8UTCRr91/zqj8xsU6W4Yhlud31P5M","previousCounter":0,"rootKey":"5IMEAABnzyrvaLNmboQzzhK9ycjAho5xeLttrvB8/Lk="},"indexInfo":{"baseKey":"BQ1fxj6gVtjL7dV9gx2QZDmam8rve4LFYiSKLQXQuOQo","baseKeyType":1,"closed":-1,"used":1691326022646,"created":1691326022646,"remoteIdentityKey":"BXjqUoFr2NRv4CpR3kNJcHSrBUgKB1krkg1wLP3XsdsZ"},"_chains":{"BVfD0Txj11/41SKzcq3MM3UbS94+vIBWjxuV2CBmIrxo":{"chainKey":{"counter":0,"key":"yva1BHrguQZhTU/e6MZuIY+57Pecm/wBIVESgW5TXRY="},"chainType":1,"messageKeys":{}}},"pendingPreKey":{"signedKeyId":1,"baseKey":"BQ1fxj6gVtjL7dV9gx2QZDmam8rve4LFYiSKLQXQuOQo","preKeyId":6801305}}},"version":"v1"}