{"_sessions":{"BdcckYKLAsX950pLZj9wd2eXOmmHGlWSdywE2/ccdPtS":{"registrationId":1037873851,"currentRatchet":{"ephemeralKeyPair":{"pubKey":"BZoO00ROzevK77rwAbUiA2E353gAJu9hzIvkHaPi3C0H","privKey":"aOEi9GtC/HHtQZ6eM4N2K0b6LbJEQN7P3549S5pnYVU="},"lastRemoteEphemeralKey":"BViIwYf09dSQH49ag9sZHnebZ+oq22K81P22iR2luDlK","previousCounter":0,"rootKey":"e24kNc811jWQCtbU4rQl/TTlaSsiN+1eOkzXKbybzHg="},"indexInfo":{"baseKey":"BdcckYKLAsX950pLZj9wd2eXOmmHGlWSdywE2/ccdPtS","baseKeyType":1,"closed":-1,"used":1691325930032,"created":1691325930032,"remoteIdentityKey":"BRAEwNwneqIV4epIuxeOnhRL2bOP+QL013gRQg7aNxZ/"},"_chains":{"BZoO00ROzevK77rwAbUiA2E353gAJu9hzIvkHaPi3C0H":{"chainKey":{"counter":1,"key":"SUqZOT2d+MZTeDZZ11i08a64ON3CP29g3S9ppq4hRvc="},"chainType":1,"messageKeys":{}}},"pendingPreKey":{"signedKeyId":10,"baseKey":"BdcckYKLAsX950pLZj9wd2eXOmmHGlWSdywE2/ccdPtS","preKeyId":15356989}}},"version":"v1"}