{"_sessions":{"BTghd+z7upXXUftDYNBgCOyTf7b39u+nUNHWV3gRRKlh":{"registrationId":2015606450,"currentRatchet":{"ephemeralKeyPair":{"pubKey":"BddGy9WgR9ED8BzaWVpSmZM3EvSHu+0WJ311NJOtMLom","privKey":"kDZHc+eVfxkMze7g2HOXuZyl+rIgdnv/JRglyr2VwH4="},"lastRemoteEphemeralKey":"BVFNNWIEWhteDiOihbhlEa7ulYxeT1D2N7QYu3r8zocN","previousCounter":0,"rootKey":"U5T22W7aDXlagPgRerTRL3IY+dZ6Sg4W95fdaUR7Gm8="},"indexInfo":{"baseKey":"BTghd+z7upXXUftDYNBgCOyTf7b39u+nUNHWV3gRRKlh","baseKeyType":1,"closed":-1,"used":1691326019568,"created":1691326019568,"remoteIdentityKey":"BSGKTkqbsf+XMuh6loaDz+6yA/0hMCubFlQ+ShI4y8xw"},"_chains":{"BddGy9WgR9ED8BzaWVpSmZM3EvSHu+0WJ311NJOtMLom":{"chainKey":{"counter":0,"key":"CBYZoY+vbmt/99+GfMzP/MtvX2a3ff1gFggZnJtAau8="},"chainType":1,"messageKeys":{}}},"pendingPreKey":{"signedKeyId":4,"baseKey":"BTghd+z7upXXUftDYNBgCOyTf7b39u+nUNHWV3gRRKlh","preKeyId":4694296}}},"version":"v1"}