{"_sessions":{"BRGcpEtFO4mogOViu0pST+AyAJjrDPw6HP3AoABvORZo":{"registrationId":1456261078,"currentRatchet":{"ephemeralKeyPair":{"pubKey":"BWDBYyDlK2qyErNywXzXnMh//bROtq6ZTJroD1SAAFwf","privKey":"EHDvOZIRXztlU+Df2xyw6wBhZ8trgXaE9HaPUgCtqnU="},"lastRemoteEphemeralKey":"BbOnzCWj9gl0Cchgk00d+IGdhOLRFL9r8AdchiuHdkNF","previousCounter":0,"rootKey":"F31N1LbBQI7/fxEZR0N9rS1nDdoQBEpzPMMoQPo2KPA="},"indexInfo":{"baseKey":"BRGcpEtFO4mogOViu0pST+AyAJjrDPw6HP3AoABvORZo","baseKeyType":1,"closed":-1,"used":1691326020533,"created":1691326020533,"remoteIdentityKey":"BTjJkw6z3d6DIqJrCsnS+8Qx49EUrwd1FgEu5EkR19pT"},"_chains":{"BWDBYyDlK2qyErNywXzXnMh//bROtq6ZTJroD1SAAFwf":{"chainKey":{"counter":0,"key":"sn9NPGRTw9VUSvn8b33wVyi9HxSDgfMVYVGAlMzuyZE="},"chainType":1,"messageKeys":{}}},"pendingPreKey":{"signedKeyId":1,"baseKey":"BRGcpEtFO4mogOViu0pST+AyAJjrDPw6HP3AoABvORZo"}}},"version":"v1"}