{"_sessions":{"BfvB4PbXqX/uBCkr1+HsYuw7qfWPafDx9xgWEkDl9q41":{"registrationId":829083203,"currentRatchet":{"ephemeralKeyPair":{"pubKey":"BbI47H/xZ/apSYf5rIDalSTKIF1qfVmJaGZX0htuC9lX","privKey":"KGqBAVog3LVGRAff5vQKKXhnL+jJHZ7db5rxK77ty1s="},"lastRemoteEphemeralKey":"BbSTNOapZ3JAdTsLjbNXoSU99QZYsdvqirdHP4RdmVgd","previousCounter":0,"rootKey":"ialfDcZ6gWOWIeP0el2ar9YVdUlGCI5dQIJow9kon/c="},"indexInfo":{"baseKey":"BfvB4PbXqX/uBCkr1+HsYuw7qfWPafDx9xgWEkDl9q41","baseKeyType":1,"closed":-1,"used":1691326021268,"created":1691326021268,"remoteIdentityKey":"BeowR325pTr1FobHXhANA9kSYja5aIOW9ZVZ0pVlZMcZ"},"_chains":{"BbI47H/xZ/apSYf5rIDalSTKIF1qfVmJaGZX0htuC9lX":{"chainKey":{"counter":0,"key":"+1BA5K2y61HPRFQs+j/4rTGNJDBeefQjnqseVNqfM3E="},"chainType":1,"messageKeys":{}}},"pendingPreKey":{"signedKeyId":0,"baseKey":"BfvB4PbXqX/uBCkr1+HsYuw7qfWPafDx9xgWEkDl9q41","preKeyId":7521349}}},"version":"v1"}