{"_sessions":{"BTc41e1q5gJaPu3TUMAtTjFijOY+RJI8JOEzF7od4Gcr":{"registrationId":420958903,"currentRatchet":{"ephemeralKeyPair":{"pubKey":"BQuHBPnaDTHW6OyBKdylPavaDWSrnNuGv2g3DGFRXCBh","privKey":"cN54qgY4fMemnf1YcTQCYwPX3AMT50wZE92du6kAMlY="},"lastRemoteEphemeralKey":"BU8PXDmD0I3N5j2B2sJ+f7g/i6gFu1q+5KMYNoE30ZUs","previousCounter":0,"rootKey":"7At6/g1li7nm8hnH/e+/Xr1gpiaGJqYQEpNOW5QJyrU="},"indexInfo":{"baseKey":"BTc41e1q5gJaPu3TUMAtTjFijOY+RJI8JOEzF7od4Gcr","baseKeyType":1,"closed":-1,"used":1691326019554,"created":1691326019554,"remoteIdentityKey":"BQo5OK2nWgudIi5Z5ply1sbEBnkO7tjyCCBH0FCJxq4N"},"_chains":{"BQuHBPnaDTHW6OyBKdylPavaDWSrnNuGv2g3DGFRXCBh":{"chainKey":{"counter":0,"key":"+d1HYlLPGlm6ljd7zs2l3IOEzbk3pIzhKAv0I9tz29E="},"chainType":1,"messageKeys":{}}},"pendingPreKey":{"signedKeyId":2,"baseKey":"BTc41e1q5gJaPu3TUMAtTjFijOY+RJI8JOEzF7od4Gcr","preKeyId":8152158}}},"version":"v1"}