{"_sessions":{"BaHkB8PWZ4HhppCFy3vZaEcCXoQ+Md+VT/f9ShUkK6gx":{"registrationId":1045937486,"currentRatchet":{"ephemeralKeyPair":{"pubKey":"BaJb0ykkCmsH/no/cMVs/dwugpaGCZeXB/5JkD+1lcAR","privKey":"gF9xoBLkSQfbipVIp+zSh8uVTqBloZl2Ic0rp9d4E2Q="},"lastRemoteEphemeralKey":"BYErqFDYr56mhrwYk9SVf4v24PODYMiBlaZhjnU3ZpZp","previousCounter":0,"rootKey":"ITY7JMRicW/xyWntb9Uz/ay96QLhNa8M5ufZxdEZbGc="},"indexInfo":{"baseKey":"BaHkB8PWZ4HhppCFy3vZaEcCXoQ+Md+VT/f9ShUkK6gx","baseKeyType":1,"closed":-1,"used":1691325929370,"created":1691325929370,"remoteIdentityKey":"BQBSd/mWqCsNirp9hR2RZBKKv7Kchq/RPwi3g0nGr4s4"},"_chains":{"BaJb0ykkCmsH/no/cMVs/dwugpaGCZeXB/5JkD+1lcAR":{"chainKey":{"counter":1,"key":"Ly+UmhyrGI0CAJKYvQrdk1w6Z41e4ephAPHa0UPMnfg="},"chainType":1,"messageKeys":{}}},"pendingPreKey":{"signedKeyId":3,"baseKey":"BaHkB8PWZ4HhppCFy3vZaEcCXoQ+Md+VT/f9ShUkK6gx","preKeyId":10333818}}},"version":"v1"}