{"_sessions":{"BXVngb658k1VRPn6Ct3hYXh6c7GQ1LDYYZ4vQ14UtNw+":{"registrationId":2095783748,"currentRatchet":{"ephemeralKeyPair":{"pubKey":"BWlZxYCIv2KNWYux51q7BTmQZGaTjZCDG0ano2cUV3lm","privKey":"mBGt+uKdHlQ1t3HUEKRfdAkr211vy51wLI+oWgO3vnI="},"lastRemoteEphemeralKey":"BfxSauNG7qjr3fRhS3FxeMX2J6v2rvN/FvyyVuB09Oti","previousCounter":0,"rootKey":"ZxWR6We4JcR/R8efV+juIIOVAPZ2egd60B48VsBPDtY="},"indexInfo":{"baseKey":"BXVngb658k1VRPn6Ct3hYXh6c7GQ1LDYYZ4vQ14UtNw+","baseKeyType":1,"closed":-1,"used":1691326024446,"created":1691326024446,"remoteIdentityKey":"BQEcEbBDqgYTnx/jLmtEMNiiwZVke/4NQItXhuAQZjcL"},"_chains":{"BWlZxYCIv2KNWYux51q7BTmQZGaTjZCDG0ano2cUV3lm":{"chainKey":{"counter":0,"key":"/ZjzkwGPy+gPFv6pYh+/+hBDtqD3ERTuRgB7hdxx/Qc="},"chainType":1,"messageKeys":{}}},"pendingPreKey":{"signedKeyId":0,"baseKey":"BXVngb658k1VRPn6Ct3hYXh6c7GQ1LDYYZ4vQ14UtNw+"}}},"version":"v1"}