{"_sessions":{"BRhWxlmvzWphYqN3PGFvY5J8h3aUdO4DTN0e7WZ3cdxY":{"registrationId":136078740,"currentRatchet":{"ephemeralKeyPair":{"pubKey":"BVO2R/u52H8XeNXMtu0z1oUhViW4JOM1vU+qM/HMijdu","privKey":"yNb6WhVseEoio9ZY7BsHXFIpAyYuK4Ij2acq40074W8="},"lastRemoteEphemeralKey":"Begphw1XeXg47lgf1lQa7Z1sJuULh3Pyj7T0jbPnqxMY","previousCounter":0,"rootKey":"p+9b9ogzInM+ZfUeGPNF+4GdzBXunsHszb/YfxiiIEM="},"indexInfo":{"baseKey":"BRhWxlmvzWphYqN3PGFvY5J8h3aUdO4DTN0e7WZ3cdxY","baseKeyType":1,"closed":-1,"used":1691326024937,"created":1691326024937,"remoteIdentityKey":"BfCnxFTdomnoW38TZYuuVAKQ93fbIy+hbsjcIOU+EbY+"},"_chains":{"BVO2R/u52H8XeNXMtu0z1oUhViW4JOM1vU+qM/HMijdu":{"chainKey":{"counter":0,"key":"Pblx2JHc55QxbMZkv3Iw5rRycYNz5SSgu9Bc2hqhToc="},"chainType":1,"messageKeys":{}}},"pendingPreKey":{"signedKeyId":4,"baseKey":"BRhWxlmvzWphYqN3PGFvY5J8h3aUdO4DTN0e7WZ3cdxY"}}},"version":"v1"}