{"_sessions":{"BS0YbX9OjdO9+sO7vJH5ck8jR47N7RUH7rOYPIIsAQMr":{"registrationId":1514854906,"currentRatchet":{"ephemeralKeyPair":{"pubKey":"BeS+oIw/6kol2+5nUW7GsdJxAUL/O0qKhZzfTYuI1t4t","privKey":"sErtn15Q8zxMi4MD/LnIyl3ZGNS+DG6+snuzZFc1W00="},"lastRemoteEphemeralKey":"BSbLo1RnR66gJV2IutnZwRKOvZYJgOb+hfuRHBFDXjc3","previousCounter":0,"rootKey":"nVe+gXcmnckCOYst4KSyWwRVN97eQYiGyiLsYzkdOGE="},"indexInfo":{"baseKey":"BS0YbX9OjdO9+sO7vJH5ck8jR47N7RUH7rOYPIIsAQMr","baseKeyType":1,"closed":-1,"used":1691326021237,"created":1691326021237,"remoteIdentityKey":"BWiSGjkKd2lAlAfcgbFOO2JFFBQFn4gM1nc6AVSpKCR3"},"_chains":{"BeS+oIw/6kol2+5nUW7GsdJxAUL/O0qKhZzfTYuI1t4t":{"chainKey":{"counter":0,"key":"ZnzrSqMjcgERHYKlWXfPUBGa7yIVGp+VEgrsisn7Wbg="},"chainType":1,"messageKeys":{}}},"pendingPreKey":{"signedKeyId":0,"baseKey":"BS0YbX9OjdO9+sO7vJH5ck8jR47N7RUH7rOYPIIsAQMr"}}},"version":"v1"}