{"_sessions":{"BZXqJCO06h7wsGoZo08DrM3hdWb98G+cbJNNfkOdmDUR":{"registrationId":100676006,"currentRatchet":{"ephemeralKeyPair":{"pubKey":"Ba9v6cP9Qftfap4/DGi8ym8DOs97tclEiu6TT9ezNB93","privKey":"eId/mwy8N+vqVOp6DnwZDcYWJPEj+oyb6m75KYUWw3o="},"lastRemoteEphemeralKey":"BePztr5YaUgHJQ6TJm2GqLBlVZRYMCq8Kjc6Cn5XSGM3","previousCounter":0,"rootKey":"1qxOAmhGq1Bw5ix3Cu+wF9YEUkLmE6anPLKhZMYR6Ms="},"indexInfo":{"baseKey":"BZXqJCO06h7wsGoZo08DrM3hdWb98G+cbJNNfkOdmDUR","baseKeyType":1,"closed":-1,"used":1691325929241,"created":1691325929241,"remoteIdentityKey":"BT8x8FDc8lqrP8f523J5XinJZDM8D4/QIQoID4D8G7g6"},"_chains":{"Ba9v6cP9Qftfap4/DGi8ym8DOs97tclEiu6TT9ezNB93":{"chainKey":{"counter":1,"key":"U3t0tYtVC8Q+ert7ilPf4O+E2GSKkZh6JN9/lfcbT8c="},"chainType":1,"messageKeys":{}}},"pendingPreKey":{"signedKeyId":9,"baseKey":"BZXqJCO06h7wsGoZo08DrM3hdWb98G+cbJNNfkOdmDUR","preKeyId":12073039}}},"version":"v1"}