{"_sessions":{"BeOBlAGsR3TwhfibNOpzZuy/r3R85HbE9okz8xRwcGsg":{"registrationId":819564298,"currentRatchet":{"ephemeralKeyPair":{"pubKey":"Bfeta9vK9cxTQ0uWYAMUJ731j6RHjVmYQP4bLQ+JFlUW","privKey":"eBgWmV9EisCrkO5IcDWYW8y2A8KZNOcK/8DCUWDEKXI="},"lastRemoteEphemeralKey":"BaKgd0NiqT/V4x/hd5Jt+WWbHL8M7uOp6ysqzcfFBFwE","previousCounter":0,"rootKey":"umNoMR0pMWIeJQnrEmc9VLhY2eY+APrjMVFRp09J/KE="},"indexInfo":{"baseKey":"BeOBlAGsR3TwhfibNOpzZuy/r3R85HbE9okz8xRwcGsg","baseKeyType":1,"closed":-1,"used":1691326023552,"created":1691326023552,"remoteIdentityKey":"Bdi2xHMlK47W2Pnra5yvJZmZWZji0qVlQbZ90ux+3+No"},"_chains":{"Bfeta9vK9cxTQ0uWYAMUJ731j6RHjVmYQP4bLQ+JFlUW":{"chainKey":{"counter":0,"key":"l23dEFag1QDVew/NLsdTI5hdAqPDTgmWNuM8uMfyrHs="},"chainType":1,"messageKeys":{}}},"pendingPreKey":{"signedKeyId":0,"baseKey":"BeOBlAGsR3TwhfibNOpzZuy/r3R85HbE9okz8xRwcGsg"}}},"version":"v1"}