{"_sessions":{"BfYZHtph9GZ1BnN5xVcFsUi8dp2Qx6RG4lzDe6tXsy4g":{"registrationId":1197289020,"currentRatchet":{"ephemeralKeyPair":{"pubKey":"BYf2VHBDf7xjfSg6oMpf7nIvufxKNNO23Nj17pDijtQ/","privKey":"ADuFdjIQDmSUxmyWahAny63OtXcXfXAcj2g0h3AFb00="},"lastRemoteEphemeralKey":"BT2chZCGSDhRB7yDE40hnf96lVqQO3FAB2VlRpxqh8Jb","previousCounter":0,"rootKey":"H1kM1b6TKgeOeutiHQENC7IlCVGCe/CdVzeOU/xA5r4="},"indexInfo":{"baseKey":"BfYZHtph9GZ1BnN5xVcFsUi8dp2Qx6RG4lzDe6tXsy4g","baseKeyType":1,"closed":-1,"used":1691326019661,"created":1691326019661,"remoteIdentityKey":"BdKZwQFSfjoUQtMnjTCxY6NZkQbxlZ3QVWBTFy1gwTgs"},"_chains":{"BYf2VHBDf7xjfSg6oMpf7nIvufxKNNO23Nj17pDijtQ/":{"chainKey":{"counter":0,"key":"2KTrUyldvl/mMnECXPw03kwKPHra+/Sx6XFnhfBSWDY="},"chainType":1,"messageKeys":{}}},"pendingPreKey":{"signedKeyId":0,"baseKey":"BfYZHtph9GZ1BnN5xVcFsUi8dp2Qx6RG4lzDe6tXsy4g","preKeyId":13122021}}},"version":"v1"}