{"_sessions":{"BUgouu3WBf84EgeLOF1jKuF1ROhyupAk3DluPPqXWUQx":{"registrationId":525354173,"currentRatchet":{"ephemeralKeyPair":{"pubKey":"BZH6mFZt2778cwxZwsAXoxYDB63zTUngE4BCT0UPDZ8v","privKey":"4O9fCQTYmnXB/MTz6kUJwItUdYJQi0X3t+DX3UV9fXo="},"lastRemoteEphemeralKey":"Ba8h0O5bXjboc0BC70ziQGOYVStvDALKR6ZX4o3UXnov","previousCounter":0,"rootKey":"QrUdunxCl81kT6F4ANjlFIFFLUw0p3oSRvqIOt4XqKA="},"indexInfo":{"baseKey":"BUgouu3WBf84EgeLOF1jKuF1ROhyupAk3DluPPqXWUQx","baseKeyType":1,"closed":-1,"used":1691326020928,"created":1691326020928,"remoteIdentityKey":"BXZbFOy/7z04h4Q7/ZP/rTVz3d6lqixRJR5lurqwriBd"},"_chains":{"BZH6mFZt2778cwxZwsAXoxYDB63zTUngE4BCT0UPDZ8v":{"chainKey":{"counter":0,"key":"kBAqor4U3k/LRnZ4HRrUsQ8k0P0XcsoC8PPTYEXbFXc="},"chainType":1,"messageKeys":{}}},"pendingPreKey":{"signedKeyId":0,"baseKey":"BUgouu3WBf84EgeLOF1jKuF1ROhyupAk3DluPPqXWUQx"}}},"version":"v1"}