{"_sessions":{"BUlMOe6s/gzT8far1eGqnk50SSwnS/zHJmsbUniFlIlp":{"registrationId":30,"currentRatchet":{"ephemeralKeyPair":{"pubKey":"BV7YZ8gRNs3g+RKzoP7aFljCMKsd4s+rSXLsIFFw9pRh","privKey":"qKm0GKBqn7HvgxJdlYu68vJE3XXAg1YY9vPuQmQxzGs="},"lastRemoteEphemeralKey":"BaQ0oKML77pSP/gGkb1KxIMwu2jlIJaOPeozwQPcUExg","previousCounter":0,"rootKey":"MB5w7tsb+VIAeXLLLLICdlgP75hCMsuiEKu+PBjc36Q="},"indexInfo":{"baseKey":"BUlMOe6s/gzT8far1eGqnk50SSwnS/zHJmsbUniFlIlp","baseKeyType":1,"closed":-1,"used":1691325928443,"created":1691325928443,"remoteIdentityKey":"BcTWLeC4eHn05aBIkGQhzX3SlGk9jQMGQnxGHJYFWcNN"},"_chains":{"BV7YZ8gRNs3g+RKzoP7aFljCMKsd4s+rSXLsIFFw9pRh":{"chainKey":{"counter":1,"key":"FCWozBJMR5O50a1EvB4pS7WoMEjrDDyqajbcYwG20rE="},"chainType":1,"messageKeys":{}}},"pendingPreKey":{"signedKeyId":1,"baseKey":"BUlMOe6s/gzT8far1eGqnk50SSwnS/zHJmsbUniFlIlp"}}},"version":"v1"}